<?xml version="1.0" encoding="UTF-8" ?>
<!DOCTYPE mapper PUBLIC "-//mybatis.org//DTD Mapper 3.0//EN" "http://mybatis.org/dtd/mybatis-3-mapper.dtd" >
<mapper namespace="deliverables">
	

	<select id="getDeliverables" resultType="java.util.Map" parameterType="java.util.Map">
           SELECT 
                count(temp.id) num,
                count(temp3.id) unreview_end,
                count(temp4.id) review_end
           FROM 
                (SELECT * 
                  FROM projects 
                 WHERE id = #{projectId}) pj
      LEFT JOIN 
                (SELECT i.id,
                        i.project_id 
                   FROM (SELECT * 
                           FROM issues
                   		  WHERE tracker_id = 46
                   		    AND project_id = #{projectId}
                   		  <if test="authorId != null">
		                    AND assigned_to_id = #{authorId}
		                 </if>
		                 <if test="versionId != null">
		                    AND fixed_version_id = #{versionId}
		                 </if>
                      ) i
               <if test="systemId != null">
             INNER JOIN custom_values cv
                     ON i.id = cv.customized_id
                    AND cv.custom_field_id = 2158
                    AND cv.value = #{systemId} 
               </if>
               <if test="documentId != null">
             INNER JOIN custom_values cv5
              		 ON i.id = cv5.customized_id
             		AND cv5.custom_field_id = 2156
                    AND i.id =  #{documentId}
                </if>
                )iss
             ON iss.project_id = pj.id    
	  LEFT JOIN (select * from issues where tracker_id = 46 AND project_id = #{projectId}) temp
	         ON  temp.id = iss.id
	  LEFT JOIN (select * from issues where status_id &lt;&gt; 3 AND tracker_id = 46 AND project_id = #{projectId}) temp3
	         ON  temp3.id = iss.id 
	  LEFT JOIN (select * from issues where status_id = 3 AND tracker_id = 46 AND project_id = #{projectId}) temp4
	         ON  temp4.id = iss.id
	</select>
	
	<select id="getDeliverablesList" resultType="java.util.Map" parameterType="java.util.Map">
		SELECT *, 
			CASE WHEN end_date = '' OR end_date IS NULL THEN 
				CASE WHEN done_ratio IS NULL OR done_ratio = 0 THEN ''
				WHEN end_date02 > 0 THEN ABS(end_date02) || '日遅延見込'
				WHEN 0 > end_date02 THEN ABS(end_date02) || '日前倒見込'
				ELSE '予定通り' END
			ELSE TO_CHAR(to_date(end_date, 'YYYY/MM/DD'), 'MM/DD') END AS end_date9,
			CASE WHEN end_date = '' OR end_date IS NULL THEN 
				CASE WHEN done_ratio IS NULL OR done_ratio = 0 THEN ''
				WHEN end_date02 > 0 AND ABS(end_date02) * 100.0 / func_get_days_estimated_holiday(to_date(start_date1, 'YYYY/MM/DD'),to_date(due_date1, 'YYYY/MM/DD'),null,null) > 20 THEN 'R'
				WHEN end_date02 > 0 AND 20 >= ABS(end_date02) * 100.0 / func_get_days_estimated_holiday(to_date(start_date1, 'YYYY/MM/DD'),to_date(due_date1, 'YYYY/MM/DD'),null,null) THEN 'Y'
				WHEN 0 > end_date02 THEN 'B'
				ELSE 'B' END
			ELSE 'B' END AS deliverQuality,
			CASE WHEN quality in ('基本設計', '試験計画書')
			     THEN CASE WHEN review_density >= ROUND((0.23+0.87)/2-(0.23+0.87)/2*0.3,2) AND ROUND((0.23+0.87)/2*0.3+(0.23+0.87)/2,2) >= review_density 
				       THEN 'B'
				       WHEN ROUND((0.23+0.87)/2-(0.23+0.87)/2*0.6,2) > review_density OR review_density > ROUND((0.23+0.87)/2*0.6+(0.23+0.87)/2,2)
				       THEN 'R'
				       ELSE 'Y' END
			     WHEN quality in ('詳細設計', '試験仕様書')
			     THEN CASE WHEN review_density >= ROUND(1.50-1.50*0.3,2) AND ROUND(1.50*0.3+1.50,2) >= review_density 
				       THEN 'B'
				       WHEN ROUND(1.50-1.50*0.6,2) > review_density OR review_density > ROUND(1.50*0.6+1.50,2)
				       THEN 'R'
				       ELSE 'Y' END
			     WHEN quality = '要件定義'
			     THEN CASE WHEN review_density >= ROUND(((0.23+0.87)/2*0.5)-(0.23+0.87)/2*0.3,2) AND ROUND((0.23+0.87)/2*0.3+((0.23+0.87)/2*0.5),2) >= review_density 
				       THEN 'B'
				       WHEN ROUND(((0.23+0.87)/2*0.5)-((0.23+0.87)/2*0.5)*0.6,2) > review_density OR review_density > ROUND(((0.23+0.87)/2*0.5)*0.6+((0.23+0.87)/2*0.5),2)
				       THEN 'R'
				       ELSE 'Y' END
			      END density_quality,
			CASE WHEN quality in ('基本設計', '試験計画書')
			     THEN CASE WHEN review_efficiency IS NULL OR (review_efficiency >= ROUND((0.20+0.15)/2-(0.20+0.15)/2*0.3,2)  AND ROUND((0.20+0.15)/2*0.3+(0.20+0.15)/2,2) >= review_efficiency) 
				       THEN 'B'
				       WHEN ROUND((0.20+0.15)/2-(0.20+0.15)/2*0.6,2) > review_efficiency OR review_efficiency > ROUND((0.20+0.15)/2*0.6+(0.20+0.15)/2,2)
				       THEN 'R'
				       ELSE 'Y' END
			     WHEN quality in ('詳細設計', '試験仕様書')
			     THEN CASE WHEN review_efficiency IS NULL OR (review_efficiency >= ROUND(0.10-0.10*0.3,2) AND ROUND(0.10*0.3+0.10,2) >= review_efficiency)
				       THEN 'B'
				       WHEN ROUND(0.10-0.10*0.6,2) > review_efficiency OR review_efficiency > ROUND(0.10*0.6+0.10,2)
				       THEN 'R'
				       ELSE 'Y' END
			     WHEN quality = '要件定義'
			     THEN CASE WHEN review_efficiency IS NULL OR (review_efficiency >= ROUND(((0.20+0.15)/2*0.5)-((0.20+0.15)/2*0.5)*0.3,2) AND ROUND(((0.20+0.15)/2*0.5)*0.3+((0.20+0.15)/2*0.5),2) >= review_efficiency) 
				       THEN 'B'
				       WHEN ROUND(((0.20+0.15)/2*0.5)-((0.20+0.15)/2*0.5)*0.6,2) > review_efficiency OR review_efficiency > ROUND(((0.20+0.15)/2*0.5)*0.6+((0.20+0.15)/2*0.5),2)
				       THEN 'R'
				       ELSE 'Y' END
			      END efficiency_quality
		FROM (
          SELECT
                i.id issue_id,
                i.project_id,
                i.status_id,
                i.done_ratio || '%' done_ratio1,
                i.done_ratio,
                estimated_hours,
                i.subject,
                TRUNC((ROUND(CASE WHEN (now()::date-1 - i.due_date > 0) THEN 100 
								  ELSE 100 / func_get_days_estimated_diff(i.start_date,i.due_date) * func_get_days_estimated_diff(i.start_date, now()::date - 1) 
								   END) - i.done_ratio) * i.estimated_hours/100) delay_hours,
				ROUND(CASE WHEN (now()::date-1 - i.due_date > 0) THEN 100 
						   ELSE 100 / func_get_days_estimated_diff(i.start_date,i.due_date) * func_get_days_estimated_diff(i.start_date, now()::date - 1) 
						    END ) - i.done_ratio delay_ratio,
				ROUND(CASE WHEN (now()::date-1 - i.due_date > 0) THEN 100 
                		   ELSE 100 / func_get_days_estimated_diff(i.start_date,i.due_date) * func_get_days_estimated_diff(i.start_date, now()::date - 1) 
                		    END ) || '%' plan_progress,
                CASE WHEN i.done_ratio != 100 
                	 THEN func_get_days_estimated_diff(i.start_date, ct.filecreate_date::date - 1) - TRUNC(func_get_days_estimated_diff(i.start_date,i.due_date) * 0.2)
                	 ELSE 0 END plan_days,
                i.assigned_to_id,
				CASE WHEN i.done_ratio IS NOT NULL AND i.done_ratio != 0 AND ct.filecreate_date IS NOT NULL THEN
					trunc(func_get_days_estimated_diff(i.due_date, now()::date - 1) + (100-i.done_ratio) / (i.done_ratio / func_get_days_estimated_diff(filecreate_date::date, now()::date - 1)))
				ELSE 0 END AS end_date02,
                TO_CHAR(i.start_date,'yyyy-MM-DD') start_date1,
                TO_CHAR(i.due_date,'yyyy-MM-DD') due_date1,
                us.lastname || ' ' || us.firstname username,
                TO_CHAR(i.start_date, 'MM/DD') AS start_date,
                TO_CHAR(i.due_date, 'MM/DD') AS due_date,
                CASE WHEN  ct.pages != 0  then  ct.pages else '0' end pages,
                TO_CHAR(ct.filecreate_date, 'MM/DD') AS create_date,
                TO_CHAR(ct.filecreate_date,'yyyy-MM-DD') filecreate_date,
                CASE WHEN cf.comment_count != 0  then cf.comment_count else '0' end comment_count,
                CAST(TRUNC(rt.seconds/3600)as integer)||'h '||
				MOD(CAST(TRUNC(rt.seconds/60)as integer),60)||'min' review_date,
				rt.hours hours,
                cv2.value end_date,
                cv3.value quality,
                ct.name filename,
                CASE WHEN pages!=0 
                	 THEN ROUND(cast(rt.hours/pages as numeric),2) END review_efficiency,
                CASE WHEN pages!=0 
                	 THEN ROUND((CASE WHEN temp.count != 0  THEN temp.count ELSE '0' END +
                      CASE WHEN temp1.count != 0  THEN temp1.count ELSE '0' END + 
                      CASE WHEN temp2.count != 0  THEN temp2.count ELSE '0' END )*1.0/pages,2) END review_density,
                CAST((CASE WHEN temp.count != 0  THEN temp.count ELSE '0' END +
                      CASE WHEN temp1.count != 0  THEN temp1.count ELSE '0' END + 
                      CASE WHEN temp2.count != 0  THEN temp2.count ELSE '0' END  ) as integer) total
            FROM 
                 issues i
      INNER JOIN custom_values cv3 
              ON i.id = cv3.customized_id
             AND cv3.custom_field_id = 2155
             AND i.tracker_id = 46
             AND i.project_id = #{projectId}
             --AND status_id IN(1,3,31,32)
             <if test="versionId != null">
                AND i.fixed_version_id = #{versionId}
             </if>
             <if test="documentId != null">
                AND i.id =  #{documentId} 
             </if>
             <if test="authorId != null">
                AND i.assigned_to_id = #{authorId}
             </if>
        <if test="systemId != null">
       INNER JOIN custom_values cv4 
              ON i.id = cv4.customized_id
             AND cv4.custom_field_id = 2158 
             AND cv4.value = #{systemId}
        </if>
       LEFT JOIN users us
              ON i.assigned_to_id  = us.id
      LEFT JOIN (SELECT SUM(extract('epoch' from end_date - start_date)) seconds,
      					TRUNC(cast(SUM(date_part('epoch',end_date - start_date)/3600) as numeric),2) hours,
				        issue_id
		   		   FROM review_time 
		  	   GROUP BY issue_id ) rt
      	     ON rt.issue_id = i.id
      LEFT JOIN ( SELECT lf.issue_id,
                         lf.name,
                         lf.total_page pages,
                         lf.filecreate_date,
                         f.check_num
                    FROM lint_files lf
               LEFT JOIN ( SELECT f.issue_id,
                                  CAST(COUNT(cr.id) as integer) check_num
				                 FROM 
				                  lint_files f
				            LEFT JOIN lint_check_results cr
				                   ON cr.file_id = f.id
				                  AND cr.file_id in (SELECT MAX(id) FROM lint_files GROUP BY issue_id)
				             GROUP BY f.issue_id) f
             ON f.issue_id = lf.issue_id
          WHERE lf.id IN (SELECT MAX(id) FROM lint_files GROUP BY issue_id)) ct
         ON i.id = ct.issue_id
      LEFT JOIN ( SELECT MAX(cf.review_count),
                         cf.issue_id,
                         cf.name,
                         cf.comment_count,
                         cf.review_start_date,
                         cf.review_end_date,
                         MAX(cf.id) id
                    FROM 
                         issues i
              INNER JOIN comment_files cf
                      ON i.id = cf.issue_id
                     AND cf.id in (SELECT MAX(id) from comment_files group by issue_id)
                GROUP BY cf.issue_id,cf.name,cf.comment_count,cf.review_start_date,cf.review_end_date) cf
              ON i.id = cf.issue_id
       LEFT JOIN (SELECT count(cdd.file_id) count,
                         cdd.file_id 
                    FROM comment_files cf
              INNER JOIN comment_doc_datas cdd
                      ON cf.id = cdd.file_id 
                WHERE cdd.parent_idx IS NULL
                GROUP BY cdd.file_id) temp
              ON cf.id = temp.file_id 
       LEFT JOIN (SELECT count(ced.file_id) count,
                         ced.file_id 
                    FROM comment_files cf
              INNER JOIN comment_excel_datas ced
                      ON cf.id = ced.file_id 
                GROUP BY ced.file_id) temp1
              ON cf.id = temp1.file_id 
       LEFT JOIN (SELECT count(cpd.file_id) count,
                         cpd.file_id 
                    FROM comment_files cf
              INNER JOIN comment_ppt_datas cpd
                      ON cf.id = cpd.file_id 
                WHERE cpd.parent_idx IS NULL
                GROUP BY cpd.file_id) temp2
              ON cf.id = temp2.file_id 
       LEFT JOIN custom_values cv2 
              ON i.id = cv2.customized_id
             AND cv2.custom_field_id = 64
             ORDER BY root_seq,lft
    ) m
    </select>
       
    <select id="getSystemList" resultType="java.util.Map" parameterType="java.util.Map">
        <![CDATA[
           SELECT id,
                  name 
             FROM target_systems 
            WHERE project_id = #{projectId}  
        ]]>
    </select>
    
    <select id="getVersionList" resultType="java.util.Map" parameterType="java.util.Map">
        <![CDATA[
           SELECT id,
                  name 
             FROM versions 
            WHERE project_id = #{projectId}  
        ]]>
    </select>
    
    <select id="getAuthorList" resultType="java.util.Map" parameterType="java.util.Map">
        <![CDATA[
           SELECT m.user_id userId,
                  us.lastname || ' ' || us.firstname username
             FROM members  m
       INNER JOIN users us 
               ON m.user_id = us.id
            WHERE project_id = #{projectId} 
        ]]>
    </select>
    
    <select id="getDocumentList" resultType="java.util.Map" parameterType="java.util.Map">
           SELECT i.id,
                  cv1.id id1,
                  <if test="systemId != null">
                  cv1.value systemId,
                  </if>
                  <if test="authorId != null">
                  i.assigned_to_id authorId,
                  </if>
                  <if test="versionId != null">
                  i.fixed_version_id versionId,
                  </if>
                  lf.name filename
             FROM issues i
       INNER JOIN custom_values cv1
               ON i.id = cv1.customized_id
       INNER JOIN (SELECT issue_id,
					name
				FROM lint_files
				WHERE id IN (SELECT MAX(id) FROM lint_files GROUP BY issue_id)) lf
				ON i.id = lf.issue_id
            WHERE i.project_id = #{projectId}
              AND cv1.custom_field_id = 2158
              AND i.tracker_id = 46
              --AND i.status_id IN (1,3,31,32)
          <if test="systemId != null">
                AND cv1.value = #{systemId}
          </if>
          <if test="versionId != null">
                AND i.fixed_version_id = #{versionId}
          </if>
           <if test="authorId != null">
             AND i.assigned_to_id = #{authorId}
          </if>
    </select>
    
    <select id="getCheckCount" resultType="java.util.Map" parameterType="java.util.Map">
	      SELECT cr.error_info,
	             MAX(9) AS comment_status,
	             ed.text AS text
	        FROM 
	             lint_files f,
	             lint_excel_datas ed,
	             lint_check_results cr
	       WHERE f.id =  ed.file_id
	         AND f.id =  cr.file_id
	         AND ed.id = cr.excel_data_id
	         AND cr.file_id in (SELECT MAX(lf.id) AS file_id
	                              FROM lint_files lf
	                             WHERE lf.issue_id = #{issue_id}
	                          GROUP BY issue_id)
	    GROUP BY error_info,text
	
	   UNION ALL
	    
	      SELECT cr.error_info,
	             MAX(9) AS comment_status,
	             pd.text AS text
	        FROM lint_files f,
	             lint_ppt_datas pd,
	             lint_check_results cr
	       WHERE f.id =  pd.file_id
	         AND f.id =  cr.file_id
	         AND pd.id = cr.ppt_data_id
	         AND cr.file_id in (SELECT MAX(lf.id) AS file_id
                                  FROM lint_files lf
                                 WHERE lf.issue_id = #{issue_id}
                              GROUP BY issue_id)
	    GROUP BY error_info,text
	
	    UNION ALL
	    
	      SELECT cr.error_info,
	             MAX(9) AS comment_status,
	             dd.text AS text
	        FROM lint_files f,
	             lint_doc_datas dd,
	             lint_check_results cr
	        WHERE f.id =  dd.file_id
	          AND f.id =  cr.file_id
	          AND dd.id = cr.doc_data_id
	          AND dd.para_num IS NOT NULL
	          AND dd.table_num IS NULL
	          AND cr.file_id in (SELECT MAX(lf.id) AS file_id
                                  FROM lint_files lf
                                 WHERE lf.issue_id = #{issue_id}
                              GROUP BY issue_id)
	     GROUP BY error_info,text
	          
	    UNION ALL
	    
	      SELECT cr.error_info,
	             MAX(9) AS comment_status,
	             dd.text AS text
	        FROM lint_files f,
	             lint_doc_datas dd,
	             lint_check_results cr
	       WHERE f.id =  dd.file_id
	         AND f.id =  cr.file_id
	         AND dd.id = cr.doc_data_id
	         AND dd.para_num IS NULL
	         AND dd.table_num IS NOT NULL
	         AND cr.file_id in (SELECT MAX(lf.id) AS file_id
                                  FROM lint_files lf
                                 WHERE lf.issue_id = #{issue_id}
                              GROUP BY issue_id)
	    GROUP BY error_info,text
	    
	    	    UNION ALL
	    
	      SELECT cr.error_info,
	             MAX(9) AS comment_status,
	             md.text AS text
	        FROM lint_files f,
	             lint_markdown_datas md,
	             lint_check_results cr
	       WHERE f.id =  md.file_id
	         AND f.id =  cr.file_id
	         AND md.id = cr.doc_data_id
	         AND cr.file_id in (SELECT MAX(lf.id) AS file_id
                                  FROM lint_files lf
                                 WHERE lf.issue_id = #{issue_id}
                              GROUP BY issue_id)
	    GROUP BY error_info,text
    </select>
    
    <select id="getHoursByDay" resultType="java.util.Map" parameterType="java.util.Map">
        <![CDATA[
				
		SELECT CASE WHEN temp.hours IS NULL 
			  		THEN estimated_hours/func_get_days_estimated(vt.start_date,vt.due_date, null,null) 
			  		ELSE (temp.hours + estimated_hours)/func_get_days_estimated(vt.start_date,vt.due_date, null,null) END hours 
			  FROM v_ticket vt 
		 LEFT JOIN 
				 (SELECT SUM(CASE WHEN vt.start_date = test.start_date AND test.due_date = vt.due_date
						THEN vt.estimated_hours
						WHEN test.start_date > vt.start_date and vt.due_date >= test.due_date
						THEN vt.estimated_hours/func_get_days_estimated(vt.start_date,vt.due_date, null,null)* func_get_days_estimated(test.start_date,test.due_date, null,null)
				        WHEN test.start_date < vt.start_date and vt.due_date >= test.due_date
				        THEN vt.estimated_hours/func_get_days_estimated(vt.start_date,vt.due_date, null,null)* func_get_days_estimated(vt.start_date,test.due_date, null,null)
				        WHEN test.start_date < vt.start_date and vt.due_date < test.due_date
				        THEN vt.estimated_hours/func_get_days_estimated(vt.start_date,vt.due_date, null,null)* func_get_days_estimated(vt.start_date,vt.due_date, null,null)
				        WHEN test.start_date >= vt.start_date and vt.due_date < test.due_date
				        THEN vt.estimated_hours/func_get_days_estimated(vt.start_date,vt.due_date, null,null)* func_get_days_estimated(test.start_date,vt.due_date, null,null) END) hours,
				        vt.project_id
				   FROM v_ticket vt
				LEFT JOIN (SELECT * FROM v_ticket where id = #{issue_id}) as test
				       ON vt.project_id = test.project_id
				LEFT JOIN custom_values cv2 
				       ON vt.id = cv2.customized_id
				      AND cv2.custom_field_id = 64
				WHERE vt.assigned_to_id = #{authorId}
				  AND vt.start_date <= #{due_date}
				  AND vt.due_date >= #{start_date}
				  AND vt.id  <> #{issue_id}
				  AND cv2.value = '' 
		    GROUP BY vt.project_id ) temp
			    ON vt.project_id = temp.project_id
			 WHERE id = #{issue_id}
        ]]>
    </select>
    
</mapper>