<?xml version="1.0" encoding="UTF-8" ?>
<!DOCTYPE mapper PUBLIC "-//mybatis.org//DTD Mapper 3.0//EN" "http://mybatis.org/dtd/mybatis-3-mapper.dtd" >
<mapper namespace="developProgress">

	<select id="getSourceScale" resultType="java.util.Map" parameterType="java.util.Map">
		SELECT 
			TO_CHAR(MIN(i.start_date), 'MM/DD') AS start_date1,
			TO_CHAR(MAX(i.due_date), 'MM/DD') AS end_date1,
			TO_CHAR(MIN(mss.change_date), 'MM/DD') AS start_date2,
			(CASE WHEN TO_CHAR(MAX(to_date(cv.value, 'yyyy-mm-dd')), 'YYYY/MM/DD') = '0001/01/01' THEN '' 
				ELSE TO_CHAR(MAX(to_date(cv.value, 'yyyy-mm-dd')), 'MM/DD') END ) AS end_date2,
			SUM(mss.add_source_lines2) AS add_line_sum,
			SUM(mss.change_source_lines2) AS mod_line_sum,
			SUM(mss.delete_source_lines2) AS del_line_sum,
			COUNT(distinct TO_CHAR(mss.change_date, 'YYYY/MM/DD')) AS days_sum,
			ROUND((SUM(mss.add_source_lines2) + SUM(mss.delete_source_lines2) + SUM(mss.change_source_lines2)) / COUNT(distinct TO_CHAR(mss.change_date, 'YYYY/MM/DD'))) AS efficiency_sum,
			'' AS divert_source_sum
		FROM 
			issues i
			LEFT JOIN 
			(
				SELECT DISTINCT project_id, repository, ticket_id, revision, file_name, 
					file_type, file_path, change_date,
					add_source_lines2, change_source_lines2, 
					delete_source_lines2
				FROM monitoring_source_scale
				WHERE 1 = 1
					<if test="projectId != null">
				 	AND project_id = #{projectId}
				 	</if>
			) mss ON mss.ticket_id = i.id
			LEFT JOIN custom_values cv ON mss.ticket_id = cv.customized_id AND cv.custom_field_id = 64
			<if test="systemId != null">
			INNER JOIN custom_values cv2 ON mss.ticket_id = cv2.customized_id AND cv2.value = #{systemId}
			</if>
		WHERE 
			i.tracker_id = 44
			<if test="projectId != null">
			AND mss.project_id = #{projectId}
			</if>
			<if test="documentId != null">
			AND mss.ticket_id = #{documentId}
			</if>
			<if test="versionId != null">
			AND i.fixed_version_id = #{versionId}
			</if>
			<if test="authorId != null">
			AND i.assigned_to_id = #{authorId}
			</if>
	</select>
	
	<select id="getSourceScaleList" resultType="java.util.Map" parameterType="java.util.Map">
		SELECT *, 
			CASE WHEN value = '' OR value IS NULL THEN 
				CASE WHEN done_ratio1 IS NULL OR done_ratio1 = 0 OR start_date2 = '' THEN ''
					WHEN end_date02 > 0 THEN ABS(end_date02) || '日遅延見込'
					WHEN 0 > end_date02 THEN ABS(end_date02) || '日前倒見込'
					ELSE '予定通り' END
				ELSE TO_CHAR(to_date(value, 'YYYY/MM/DD'), 'MM/DD') 
			END AS end_date2,
			CASE WHEN value = '' OR value IS NULL THEN 
				CASE WHEN done_ratio1 IS NULL OR done_ratio1 = 0 OR start_date2 = '' THEN ''
					WHEN end_date02 > 0 AND ABS(end_date02) * 100.0 / func_get_days_estimated_holiday(to_date(start_date0, 'YYYY/MM/DD'),to_date(due_date0, 'YYYY/MM/DD'),null,null) > 20 THEN 'R'
					WHEN end_date02 > 0 AND 20 >= ABS(end_date02) * 100.0 / func_get_days_estimated_holiday(to_date(start_date0, 'YYYY/MM/DD'),to_date(due_date0, 'YYYY/MM/DD'),null,null) THEN 'Y'
					WHEN 0 > end_date02 THEN 'B'
				ELSE 'B' END
			ELSE 'B' END AS progress
		FROM (
				SELECT 
					TO_CHAR(i.start_date, 'MM/DD') AS start_date1,
					TO_CHAR(i.due_date, 'MM/DD') AS end_date1,
					CASE WHEN mss.change_date IS NOT NULL THEN TO_CHAR(mss.change_date, 'MM/DD') ELSE '' END AS start_date2,
					cv.value AS value,
					CASE WHEN mss.change_date IS NOT NULL THEN TO_CHAR(mss.change_date, 'YYYY/MM/DD') ELSE '' END AS end_date0,
					i.estimated_hours,
					i.id ticket_id,
					assigned_to_id,
					TO_CHAR(i.start_date, 'YYYY-MM-DD') AS start_date0,
					TO_CHAR(i.due_date, 'YYYY-MM-DD') AS due_date0,
					CASE WHEN i.done_ratio IS NOT NULL AND i.done_ratio != 0 AND mss.change_date IS NOT NULL
						THEN
							trunc(func_get_days_estimated_diff(i.due_date, now()::date - 1) + (100-i.done_ratio) / (i.done_ratio / func_get_days_estimated_diff(mss.change_date::date, now()::date - 1)))
						ELSE 0 
					END AS end_date02,
					TRUNC(
						(ROUND(CASE WHEN (now()::date-1 - i.due_date > 0) THEN 100 
						ELSE 100 / func_get_days_estimated_diff(i.start_date,i.due_date) * func_get_days_estimated_diff(i.start_date, now()::date - 1) END
					) - i.done_ratio) * i.estimated_hours/100) AS delay_hours,
					ROUND(CASE WHEN (now()::date-1 - i.due_date > 0) 
						THEN 100 
							ELSE 100 / func_get_days_estimated_diff(i.start_date,i.due_date) * func_get_days_estimated_diff(i.start_date, now()::date - 1) 
							END ) - i.done_ratio delay_ratio,
					CASE WHEN i.done_ratio != 100 AND mss.change_date IS NOT NULL
						THEN func_get_days_estimated_diff(i.start_date, mss.change_date::date - 1) - TRUNC(func_get_days_estimated_diff(i.start_date,i.due_date) * 0.2)
						ELSE 0 END plan_days,
					u.lastname || ' ' || u.firstname AS username,
					i.subject AS subject,
					i.done_ratio || '%' AS done_ratio,
					i.done_ratio AS done_ratio1,
					CASE WHEN mss.change_date1 IS NOT NULL THEN
						TRUNC((mss.add_line + mss.del_line + mss.mod_line) / mss.change_date1)
						ELSE null
					END AS efficiency,
					'' AS divert_source,
					mss.add_line,
					mss.mod_line,
					mss.del_line,
					CASE WHEN temp.docount=0 AND temp.successcount =0 THEN 0 || '%'
						ELSE TRUNC(CAST(temp.successcount as numeric)/CAST(temp.docount as numeric)*100) || '%'
						END success_ratio,
					CASE WHEN TRUNC(temp.debt/3600/8) = 0 
						THEN
							TO_CHAR(MOD(CAST(TRUNC(temp.debt/3600)AS integer),8),'FM00' ) || 'h '||
							TO_CHAR(MOD(CAST(TRUNC(temp.debt/60)AS integer),60),'FM00') || 'min'
						ELSE
							TRUNC(temp.debt/3600/8) || 'd '|| 
							TO_CHAR(MOD(CAST(TRUNC(temp.debt/3600)AS integer),8),'FM00' ) || 'h '||
							TO_CHAR(MOD(CAST(TRUNC(temp.debt/60)AS integer),60),'FM00') || 'min' 
						END technical_debt,
					temp.*
				FROM 
					issues i
					LEFT JOIN (SELECT mss.ticket_id,SUM(mss.add_source_lines2) AS add_line,
						SUM(mss.change_source_lines2) AS mod_line,
						SUM(mss.delete_source_lines2) AS del_line,
						MIN(mss.change_date) change_date,
						COUNT(distinct TO_CHAR(mss.change_date, 'YYYY/MM/DD')) change_date1,
						TO_CHAR(MIN(mss.change_date), 'MM/DD') AS start_date2,
						TO_CHAR(MIN(mss.change_date), 'YYYY/MM/DD') AS end_date0  
					FROM (
						SELECT DISTINCT project_id, repository, ticket_id, revision, file_name, 
							file_type, file_path, change_date,
							add_source_lines2, change_source_lines2, 
							delete_source_lines2
						FROM monitoring_source_scale
						WHERE 1 = 1
						<if test="projectId != null">
					 	AND project_id = #{projectId}
					 	</if>
						) mss GROUP BY mss.ticket_id
					) mss ON mss.ticket_id = i.id
					LEFT JOIN users u ON u.id = i.assigned_to_id
					LEFT JOIN custom_values cv
						ON mss.ticket_id = cv.customized_id  AND cv.custom_field_id = 64
					<if test="systemId != null">
					INNER JOIN custom_values cv2
						ON mss.ticket_id = cv2.customized_id
						AND cv2.value = #{systemId}
					</if>
					LEFT JOIN (
						SELECT 
							SUM(temp.style_high_number) style_high_number,
							SUM(temp.style_normal_number) style_normal_number, 
							SUM(temp.style_low_number) style_low_number,
							SUM(temp.bugs_high_number) bugs_high_number, 
							SUM(temp.bugs_normal_number) bugs_normal_number,
							SUM(temp.bugs_low_number) bugs_low_number,
							SUM(temp.docount) docount, 
							SUM(temp.successcount) successcount,
							SUM(temp.steps) steps,
							SUM(temp.complexity) complexity,
							CASE WHEN SUM(temp.branch_covered) = 0 THEN 0
								ELSE ROUND(CAST(SUM(temp.branch_covered)as numeric)/CAST(SUM(temp.branch_total)as numeric)*100) END || '%' branchpercent,
							CASE WHEN SUM(temp.instruction_covered) = 0 THEN 0
								ELSE ROUND(CAST(SUM(temp.instruction_covered)as numeric)/CAST(SUM(temp.instruction_total)as numeric)*100) END || '%' instructionpercent,
							CASE WHEN SUM(temp.lines) = 0 THEN 0
								ELSE TRUNC(CAST(SUM(temp.duplicated_lines)as numeric)/CAST(SUM(temp.lines)as numeric)*100) END || '%' duplications,
							CAST(SUM(temp.technical_debt) as integer) debt,
							ticket_id
						FROM 
							(SELECT DISTINCT file_name,
								ticket_id,
								project_id,
								file_path 
							FROM (
								SELECT DISTINCT project_id, repository, ticket_id, revision, file_name, 
									file_type, file_path, change_date,
									add_source_lines2, change_source_lines2, 
									delete_source_lines2
								FROM monitoring_source_scale
								WHERE 1 = 1
									<if test="projectId != null">
								 	AND project_id = #{projectId}
								 	</if>
								) monitoring_source_scale
							GROUP BY ticket_id,file_name,project_id,file_path 
							) mss
							INNER JOIN 
								(SELECT dd.*,
									de.revision,
									de.project_id 
								FROM deploy_detail dd
								INNER JOIN deploy de ON dd.deploy_id = de.id
								) temp ON mss.project_id = temp.project_id
								AND mss.file_name = temp.file_name
								AND REPLACE(mss.file_path,'/','.') LIKE '%'|| temp.package_name
						GROUP BY ticket_id
					) temp
				ON temp.ticket_id = mss.ticket_id
			WHERE i.tracker_id = 44
			<if test="projectId != null">
				AND i.project_id = #{projectId}
			</if>
			<if test="authorId != null">
				AND i.assigned_to_id = #{authorId}
			</if>
			<if test="versionId != null">
				AND i.fixed_version_id = #{versionId}
			</if>
			<if test="documentId != null">
				AND i.id = #{documentId}
			</if>
		) m
	</select>
	
	<select id="getListByPOP" resultType="java.util.Map" parameterType="java.util.Map">
		SELECT tab2.*,
				CASE WHEN flg = 0 THEN
					CASE WHEN ac_progress IS NULL OR ac_progress = 0 OR change_date IS NULL THEN ''
							WHEN end_days > 0 THEN ABS(end_days) || '日遅延見込'
							WHEN 0 > end_days THEN ABS(end_days) || '日前倒見込'
							ELSE '予定通り' END
					ELSE TO_CHAR(to_date(end_date, 'YYYY/MM/DD'), 'MM/DD')
				END AS end_date2,
				
				CASE WHEN flg = 0 THEN 
					CASE WHEN ac_progress IS NULL OR ac_progress = 0 OR change_date IS NULL THEN ''
					WHEN end_days > 0 AND ABS(end_days) * 100.0 / func_get_days_estimated_holiday(to_date(start_date0, 'YYYY/MM/DD'),to_date(due_date0, 'YYYY/MM/DD'),null,null) > 20 THEN 'R'
					WHEN end_days > 0 AND 20 >= ABS(end_days) * 100.0 / func_get_days_estimated_holiday(to_date(start_date0, 'YYYY/MM/DD'),to_date(due_date0, 'YYYY/MM/DD'),null,null) THEN 'Y'
					WHEN 0 > end_days THEN 'B'
					ELSE 'B' END
				ELSE 'B' END AS progress
		FROM (
			SELECT 
				tab1.*,
				<if test="versionKey != null">
					ver.name version_name,
				</if>
				<if test="systemKey != null">
					ts.name system_name,
				</if>
				CASE WHEN tab1.plan_progress - tab1.ac_progress IS NULL THEN 0
				ELSE tab1.plan_progress - tab1.ac_progress END delay_ratio,
				CASE WHEN tab1.ac_progress IS NOT NULL AND tab1.ac_progress != 0 AND tab1.change_date IS NOT NULL 
					THEN
						TRUNC(func_get_days_estimated_diff(TO_DATE(tab1.due_date0,'YYYY/MM/DD'), now()::date - 1) + (100-tab1.ac_progress) / (tab1.ac_progress / func_get_days_estimated_diff(tab1.change_date::date, now()::date - 1)))
					ELSE 0 
				END AS end_days
			FROM (
				SELECT 
					SUM(delay_hours)delay_hours,
					SUM(plan_days) plan_days,
					CASE WHEN SUM(temp1.docount)=0 	AND SUM(temp1.successcount) =0 THEN 0 || '%'
						ELSE trunc(SUM(temp1.successcount)/SUM(temp1.docount)*100) || '%'
					END success_ratio,
					CASE WHEN TRUNC(sum(temp1.debt/3600/24)) = 0 
						THEN
							 TO_CHAR(MOD(CAST(TRUNC(SUM(temp1.debt/3600))AS integer),24),'FM00' ) || 'h '||
							 TO_CHAR(MOD(CAST(TRUNC(SUM(temp1.debt/60))AS integer),60),'FM00') || 'min'
						ELSE
							 TRUNC(SUM(temp1.debt/3600/24)) || 'd '|| 
							 TO_CHAR(MOD(CAST(TRUNC(SUM(temp1.debt/3600))AS integer),24),'FM00' ) || 'h '||
							 TO_CHAR(MOD(CAST(TRUNC(SUM(temp1.debt/60))AS integer),60),'FM00') || 'min' 
					 END technical_debt,
					SUM(temp1.style_high_number) style_high_number,
					SUM(temp1.style_normal_number) style_normal_number, 
					SUM(temp1.style_low_number) style_low_number,
					SUM(temp1.bugs_high_number) bugs_high_number, 
					SUM(temp1.bugs_normal_number) bugs_normal_number,
					SUM(temp1.bugs_low_number) bugs_low_number,
					SUM(temp1.docount) docount, 
					SUM(temp1.successcount) successcount,
					SUM(temp1.steps) steps,
					SUM(temp1.complexity) complexity,
					SUM(temp1.duplications) || '%' duplications,
					SUM(temp1.branchpercent) || '%' branchpercent,
					SUM(temp1.instructionpercent) || '%' instructionpercent,
					TO_CHAR(MIN(temp1.start_date),'MM/DD') AS start_date1,
					TO_CHAR(MAX(temp1.due_date), 'MM/DD')AS end_date1,
					TO_CHAR(MIN(temp1.start_date), 'YYYY-MM-DD') AS start_date0,
					TO_CHAR(MAX(temp1.due_date), 'YYYY-MM-DD') AS due_date0,
					TO_CHAR(MAX(temp1.due_date),'YYYY/MM/DD') due_date,
					MAX(temp1.end_date) end_date,
					MIN(temp1.flg) flg,
					SUM(temp1.estimated_hours) estimated_hours,
					SUM(temp1.mod_line) AS mod_line,
					SUM(temp1.add_line) AS add_line,
					SUM(temp1.del_line) AS del_line,
					SUM(temp1.efficiency) AS efficiency,
					CASE WHEN MIN(temp1.change_date) IS NOT NULL THEN
						MIN(temp1.change_date) 
						ELSE null
					END AS change_date,
					CASE WHEN MIN(temp1.start_date2) IS NOT NULL THEN TO_CHAR(MIN(temp1.start_date2), 'MM/DD') ELSE '' END AS start_date2,
					TO_CHAR(MIN(temp1.end_date0), 'YYYY/MM/DD') AS end_date0,
					<if test="userKey != null">
						temp1.assigned_to_id,temp1.username,
					</if>
					<if test="versionKey != null">
					 	temp1.fixed_version_id,
					</if>
					<if test="systemKey != null">
						CASE WHEN temp1.system_id = '' THEN NULL ELSE temp1.system_id END system_id,
					</if>
					ROUND(CAST(SUM(sum_hours)/SUM(estimated_hours)*100 as numeric)) ac_progress,
					ROUND(CAST(SUM(plan_sum_hours)/SUM(estimated_hours)*100 as numeric)) plan_progress
			FROM (
				SELECT 
					temp2.*,
					CASE WHEN temp2.end_date = '' OR temp2.end_date IS NULL THEN 0 ELSE 1 END flg
				FROM 
					(SELECT
						TRUNC((ROUND(CASE WHEN (now()::date-1 - i.due_date > 0)
							THEN 100
							ELSE 100 / func_get_days_estimated_diff(i.start_date,i.due_date) * func_get_days_estimated_diff(i.start_date, now()::date - 1)
							END) - i.done_ratio) * i.estimated_hours/100) AS delay_hours,
						CASE WHEN i.done_ratio != 100 AND mss.change_date IS NOT NULL
							 THEN func_get_days_estimated_diff(i.start_date, mss.change_date::date - 1) - TRUNC(func_get_days_estimated_diff(i.start_date,i.due_date) * 0.2)
							 ELSE 0 
						END plan_days,
						cv.value end_date,
						CASE WHEN i.done_ratio = 100 THEN NULL
							 ELSE i.estimated_hours*i.done_ratio/100 
						END sum_hours,
						CASE WHEN i.done_ratio = 100 THEN NULL
							 ELSE i.estimated_hours*(func_get_days_estimated_diff(now()::date-1,i.start_date)/func_get_days_estimated_diff(i.due_date,i.start_date)) 
							 END plan_sum_hours,
						i.done_ratio,
						i.due_date,
						CASE WHEN i.done_ratio = 100 THEN NULL ELSE i.estimated_hours END estimated_hours,
						i.start_date,
						mss.*,
						<if test="userKey != null">
							i.assigned_to_id,
							u.lastname || ' ' || u.firstname AS username,
						</if>
						<if test="versionKey != null">
						 	i.fixed_version_id,
						</if>
						<if test="systemKey != null">
							cv5.value system_id,
						</if>
						temp.*
					FROM 
						( SELECT * FROM issues i WHERE i.tracker_id = 44 AND project_id = #{projectId} ) i
						LEFT JOIN (
							SELECT mss.ticket_id,SUM(mss.add_source_lines2) AS add_line,
								SUM(mss.change_source_lines2) AS mod_line,
								SUM(mss.delete_source_lines2) AS del_line,
								MIN(mss.change_date) change_date,
								TRUNC((SUM(mss.add_source_lines2) + SUM(mss.delete_source_lines2) + SUM(mss.change_source_lines2)) 
								/COUNT(distinct TO_CHAR(mss.change_date, 'YYYY/MM/DD')) ) efficiency,
								COUNT(distinct TO_CHAR(mss.change_date, 'YYYY/MM/DD')) change_date1,
								MIN(mss.change_date) AS start_date2,
								MIN(mss.change_date) AS end_date0
							FROM (
							SELECT DISTINCT project_id, repository, ticket_id, revision, file_name, 
								file_type, file_path, change_date,
								add_source_lines2, change_source_lines2, 
								delete_source_lines2
							FROM monitoring_source_scale
							) mss GROUP BY mss.ticket_id
						) mss ON mss.ticket_id = i.id
						LEFT JOIN users u ON u.id = i.assigned_to_id
						<if test="authorId != null">
							AND i.assigned_to_id = #{authorId}
						</if>
						<if test="versionId != null">
							AND i.fixed_version_id = #{versionId}
						</if>
						<if test="documentId != null">
							AND i.id = #{documentId}
						</if>
						<if test="systemId != null">
						INNER JOIN custom_values cv2
							ON mss.ticket_id = cv2.customized_id
								AND cv2.value = #{systemId}
						</if>
						<if test="systemKey != null">
						LEFT JOIN custom_values cv5
							ON mss.ticket_id = cv5.customized_id
								AND cv5.custom_field_id = 2158
						</if>
						LEFT JOIN custom_values cv
							ON mss.ticket_id = cv.customized_id AND cv.custom_field_id = 64
						LEFT JOIN (
							SELECT 
								SUM(temp.style_high_number) style_high_number,
								SUM(temp.style_normal_number) style_normal_number, 
								SUM(temp.style_low_number) style_low_number,
								SUM(temp.bugs_high_number) bugs_high_number, 
								SUM(temp.bugs_normal_number) bugs_normal_number,
								SUM(temp.bugs_low_number) bugs_low_number,
								SUM(temp.docount) docount, 
								SUM(temp.successcount) successcount,
								SUM(temp.steps) steps,
								SUM(temp.complexity) complexity,
								CASE WHEN SUM(temp.branch_covered) = 0 THEN 0
									ELSE ROUND(CAST(SUM(temp.branch_covered)as numeric)/CAST(SUM(temp.branch_total)as numeric)*100) END branchpercent,
								CASE WHEN SUM(temp.instruction_covered) = 0 THEN 0
									ELSE ROUND(CAST(SUM(temp.instruction_covered)as numeric)/CAST(SUM(temp.instruction_total)as numeric)*100) END instructionpercent,
								CASE WHEN SUM(temp.lines) = 0 THEN 0
									ELSE TRUNC(CAST(SUM(temp.duplicated_lines)as numeric)/CAST(SUM(temp.lines)as numeric)*100) END duplications,
								CAST(SUM(temp.technical_debt) as integer) debt,
								ticket_id
			 				FROM (
			 					SELECT DISTINCT 
			 						file_name,
									ticket_id,
									project_id,
									file_path 
								FROM (
									SELECT DISTINCT project_id, repository, ticket_id, revision, file_name, 
										file_type, file_path, change_date,
										add_source_lines2, change_source_lines2, 
										delete_source_lines2
									FROM monitoring_source_scale
									) mss
								GROUP BY ticket_id, file_name, project_id, file_path ) mss
							INNER JOIN (
								SELECT dd.*,
									de.revision,
									de.project_id 
								FROM deploy_detail dd
								INNER JOIN deploy de
									ON dd.deploy_id = de.id ) temp
									ON mss.project_id = temp.project_id
									AND mss.file_name = temp.file_name
									AND replace(mss.file_path,'/','.') LIKE '%'|| temp.package_name
								GROUP BY ticket_id) temp ON temp.ticket_id = mss.ticket_id
						) temp2 
					) temp1
					GROUP BY 
					<if test="userKey != null">
						temp1.assigned_to_id,username
						<if test="versionKey != null || systemKey != null">
							,
						</if>
					</if>
					<if test="versionKey != null">
						temp1.fixed_version_id
						<if test="systemKey != null">
							,
						</if>
					</if>
					<if test="systemKey != null">
						temp1.system_id
					</if>
				) tab1
				<if test="versionKey != null">
					LEFT JOIN versions ver ON tab1.fixed_version_id = ver.id
				</if>
				<if test="systemKey != null">
					LEFT JOIN target_systems ts ON CAST(tab1.system_id as integer) = ts.id
				</if>
		) tab2
	</select>
	
	<select id="getScaleProgress" resultType="java.util.Map" parameterType="java.util.Map">
    SELECT  d.count_date, 
    		m.source_scale,
    		m.increase_source_lines
    FROM (SELECT s2.changedate AS changedate,
				 SUM(s1.source_scale) AS source_scale,
				 SUM(s2.increase_source_lines) AS increase_source_lines
		   FROM 
				(SELECT i.project_id AS project_id,
						i.id AS ticket_id,
						mss.change_date AS change_time,
						mss.file_path,
						mss.file_name,
						mss.source_lines2 AS source_scale
					FROM issues i
						LEFT JOIN (
							SELECT DISTINCT project_id, repository, ticket_id, revision, file_name, 
								file_type, file_path, change_date, source_lines2
							FROM monitoring_source_scale
							WHERE 1 = 1
							<if test="projectId != null">
						 	AND project_id = #{projectId}
						 	</if>
							) mss ON mss.ticket_id = i.id 
						
						<if test="systemId != null">
						INNER JOIN custom_values cv ON i.id = cv.customized_id AND	cv.value = #{systemId}
						</if>
					WHERE i.tracker_id = 44
					<if test="projectId != null">
					AND i.project_id = #{projectId}
					</if>
					<if test="documentId != null">
					AND i.id = #{documentId}
					</if>
					<if test="versionId != null">
					AND i.fixed_version_id = #{versionId}
					</if>
					<if test="authorId != null">
					AND i.assigned_to_id = #{authorId}
					</if>
				) s1,
				(SELECT MAX(i.project_id) AS project_id,
						MAX(i.id) AS ticket_id,
						TO_CHAR(mss.change_date, 'YYYY/MM/DD') AS changedate,
						MAX(mss.change_date) AS change_time,
						mss.file_path,
						mss.file_name,
						SUM(mss.increase_source_lines2) AS increase_source_lines
					FROM issues i
						LEFT JOIN (
							SELECT DISTINCT project_id, repository, ticket_id, revision, file_name, 
								file_type, file_path, change_date,increase_source_lines2,
								add_source_lines2, change_source_lines2, 
								delete_source_lines2
							FROM monitoring_source_scale
							WHERE 1 = 1
							<if test="projectId != null">
						 	AND project_id = #{projectId}
						 	</if>
							) mss ON mss.ticket_id = i.id 
						<if test="systemId != null">
						INNER JOIN custom_values cv ON i.id = cv.customized_id AND	cv.value = #{systemId}
						</if>
					WHERE 1 = 1
					<if test="projectId != null">
					AND i.project_id = #{projectId}
					</if>
					<if test="documentId != null">
					AND i.id = #{documentId}
					</if>
					<if test="versionId != null">
					AND i.fixed_version_id = #{versionId}
					</if>
					<if test="authorId != null">
					AND i.assigned_to_id = #{authorId}
					</if>
					GROUP BY changedate,file_path,file_name
					ORDER BY changedate
				) s2
			WHERE	s1.project_id = s2.project_id
			  AND	s1.ticket_id = s2.ticket_id
			  AND	s1.file_path = s2.file_path
			  AND	s1.file_name = s2.file_name
			  AND	s1.change_time = s2.change_time
		GROUP BY changedate
		ORDER BY changedate ) m
	 Right JOIN (
			 	SELECT  TO_CHAR(generate_series(CAST(TO_CHAR(MIN(mss2.change_date), 'YYYY/MM/DD') AS DATE), CAST(TO_CHAR(MAX(mss2.change_date), 'YYYY/MM/DD')  AS DATE), '1 days'), 'YYYY/MM/DD') AS count_date
			      FROM  issues i2
						LEFT JOIN (
							SELECT DISTINCT project_id, repository, ticket_id, revision, file_name, 
								file_type, file_path, change_date,
								add_source_lines2, change_source_lines2, 
								delete_source_lines2
							FROM monitoring_source_scale
							WHERE 1 = 1
							<if test="projectId != null">
						 	AND project_id = #{projectId}
						 	</if>
							) mss2 ON mss2.ticket_id = i2.id 
		    	        <if test="systemId != null">
				        INNER JOIN custom_values cv ON i2.id = cv.customized_id AND	cv.value = #{systemId}
				        </if>
			     WHERE   i2.tracker_id = 44
					    <if test="projectId != null">
					    AND i2.project_id = #{projectId}
					    </if>
					    <if test="documentId != null">
						AND i2.id = #{documentId}
						</if>
						<if test="versionId != null">
						AND i2.fixed_version_id = #{versionId}
						</if>
						<if test="authorId != null">
						AND i2.assigned_to_id = #{authorId}
						</if>
			    ) d
      ON  m.changedate = d.count_date
      ORDER BY d.count_date     
         
	</select>
	
	<select id="getTicketIds" resultType="java.util.Map" parameterType="java.util.Map">
         SELECT distinct i.id AS ticket_id,
         		i.subject AS subject
		   FROM issues i
				--LEFT JOIN (
				--SELECT DISTINCT project_id, repository, ticket_id, revision, file_name, 
				--	file_type, file_path, change_date, file_size, source_lines, source_lines2, 
				--	increase_source_lines, increase_source_lines2, add_source_lines, 
				--	add_source_lines2, change_source_lines, change_source_lines2, 
				--	delete_source_lines, delete_source_lines2, change_user_id, change_user
				--FROM monitoring_source_scale
				--) mss ON mss.ticket_id = i.id
		        <if test="systemId != null">
					INNER JOIN custom_values cv ON i.id = cv.customized_id AND cv.value = #{systemId}
			    </if>
		  WHERE i.tracker_id = 44
			<if test="projectId != null">
		 	AND i.project_id = #{projectId}
		 	</if>
		 	<if test="documentId != null">
			AND i.id = #{documentId}
			</if>
			<if test="versionId != null">
			AND i.fixed_version_id = #{versionId}
			</if>
			<if test="authorId != null">
			AND i.assigned_to_id = #{authorId}
			</if>
			ORDER BY i.id
	</select>
	
	<select id="getDateList" resultType="java.util.Map" parameterType="java.util.Map">
	     SELECT TO_CHAR(generate_series(CAST(TO_CHAR(MIN(mss2.change_date), 'YYYY/MM/DD') AS DATE), CAST(TO_CHAR(MAX(mss2.change_date), 'YYYY/MM/DD')  AS DATE), '1 days'), 'YYYY/MM/DD') AS count_date
	      FROM  issues i2
	      		LEFT JOIN (
				SELECT DISTINCT project_id, repository, ticket_id, revision, file_name, 
					file_type, file_path, change_date,
					add_source_lines2, change_source_lines2, 
					delete_source_lines2
				FROM monitoring_source_scale
				WHERE 1 = 1
				<if test="projectId != null">
			 	AND project_id = #{projectId}
			 	</if>
				) mss2 ON mss2.ticket_id = i2.id
	    	    
    	        <if test="systemId != null">
		        INNER JOIN custom_values cv ON i2.id = cv.customized_id AND cv.value = #{systemId}
		        </if>
	     WHERE  i2.tracker_id = 44
			    <if test="projectId != null">
			    AND i2.project_id = #{projectId}
			    </if>
			    <if test="documentId != null">
				AND i2.id = #{documentId}
				</if>
				<if test="versionId != null">
				AND i2.fixed_version_id = #{versionId}
				</if>
				<if test="authorId != null">
				AND i2.assigned_to_id = #{authorId}
				</if>
	</select>
	
	<select id="getEfficiencyProgress" resultType="java.util.Map" parameterType="java.util.Map">
		        SELECT TO_CHAR(mss.change_date, 'YYYY/MM/DD') AS count_date,
					i.id AS ticket_id,
					ROUND((SUM(mss.add_source_lines2) + SUM(mss.delete_source_lines2) + SUM(mss.change_source_lines2)),0) AS efficiency,
					i.subject AS subject
			   FROM issues i
			   		INNER JOIN(
					SELECT DISTINCT project_id, repository, ticket_id, revision, file_name, 
						file_type, file_path, change_date,
						add_source_lines2, change_source_lines2, 
						delete_source_lines2
					FROM monitoring_source_scale
					WHERE 1 = 1
					<if test="projectId != null">
				 	AND project_id = #{projectId}
				 	</if>
					) mss ON mss.ticket_id = i.id
			        
			        <if test="systemId != null">
				    INNER JOIN custom_values cv ON i.id = cv.customized_id AND cv.value = #{systemId}
				    </if>
			  WHERE i.tracker_id = 44
				<if test="projectId != null">
			 	AND i.project_id = #{projectId}
			 	</if>
			 	<if test="documentId != null">
				AND i.id = #{documentId}
				</if>
				<if test="versionId != null">
				AND i.fixed_version_id = #{versionId}
				</if>
				<if test="authorId != null">
				AND i.assigned_to_id = #{authorId}
				</if>
		   GROUP BY count_date,i.id,subject
		   ORDER BY count_date,i.id,subject
	</select>
	
	<select id="getDiffList" resultType="java.util.Map" parameterType="java.util.Map">
		     SELECT func_get_days_estimated(#{start},#{end},null,null) AS estimated
	</select>
	
		
	<select id="getTypeProgress" resultType="java.util.Map" parameterType="java.util.Map">
		SELECT d.count_date, m.add_source, m.delete_source, m.change_source
		  FROM (
	         SELECT TO_CHAR(mss.change_date, 'YYYY/MM/DD') AS changedate,
	        		SUM(mss.add_source_lines2) AS add_source,
	        		SUM(mss.delete_source_lines2) AS delete_source,
	        		SUM(mss.change_source_lines2) AS change_source
			   FROM issues i
			   		LEFT JOIN (
					SELECT DISTINCT project_id, repository, ticket_id, revision, file_name, 
						file_type, file_path, change_date,
						add_source_lines2, change_source_lines2, 
						delete_source_lines2
					FROM monitoring_source_scale
					WHERE 1 = 1
					<if test="projectId != null">
				 	AND project_id = #{projectId}
				 	</if>
					) mss ON mss.ticket_id = i.id
			        
			        <if test="systemId != null">
				    INNER JOIN custom_values cv ON i.id = cv.customized_id AND cv.value = #{systemId}
				    </if>
			  WHERE i.tracker_id = 44
				<if test="projectId != null">
			 	AND i.project_id = #{projectId}
			 	</if>
			 	<if test="documentId != null">
				AND i.id = #{documentId}
				</if>
				<if test="versionId != null">
				AND i.fixed_version_id = #{versionId}
				</if>
				<if test="authorId != null">
				AND i.assigned_to_id = #{authorId}
				</if>
		   GROUP BY changedate
		   ORDER BY changedate ) m
	 Right JOIN (
			 	SELECT  TO_CHAR(generate_series(CAST(TO_CHAR(MIN(mss2.change_date), 'YYYY/MM/DD') AS DATE), CAST(TO_CHAR(MAX(mss2.change_date), 'YYYY/MM/DD')  AS DATE), '1 days'), 'YYYY/MM/DD') AS count_date
			      FROM  issues i2
			      		LEFT JOIN (
						SELECT DISTINCT project_id, repository, ticket_id, revision, file_name, 
							file_type, file_path, change_date,
							add_source_lines2, change_source_lines2, 
							delete_source_lines2
						FROM monitoring_source_scale
						WHERE 1 = 1
						<if test="projectId != null">
					 	AND project_id = #{projectId}
					 	</if>
						) mss2 ON mss2.ticket_id = i2.id
			    	    
		    	        <if test="systemId != null">
				        INNER JOIN custom_values cv ON i2.id = cv.customized_id AND cv.value = #{systemId}
				        </if>
			     WHERE  i2.tracker_id = 44
					    <if test="projectId != null">
					    AND i2.project_id = #{projectId}
					    </if>
					    <if test="documentId != null">
						AND i2.id = #{documentId}
						</if>
						<if test="versionId != null">
						AND i2.fixed_version_id = #{versionId}
						</if>
						<if test="authorId != null">
						AND i2.assigned_to_id = #{authorId}
						</if>
			    ) d
	ON  m.changedate = d.count_date
	</select>

</mapper>