<?xml version="1.0" encoding="UTF-8" ?>
<!DOCTYPE mapper PUBLIC "-//mybatis.org//DTD Mapper 3.0//EN" "http://mybatis.org/dtd/mybatis-3-mapper.dtd" >
<mapper namespace="monitoringBoardDeploy">
	<select id="getMonitoringBoardDeploy" resultType="java.util.Map">
	SELECT  
			coalesce( tempFail.fail_recent,0) sippaikensuu_recent,    
			coalesce(  tempSuccess.success_recent,0) seikoukensuu_recent,  
    		case   when tempSuccess.success_recent+tempFail.fail_recent  = 0     
     			then null    
     		else   
     			regexp_replace(( round((cast (coalesce(tempSuccess.success_recent,0) AS  numeric) / cast(coalesce(tempSuccess.success_recent,0)+coalesce(tempFail.fail_recent,0)  AS  numeric))*100,1)||'%' ),'.0%' ,'%')
			end as seikouritu_recent,
			COALESCE(success.success,0)+COALESCE(unstable.unstable,0) AS  seikoukensuu,
			COALESCE(failure.fail,0)+COALESCE(abort.abort,0) AS  sippaikensuu,
			CASE when 
					(COALESCE(success.success,0)+COALESCE(unstable.unstable,0)+COALESCE(failure.fail,0)+COALESCE(abort.abort,0))=0
			 	THEN  
					'-'
				ELSE 
					regexp_replace((trunc(cast(COALESCE(success.success,0)+COALESCE(unstable.unstable,0) AS  numeric )/cast(COALESCE(success.success,0)+COALESCE(unstable.unstable,0)+COALESCE(failure.fail,0)+COALESCE(abort.abort,0) AS  numeric)*100,1)||'%' ),'.0%' ,'%')
				END
				AS  seikouritu,			
			deploy.birudo,
			deploy.tesuto,
			deploy.insupekusyon,
			deploy.depuroi
			FROM (
				(SELECT 
					project_id,
				CASE when 
					AVG(build_time) is null
				THEN 
					'-'
				ELSE 
					TO_CHAR(age(to_timestamp(TRUNC(AVG(build_time/1000),2))  AT TIME ZONE '+0','1970-01-01') ,'HH24:MI:SS') 
				END 
					AS birudo,
				CASE when 
					AVG(test_time) is null
				THEN 
					'-'
				ELSE 
					TO_CHAR(age(to_timestamp(TRUNC(AVG(test_time/1000),2))  AT TIME ZONE '+0','1970-01-01') ,'HH24:MI:SS') 
				END 
					AS tesuto,	
				CASE when 
					AVG(bug_time/1000)+AVG(check_time/1000) is null
				THEN 
					'-'
				ELSE 
					TO_CHAR(age(to_timestamp(TRUNC(AVG(bug_time/1000)+AVG(check_time/1000),2))  AT TIME ZONE '+0','1970-01-01') ,'HH24:MI:SS') 
				END 
					AS  insupekusyon,
				CASE when 
					AVG(deploy_time/1000) is null
				THEN 
					'-'
				ELSE 
					TO_CHAR(age(to_timestamp(TRUNC(AVG(deploy_time/1000),2))  AT TIME ZONE '+0','1970-01-01') ,'HH24:MI:SS')   
				END
					depuroi
				FROM 
					deploy 
				WHERE 0 = 0
		        AND	deploy.project_id=  #{projectId}
				<if test="systemId != null">
		        AND	deploy.system_id=  #{systemId} 
		        </if> 
		        <if test="versionId != null">
		        AND	deploy.version_id=  #{versionId} 
		        </if>
		        <if test="titleJobConvertName != null">
		        AND	deploy.job_name=  #{titleJobConvertName} 
		        </if>
		        GROUP BY 
		           	  deploy.project_id
		        <if test="projectId != null and systemId != null">
		         	 ,deploy.system_id
		        </if> 
		        <if test="projectId == null and systemId != null ">
		         	deploy.system_id
		        </if> 
		        <if test="( projectId != null or systemId != null) and versionId != null">
		         	 ,deploy.version_id
		        </if> 
		        <if test="( projectId == null and systemId == null) and versionId != null">
		         	 deploy.version_id
		        </if>   
		 		<if test="titleJobConvertName != null and( projectId != null or systemId != null or versionId != null)">
	         	,deploy.job_name
	         	</if>
	         	<if test="titleJobConvertName != null and( projectId == null and systemId == null and versionId == null)">
	         	 deploy.job_name
	         	</if> 
      				) deploy 
      		left join (
   				SELECT
   					 project_id,count(result) AS success
				FROM deploy	
				where 
					project_id=  #{projectId} 
				AND result='SUCCESS' 
			 	<if test="systemId != null">
		        AND	system_id=  #{systemId} 
		        </if> 
		        <if test="versionId != null">
		        AND	version_id=  #{versionId} 
		        </if>
		        <if test="titleJobConvertName != null">
		        AND	job_name=  #{titleJobConvertName} 
		        </if>
		        GROUP BY 
		           	  project_id
		        <if test="projectId != null and systemId != null">
		         	,system_id
		        </if> 
		        <if test="projectId == null and systemId != null  and titleJobName == null">
		        	  system_id
		        </if> 
		        <if test="( projectId != null or systemId != null) and versionId != null">
		        	  ,version_id
		        </if> 
		        <if test="( projectId == null and systemId == null) and versionId != null">
		        	  version_id
		        </if> 
		        <if test="titleJobConvertName != null and( projectId != null or systemId != null or versionId != null)">
	             	 ,deploy.job_name
	         	</if>
	         	<if test="titleJobConvertName != null and( projectId == null and systemId == null and versionId == null)">
	         	     deploy.job_name
	         	</if>
					) success 
						on deploy.project_id  = success.project_id 
			LEFT JOIN (
					SELECT 
						project_id,count(result) AS unstable
					FROM 
						deploy	
				    WHERE 
				    	project_id=  #{projectId} 
					AND result='UNSTABLE' 
				  	<if test="systemId != null">
			        AND	system_id=  #{systemId} 
			        </if> 
			        <if test="versionId != null">
			        AND	version_id=  #{versionId} 
			        </if>
			        <if test="titleJobConvertName != null">
			        AND	job_name=  #{titleJobConvertName} 
			        </if>
			        GROUP BY 
			           	  project_id
			        <if test="projectId != null and systemId != null">
			         	 ,system_id
			        </if> 
			        <if test="projectId == null and systemId != null  and titleJobName == null ">
			         	system_id
			        </if> 
			        <if test="( projectId != null or systemId != null) and versionId != null ">
			        	 ,version_id
			        </if> 
			        <if test="( projectId == null and systemId == null) and versionId != null">
			        	 version_id
			        </if> 
			        <if test="titleJobConvertName != null and( projectId != null or systemId != null or versionId != null)">
		         	 ,deploy.job_name
		         	</if>
		         	<if test="titleJobConvertName != null and( projectId == null and systemId == null and versionId == null)">
		         	 deploy.job_name
		         	</if>
						) unstable  on deploy.project_id=unstable.project_id
			LEFT JOIN(select project_id,count(result) AS fail
						from deploy	
							WHERE 
								project_id=  #{projectId} 
							AND result='FAILURE' 
							<if test="systemId != null">
					        AND	system_id=  #{systemId} 
					        </if> 
					        <if test="versionId != null">
					        AND	version_id=  #{versionId} 
					        </if>
					        <if test="titleJobConvertName != null">
			        AND	job_name=  #{titleJobConvertName} 
			        </if>
			        GROUP BY 
			           	  project_id
			        <if test="projectId != null and systemId != null">
			         	 ,system_id
			        </if> 
			        <if test="projectId == null and systemId != null  and titleJobName == null ">
			         	 system_id
			        </if> 
			        <if test="( projectId != null or systemId != null) and versionId != null ">
			        	 ,version_id
			        </if> 
			        <if test="( projectId == null and systemId == null) and versionId != null">
			        	 version_id
			        </if> 
			        <if test="titleJobConvertName != null and( projectId != null or systemId != null or versionId != null)">
		         	     ,deploy.job_name
		         	</if>
		         	<if test="titleJobConvertName != null and( projectId == null and systemId == null and versionId == null)">
		         	 deploy.job_name
		         	</if>
							) failure on deploy.project_id  = failure.project_id 
			LEFT JOIN (
					SELECT project_id,count(result) AS abort
					from deploy	
					WHERE 
						project_id=  #{projectId} 
					and result='ABORT' 
					<if test="systemId != null">
			        AND	system_id=  #{systemId} 
			        </if> 
			        <if test="versionId != null">
			        AND	version_id=  #{versionId} 
			        </if>
			        <if test="titleJobConvertName != null">
			        AND	job_name=  #{titleJobConvertName} 
			        </if>
			        GROUP BY 
			           	  project_id
			        <if test="projectId != null and systemId != null">
			         	 ,system_id
			        </if> 
			        <if test="projectId == null and systemId != null  and titleJobName == null ">
			         	system_id
			        </if> 
			        <if test="( projectId != null or systemId != null) and versionId != null ">
			        	,version_id
			        </if> 
			        <if test="( projectId == null and systemId == null) and versionId != null">
			        	version_id
			        </if> 
			        <if test="titleJobConvertName != null and( projectId != null or systemId != null or versionId != null)">
		         	    ,deploy.job_name
		         	</if>
		         	<if test="titleJobConvertName != null and( projectId == null and systemId == null and versionId == null)">
		         	    deploy.job_name
		         	</if>  
						) abort  ON deploy.project_id=abort.project_id
				LEFT JOIN(
					select 
						project_id,
						count(result) success_recent 
					from (
						select row_number() over (partition by job_name order by created_on DESC) as rownum ,result,project_id,system_id,version_id,job_name  
							from deploy )as te 
					where te.rownum &lt; 6 and (te.result = 'SUCCESS' or result = 'UNSTABLE') 
					AND project_id=  #{projectId} 
				  	<if test="systemId != null">
			        AND	system_id=  #{systemId} 
			        </if> 
			        <if test="versionId != null">
			        AND	version_id=  #{versionId} 
			        </if>
			        <if test="titleJobConvertName != null">
			        AND	job_name=  #{titleJobConvertName} 
					</if>
					group by project_id
					
					) tempSuccess on deploy.project_id = tempSuccess.project_id 
				LEFT JOIN(
					select 
						project_id,
						count(result) fail_recent 
					from (
						select row_number() over (partition by job_name order by created_on DESC) as rownum ,result,project_id,system_id,version_id,job_name  
							from deploy )as teResultFail 
					WHERE teResultFail.rownum &lt;6  and (teResultFail.result = 'FAILURE' or teResultFail.result = 'ABORT') 
					AND project_id=  #{projectId} 
				  	<if test="systemId != null">
			        AND	system_id=  #{systemId} 
			        </if> 
			        <if test="versionId != null">
			        AND	version_id=  #{versionId} 
			        </if>
			        <if test="titleJobConvertName != null">
			        AND	job_name=  #{titleJobConvertName} 
					</if>
						group by project_id
					) tempFail on deploy.project_id = tempFail.project_id 
				)
	</select>
	<select id="getMonitoringBoardDeployRecent" resultType="java.util.Map">
		SELECT 
		 	count(id) recent
		 FROM
			(SELECT 
			    id,result
			FROM	
				DEPLOY
			WHERE job_name= #{jobName}
			 <if test="projectId != null">
            AND	project_id=  #{projectId}
            </if> 
		    <if test="systemId != null">
            AND	system_id=  #{systemId} 
            </if> 
            <if test="versionId != null">
            AND	version_id=  #{versionId} 
            </if> 
            ORDER BY created_on DESC
			LIMIT 5) success
		WHERE  result = 'SUCCESS' OR result = 'UNSTABLE'
		UNION ALL 
		SELECT 
		 	count(id) recent
		 FROM 
			(SELECT 
			  id,result
			FROM	
				DEPLOY
			WHERE job_name= #{jobName}
			<if test="projectId != null">
	        AND	project_id=  #{projectId}
	        </if> 
			<if test="systemId != null">
	        AND	system_id=  #{systemId} 
	        </if> 
	        <if test="versionId != null">
	        AND	version_id=  #{versionId} 
	        </if>
	    	ORDER BY created_on DESC
			LIMIT 5) success
		WHERE  result = 'FAILURE' OR result = 'ABORT'
		
	</select>
	<select id="getBirudoJikanSuiiInfo" resultType="java.util.Map">
		SELECT
			SUBSTRING(excute_time,0,11) excute_time,
			TRUNC(AVG(build_time),0) build_time
		FROM
			(
			SELECT 
				TO_CHAR(to_timestamp(new_build_time/1000)  AT TIME ZONE '-9' ,'YYYY/MM/DD HH24:MI:SS')  excute_time,
				TRUNC(SUM(build_time/1000),0)    build_time
			FROM 
				DEPLOY
			WHERE 0 = 0
			   <if test="projectId != null">
	           AND	project_id=  #{projectId}
	           </if> 
			   <if test="systemId != null">
	           AND	system_id=  #{systemId} 
	           </if> 
	           <if test="versionId != null">
	           AND	version_id=  #{versionId} 
	           </if> 
	           <if test="titleJobConvertName != null">
		       AND	job_name=  #{titleJobConvertName} 
		       </if> 
		       <if test="projectId == null and systemId == null and versionId == null and  titleJobConvertName==null">
		       AND	0=1
		       </if> 
	           GROUP BY 
	           new_build_time
	           <if test="projectId != null">
	         	,project_id
	           	</if>   	  
	           	<if test="systemId != null">
	         	 ,system_id
	           	</if> 
	           	<if test="versionId != null ">
	         	 ,version_id
	           	</if> 
	           	<if test="titleJobConvertName != null ">
	         	 ,job_name
	           	</if> 
	            
           	HAVING  TRUNC(SUM(build_time/1000),0)  IS NOT NULL
			ORDER BY  excute_time) Temp
		 GROUP BY SUBSTRING(excute_time,0,11)
		 ORDER BY SUBSTRING(excute_time,0,11)
	</select>
	<select id="getBirudoSeikourituSuiiInfo" resultType="java.util.Map">
		SELECT coalesce(success.excute_time,fail.excute_time) excute_time,
			CASE WHEN 
				coalesce(fail.failed,0)+ coalesce(success.success,0)=0
			THEN
				null
			ELSE
		 	  TRUNC(CAST (coalesce(success.success,0) AS  numeric)/ (CAST(coalesce(fail.failed,0 )AS  numeric)+CAST (coalesce(success.success,0) AS  numeric)),2) 
			END  AS  success_percent 
	 	FROM
			(SELECT 
		  		SUBSTRING(TO_CHAR(to_timestamp(new_build_time/1000)  AT TIME ZONE '-9' ,'YYYY/MM/DD HH24:MI:SS'),0,11) excute_time,count(id) success
			FROM	
				DEPLOY
			WHERE
				0=0
			AND (result = 'SUCCESS' OR result = 'UNSTABLE')
	    	<if test="projectId != null">
	        AND	project_id=  #{projectId}
	        </if> 
		    <if test="systemId != null">
	        AND	system_id=  #{systemId} 
	        </if> 
	        <if test="versionId != null">
	        AND	version_id=  #{versionId} 
	      	</if> 
	       	<if test="projectId == null and systemId == null and versionId == null">
	       	AND	0 =1 
	       	</if> 
	       	<if test="titleJobConvertName != null">
		    AND	job_name=  #{titleJobConvertName} 
		    </if> 
			GROUP BY 
			SUBSTRING(TO_CHAR(to_timestamp(new_build_time/1000)  AT TIME ZONE '-9' ,'YYYY/MM/DD HH24:MI:SS'),0,11) 
	        <if test="projectId != null">
	         ,project_id
	        </if>   	  
	        <if test="systemId != null">
	         ,system_id
	        </if> 
	        <if test="versionId != null">
	         ,version_id
	         </if>
	         <if test="titleJobConvertName != null">
	         ,job_name
	         </if> 
		) success
		FULL JOIN 
		    (SELECT 
			  SUBSTRING(TO_CHAR(to_timestamp(new_build_time/1000)  AT TIME ZONE '-9' ,'YYYY/MM/DD HH24:MI:SS'),0,11) excute_time,count(id) failed
			FROM	
				DEPLOY
			WHERE  (result = 'FAILURE' OR result = 'ABORT')
		    	<if test="projectId != null">
	        AND	project_id=  #{projectId}
	        </if> 
		    <if test="systemId != null">
	        AND	system_id=  #{systemId} 
	        </if> 
	        <if test="versionId != null">
	        AND	version_id=  #{versionId} 
	      	</if> 
	       	<if test="projectId == null and systemId == null and versionId == null">
	       	AND	0 =1 
	       	</if> 
	       	<if test="titleJobConvertName != null">
		    AND	job_name=  #{titleJobConvertName} 
		    </if> 
			GROUP BY 
			SUBSTRING(TO_CHAR(to_timestamp(new_build_time/1000)  AT TIME ZONE '-9' ,'YYYY/MM/DD HH24:MI:SS'),0,11) 
	        <if test="projectId != null">
	         ,project_id
	        </if>   	  
	        <if test="systemId != null">
	         ,system_id
	        </if> 
	        <if test="versionId != null">
	         ,version_id
	         </if>
	         <if test="titleJobConvertName != null">
	         ,job_name
	         </if> 
		) fail
		ON success.excute_time= fail.excute_time
		ORDER BY excute_time
	</select>
	<select id="getKakusyuSyoyouJikanSuiiInfo" resultType="java.util.Map">
			SELECT SUBSTRING(excute_time,0,11) excute_time,
				   TRUNC(AVG(build_time),0) build_time,
				   TRUNC(AVG(test_time),0) test_time, 
				   TRUNC(AVG(inspection_time),0) inspection_time, 
				   TRUNC(AVG(deploy_time),0) deploy_time 
			FROM
				(
				SELECT 
					TO_CHAR(to_timestamp(new_build_time/1000)  AT TIME ZONE '-9' ,'YYYY/MM/DD HH24:MI:SS')  AS  excute_time,
					TRUNC(SUM(build_time/1000),0)    													    AS  build_time,
					TRUNC(SUM(test_time/1000),0)   	 														AS  test_time,
					TRUNC(SUM((check_time+bug_time)/1000),0)       											AS  inspection_time,
					TRUNC(SUM(deploy_time/1000),0)       													AS  deploy_time 
				FROM 
					deploy new_build_time
				WHERE 0 = 0
				<if test="projectId != null">
		        AND	project_id=  #{projectId}
		        </if> 
				<if test="systemId != null">
		        AND	system_id=  #{systemId} 
		        </if> 
		        <if test="versionId != null">
		        AND	version_id=  #{versionId} 
		        </if> 
		        <if test="projectId == null and systemId == null and versionId == null">
		        AND	0 =1 
		        </if> 
		       	<if test="titleJobConvertName != null">
			    AND	job_name=  #{titleJobConvertName} 
			    </if> 
				GROUP BY new_build_time
		        <if test="projectId != null">
		        ,project_id
		        </if>   	  
		        <if test="systemId != null">
		        ,system_id
		        </if> 
		        <if test="versionId != null">
		        ,version_id
		        </if> 	
		        <if test="titleJobConvertName != null ">
			    ,job_name
			    </if>
				ORDER BY  excute_time) Temp
			GROUP BY SUBSTRING(excute_time,0,11)
			ORDER BY SUBSTRING(excute_time,0,11)

	</select>
	<select id="getKaisekiInfor" resultType="java.util.Map">
		SELECT   
		   deploy.project_id,
		   deploy.jenkins_url AS jenkins_number_url,
		   TRIM(TRAILING '/' || deploy.new_build_count FROM deploy.jenkins_url) AS jenkins_job_url, 
		   deploy_url.sonarqube_url,
		   deploy.id,	
		   result ,
		   deploy.new_build_count	new_build_count	,
		   sonar_url ,
		   deploy.job_name jobname,
		   COALESCE(( CASE WHEN 
				(result ='SUCCESS' or result ='UNSTABLE') 
		   THEN 
				TO_CHAR(to_timestamp(new_build_time/1000)  AT TIME ZONE '-9' ,'YYYY/MM/DD HH24:MI:SS') ||'#'|| new_build_count	
		   ELSE 
				null
		   END 	),'-') success,
		   COALESCE(( CASE WHEN 
				(result ='FAILURE' or result='ABORTED') 
		   THEN 
				TO_CHAR(to_timestamp(new_build_time/1000)  AT TIME ZONE '-9' ,'YYYY/MM/DD HH24:MI:SS') ||'#'|| new_build_count	
		   ELSE 
				null
		   END 	) ,'-') failed,
		   TO_CHAR(to_timestamp(deploy_time/1000)  AT TIME ZONE '+0' ,'HH24:MI:SS')  buildtime,    
           style_high_number checkstylehigh, 
       	   style_middle_number checkstylemiddle, 
       	   style_low_number checkstylelow,
       	   bugs_high_number findbugshigh, 
      	   bugs_middle_number findbugsmiddle, 
       	   bugs_low_number findbugslow, 
       	   docount junitexcute, 
       	   successcount junitsuccess, 
       	   TRUNC( CAST (successcount AS  numeric)*100/ CAST(docount AS  numeric),0)||'%' junitpercent ,
       	   instructionpercent||'%' jacocoinstruction, 
		   branchpercent||'%' jacocobranch, 
       	   steps sonarqubenumberofsteps, 
           complexity sonarqubecomplexity, 
           duplications||'%' sonarqubeduplications,
           technical_debt technicaldebt,
           issue_id,
		   deploy.is_jenkins_data
        FROM 
       	   deploy , deploy_url,
       	            (SELECT 
        	   			job_name,
        	   			MAX(id) id,
        	   			MAX(new_build_count) AS  bangou
					FROM 
						deploy
					WHERE 0=0 
					 <if test="projectId != null">
					AND deploy.project_id= #{projectId}
					</if>
					<if test="titleJobName != null">
	    			AND	id=  #{titleJobName} 
			    	</if> 
					<if test="systemId != null">
					AND deploy.system_id= #{systemId}
					</if>
					<if test="versionId != null">
					AND deploy.version_id= #{versionId}
					</if>
					<if test="projectId == null and systemId == null and versionId == null">
					AND 0 =1
					</if>
					GROUP BY job_name) Temp
		WHERE
			0=0 
		AND
		    deploy.project_id=deploy_url.project_id
		AND
		    deploy.id=Temp.id
		AND 
			deploy.new_build_count=Temp.bangou
		<if test="projectId != null">
		AND deploy.project_id= #{projectId}
		</if>
		<if test="systemId != null">
		AND deploy.system_id= #{systemId}
		</if>
		<if test="versionId != null">
		AND deploy.version_id= #{versionId}
		</if>
		<if test="projectId == null and systemId == null and versionId == null">
		AND 0 =1
		</if>
		<if test="jobName != null">
	    AND	deploy.id=  #{jobName} 
	    </if> 
		ORDER BY new_build_time
	</select>
	<select id="getKaisekiInforDate" resultType="java.util.Map">
		SELECT 
			<if test="result =='SUCCESS' or result =='UNSTABLE'">
			TO_CHAR(to_timestamp(MAX(new_build_time)/1000)  AT TIME ZONE '-9' ,'YYYY/MM/DD HH24:MI:SS') ||'#'|| MAX(new_build_count) AS  failed
			</if>
		   <if test="result =='FAILURE' or result =='ABORT'">
			TO_CHAR(to_timestamp(MAX(new_build_time)/1000)  AT TIME ZONE '-9' ,'YYYY/MM/DD HH24:MI:SS') ||'#'|| MAX(new_build_count) AS	success
			</if>
		FROM 
			deploy
		WHERE 
			project_id=  #{projectIdDate}
			and job_name =#{jobName}
        <if test="result =='SUCCESS' or result =='UNSTABLE'">
        AND	(result = 'FAILURE' OR result ='ABORT') 
        </if> 
         <if test="result =='FAILURE' or result =='ABORT'">
        AND	(result = 'SUCCESS' OR result ='UNSTABLE') 
        </if>
		<if test="versionId != null">
		AND deploy.version_id= #{versionId}
		</if> 
		<if test="systemId != null">
        AND	system_id=  #{systemId} 
        </if>  
        GROUP BY project_id,job_name
     
	</select>
	<select id="getProjectSeikouritu" resultType="java.util.Map">
		SELECT 
			SUM(successcount) success_percent,
			SUM(docount)-SUM(successcount) failed_percent
		FROM 
			deploy
		WHERE 0=0
		<if test="projectId != null">
        AND	project_id=  #{projectId}
        </if> 
		<if test="systemId != null">
        AND	system_id=  #{systemId} 
        </if> 
        <if test="versionId != null">
        AND	version_id=  #{versionId} 
        </if> 
      	<if test="versionId != null">
		AND deploy.version_id= #{versionId}
		</if>
        <if test="projectId == null and systemId == null and versionId == null">
        AND	0 =1 
        </if> 
        GROUP BY project_id
	</select>
	
	<select id="getSystemList" resultType="java.util.Map" parameterType="java.util.Map">
         SELECT id,
                name 
         FROM 
         		target_systems 
         WHERE 
         		project_id = #{projectId}  
    </select>
     <select id="getVersionList" resultType="java.util.Map" parameterType="java.util.Map">
         SELECT id,
                name 
         FROM 
         		versions 
         WHERE 
         		project_id = #{projectId}  
    </select>	
    <select id="getTitleJobNameList" resultType="java.util.Map" parameterType="java.util.Map">
         SELECT MAX(id) id, 
         	 job_name 
         FROM 
         		deploy 
         WHERE 
       		project_id=  #{projectId}
       
       	<if test="systemId != null">
        AND	system_id=  #{systemId} 
        </if> 
        <if test="versionId != null">
        AND	version_id=  #{versionId} 
        </if> 
      	GROUP BY job_name
      	ORDER BY id
    </select>	
        <select id="getTitleJobConvertName" resultType="java.util.Map" parameterType="java.util.Map">
         SELECT  
         	 job_name 
         FROM 
         		deploy 
         WHERE 
       		id=  #{id}
    </select>	
</mapper>



