<?xml version="1.0" encoding="UTF-8" ?>
<!DOCTYPE mapper PUBLIC "-//mybatis.org//DTD Mapper 3.0//EN" "http://mybatis.org/dtd/mybatis-3-mapper.dtd" >
<mapper namespace="sourceScale">
	<select id="getLatestRevision" resultType="java.util.Map" parameterType="java.util.Map">
		<![CDATA[
         SELECT distinct revision
           FROM monitoring_source_scale
          WHERE project_id = #{project_id}
          	AND repository = #{repository}
          	AND branch = #{branch}
            AND change_date IN (
	          		SELECT MAX(change_date)
	          		FROM monitoring_source_scale
	          		WHERE project_id = #{project_id}
	          		AND repository = #{repository}
          			AND branch = #{branch}
          	) 
	   ]]>
	</select>
	
		<select id="getLatestRevisionDiff" resultType="java.util.Map" parameterType="java.util.Map">
		<![CDATA[
         SELECT distinct revision
           FROM monitoring_source_diff
          WHERE project_id = #{project_id}
          	AND repository = #{repository}
          	AND branch = #{branch}
            AND change_date IN (
	          		SELECT MAX(change_date)
	          		FROM monitoring_source_diff
	          		WHERE project_id = #{project_id}
	          		AND repository = #{repository}
          			AND branch = #{branch}
          	) 
	   ]]>
	</select>
	
	<insert id="insertSourceScale" parameterType="java.util.HashMap"  keyProperty="id" useGeneratedKeys="true">
		<![CDATA[
		INSERT INTO monitoring_source_scale(
			   project_id,
			   repository,
			   branch,
			   ticket_id,
			   revision,
			   file_name,
			   file_type,
			   file_path,
			   change_date,
			   file_size,
			   source_lines,
			   source_lines2,
			   increase_source_lines,
			   increase_source_lines2,
			   add_source_lines,
			   add_source_lines2,
			   change_source_lines,
			   change_source_lines2,
			   delete_source_lines,
			   delete_source_lines2,
			   change_user_id,
			   change_user
			   )
		VALUES(
			#{project_id},
			#{repository},
			#{branch},
			#{ticket_id},
			#{revision},
			#{file_name},
			#{file_type},
			#{file_path},
			#{change_date},
			#{file_size},
			#{source_lines},
			#{source_lines2},
			#{increase_source_lines},
			#{increase_source_lines2},
			#{add_source_lines},
			#{add_source_lines2},
			#{change_source_lines},
			#{change_source_lines2},
			#{delete_source_lines},
			#{delete_source_lines2},
			#{change_user_id},
			#{change_user}
		 ) 
  		]]>
	</insert>
	
	<insert id="insertSourceDiff" parameterType="java.util.HashMap"  keyProperty="id" useGeneratedKeys="true">
		<![CDATA[
		INSERT INTO monitoring_source_diff(
			   project_id,
			   repository,
			   branch,
			   ticket_id,
			   revision,
			   file_name,
			   file_type,
			   file_path,
			   file_size,
			   source_lines,
			   source_lines2,
			   increase_source_lines,
			   increase_source_lines2,
			   add_source_lines,
			   add_source_lines2,
			   change_source_lines,
			   change_source_lines2,
			   delete_source_lines,
			   delete_source_lines2,
			   change_user_id,
			   change_user,
			   change_date
			   )
		VALUES(
			#{project_id},
			#{repository},
			#{branch},
			#{ticket_id},
			#{revision},
			#{file_name},
			#{file_type},
			#{file_path},
			#{file_size},
			#{source_lines},
			#{source_lines2},
			#{increase_source_lines},
			#{increase_source_lines2},
			#{add_source_lines},
			#{add_source_lines2},
			#{change_source_lines},
			#{change_source_lines2},
			#{delete_source_lines},
			#{delete_source_lines2},
			#{change_user_id},
			#{change_user},
			#{change_date}
		 ) 
  		]]>
	</insert>
	
	<select id="getTrackerId" resultType="java.util.Map" parameterType="java.util.Map">
		<![CDATA[
		SELECT
			tracker_id
		FROM
			issues
		WHERE
			id = #{issue_id}
		]]>
	</select>
	
	<select id="getCreatedData" resultType="java.util.Map" parameterType="java.util.Map">
		<![CDATA[
		SELECT
			id,
			issue_id,
			filecreate_date
		FROM 
			lint_files
		WHERE
			issue_id = #{issue_id}
		AND
			id IN (SELECT MIN(id) FROM lint_files GROUP BY issue_id)
		]]>
	</select>
	
	<delete id="deleteSourceDiff" parameterType="java.util.Map">
		<![CDATA[
		DELETE FROM 
			monitoring_source_diff 
		WHERE
			project_id = #{project_id}
		AND
			file_path = #{filePath}
		AND
			file_name = #{fileName}
		]]>
	</delete>
	
	<select id="getMdInfo" resultType="java.util.Map" parameterType="java.util.Map">
		<![CDATA[
		SELECT
			id,
			file_id,
			comment_content,
			comment_id,
			noteable_id,
			path_with_namespace
		FROM 
			comment_markdown_datas
		]]>
	</select>
	
	<update id="upDateMdIofo" parameterType="java.util.Map">
	
		UPDATE 
			comment_markdown_datas
		SET 
			comment_content = #{comment_content},
			update_on = #{updated_at}
		WHERE 
			id = #{md_id}
			
	</update>
	
	<delete id="deleteMdIofo" parameterType="java.util.Map">
		<![CDATA[
		DELETE FROM 
			comment_markdown_datas 
		WHERE
			id = #{md_id}
		]]>
	</delete>
</mapper>