<?xml version="1.0" encoding="UTF-8" ?>
<!DOCTYPE mapper PUBLIC "-//mybatis.org//DTD Mapper 3.0//EN" "http://mybatis.org/dtd/mybatis-3-mapper.dtd" >
<mapper namespace="co.jp.softbank.qqmx.dao.dasmain.DasmainDao">
	
	<select id="getProjectInfos" resultType="java.util.Map">
		<![CDATA[
		SELECT 
			t.id,
			t.parent_id,
			t.name
		FROM 
			projects t
		ORDER BY 
			(
				CASE WHEN 
					t.parent_id IS NULL 
				THEN 0 
				ELSE 
					t.parent_id 
				END
			), 
			t.name
  		]]>
	</select>
	
	<select id="getUserMonthInfoById" resultType="java.util.Map">
		<![CDATA[
		SELECT 
			CASE WHEN count(*) is NULL THEN 0 ELSE count(*) END AS count,
			to_char(current_timestamp, 'FMmm') AS start_date_mm
		FROM 
			issues
		WHERE 
			assigned_to_id = #{id}
			AND to_char(current_timestamp, 'YYYY-mm') = to_char(start_date, 'YYYY-mm')
  		]]>
	</select>
	
	<select id="getUserDelayInfoById" resultType="java.util.Map">
		<![CDATA[
		SELECT 
			count(*) AS count
		FROM 
			v_ticket
		WHERE 
			assigned_to_id = #{id}
			AND to_char(due_date, 'YYYY-mm-DD') < to_char(current_timestamp, 'YYYY-mm-DD')
			AND status_id <> 3
  		]]>
	</select>
	
	<select id="getUserTaskInfoById" resultType="java.util.Map">
		<![CDATA[
		SELECT 
			id, 
			subject, 
			TO_CHAR(
				start_date, 
				'YYYY-MM-DD'
			) AS "start_date",
			TO_CHAR(
				due_date, 
				'YYYY-MM-DD'
			) AS "due_date"
		FROM 
			v_ticket
		WHERE 
			assigned_to_id = #{id}
			AND status_id <> 3
		ORDER BY id DESC
  		]]>
	</select>
	
	<select id="getUserNewsInfoById" resultType="java.util.Map">
		<![CDATA[
		SELECT 
			projects.name ,
			projects.id ,
			count(projects.name) AS count
		FROM 
			news
		INNER JOIN 
			projects
			ON news.project_id = projects.id
		INNER JOIN 
			members
			ON news.project_id = members.project_id
		WHERE 
			members.user_id = #{id}
			AND comments_count = 0
		GROUP BY 
			projects.id ,
			projects.name
  		]]>
	</select>
	
	<select id="getUserInformationById" resultType="java.util.Map">
		<![CDATA[
			SELECT 
				CASE WHEN count(*) is NULL THEN 0 ELSE count(*) END AS count, 
				to_char(current_timestamp, 'FMmm') AS start_date_mm , 
				to_char(current_timestamp, 'YYYY-mm') AS start_date 
			FROM v_ticket 
			LEFT JOIN custom_values 
				ON v_ticket.project_id = custom_values.customized_id 
				AND custom_values.customized_type = 'Project' 
				AND custom_field_id = 2036 
			INNER JOIN
				(SELECT 
					issue_update_timestamp.project_id,
					max(issue_update_timestamp.updated_on) as updated_on
				 FROM issue_update_timestamp
				 GROUP BY project_id	
				) as issue_update_timestamp1
				ON v_ticket.project_id = issue_update_timestamp1.project_id 
				AND (NOW() - INTERVAL '3 month') < issue_update_timestamp1.updated_on
								
			WHERE 
				assigned_to_id = #{id} 
				AND to_char(current_timestamp, 'YYYY-mm') = to_char(start_date, 'YYYY-mm') 
				AND COALESCE( custom_values.value,  '' ) <> '完了'
		]]>
	</select>
	<select id="getUserInformation1ById" resultType="java.util.Map">
		<![CDATA[
			SELECT count(*) AS count 
			FROM v_ticket 
			LEFT JOIN custom_values 
				ON v_ticket.project_id = custom_values.customized_id 
				AND custom_values.customized_type = 'Project' 
				AND custom_field_id = 2036  
			INNER JOIN
				(SELECT 
					issue_update_timestamp.project_id,
					max(issue_update_timestamp.updated_on) as updated_on
				 FROM issue_update_timestamp
				 GROUP BY project_id	
				) as issue_update_timestamp1
				ON v_ticket.project_id = issue_update_timestamp1.project_id 
				AND (NOW() - INTERVAL '3 month') < issue_update_timestamp1.updated_on
								
			WHERE   
				assigned_to_id = #{id} 
				AND to_char(due_date, 'YYYY-mm-DD') < to_char(current_timestamp, 'YYYY-mm-DD') 
				AND done_ratio < 100 AND COALESCE( custom_values.value,  '' ) <> '完了'
		]]>
	</select>
	<select id="getUserInformation2ById" resultType="java.util.Map">
		<![CDATA[
			SELECT 
				projects.id,
				projects.name,
				projects.identifier, 
				count(projects.name) AS count  
			FROM news  
			INNER JOIN projects 
				ON news.project_id = projects.id  
			LEFT JOIN custom_values 
				ON projects.id = custom_values.customized_id 
				AND custom_values.customized_type = 'Project' AND custom_field_id = 2036 

			INNER JOIN
				(SELECT 
					issue_update_timestamp.project_id,
					max(issue_update_timestamp.updated_on) as updated_on
				 FROM issue_update_timestamp
				 GROUP BY project_id	
				) as issue_update_timestamp1
				ON projects.id = issue_update_timestamp1.project_id 
				AND (NOW() - INTERVAL '3 month') < issue_update_timestamp1.updated_on
								
			INNER JOIN members 
				ON news.project_id = members.project_id  
			WHERE members.user_id = #{id} 
				AND news.id not in (SELECT news_id FROM news_users WHERE news_users.user_id = #{id} ) 
				AND COALESCE( custom_values.value,  '' ) <> '完了' 
				GROUP BY projects.id,projects.identifier ,projects.name
		]]>
	</select>
	<select id="getUserTicketPlanById" resultType="java.util.Map">
		<![CDATA[
			SELECT 
				v_ticket.id, 
				subject, 
				TO_CHAR(start_date, 'YYYY-MM-DD') AS start_date,  
				TO_CHAR(due_date, 'YYYY-MM-DD') AS due_date 
			FROM v_ticket 
			LEFT JOIN custom_values 
				ON v_ticket.project_id = custom_values.customized_id 
				AND custom_values.customized_type = 'Project' 
				AND custom_field_id = 2036 
				
			INNER JOIN
				(SELECT 
					issue_update_timestamp.project_id,
					max(issue_update_timestamp.updated_on) as updated_on
				 FROM issue_update_timestamp
				 GROUP BY project_id	
				) as issue_update_timestamp1
				ON v_ticket.project_id = issue_update_timestamp1.project_id 
				AND (NOW() - INTERVAL '3 month') < issue_update_timestamp1.updated_on
				
			WHERE 
				assigned_to_id = #{id} 
				AND status_id <> 3  
				AND COALESCE( custom_values.value,  '' ) <> '完了' 
			ORDER BY due_date
		]]>
	</select>
	
</mapper>