<?xml version="1.0" encoding="UTF-8" ?>
<!DOCTYPE mapper PUBLIC "-//mybatis.org//DTD Mapper 3.0//EN" "http://mybatis.org/dtd/mybatis-3-mapper.dtd" >
<mapper namespace="deploy">

	<insert id="insertDeployInfo" parameterType="java.util.Map" keyProperty="id" useGeneratedKeys="true">
		<![CDATA[
		INSERT INTO deploy(
            project_id,
            issue_id,
            version_id,
            system_id,
            result,
            score,
            job_name,
            new_build_count, 
            revision,
            new_build_time,
            build_time,
            deploy_time,
            style_high_number,
            style_middle_number,
            style_low_number,
            bugs_high_number,
            bugs_middle_number,
            bugs_low_number,
            test_time,
            doCount,
            successCount,
            instructionPercent,
            branchPercent,
            steps,
            complexity,
            duplications,
            technical_debt,
            sonar_url,
            check_time,
            bug_time,
            update_on,
            created_on,
            jenkins_url,
            is_jenkins_data
        )
        VALUES 
           (
            #{project_id},
            #{issue_id},
            #{version_id},
            #{system_id},
            #{result},
            #{score},
            #{job_name},
            #{new_build_count}, 
            #{revision}, 
            #{new_build_time},
            #{build_time},
            #{deploy_time},
            #{style_high_number},
            #{style_middle_number},
            #{style_low_number},
            #{bugs_high_number},
            #{bugs_middle_number},
            #{bugs_low_number},
            #{test_time},
            #{doCount},
            #{successCount},
            #{instructionPercent},
            #{branchPercent},
            #{steps},
            #{complexity},
            #{duplications},
            #{technical_debt},
            #{sonar_url},
            #{check_time},
            #{bug_time},
            now(),
            now(),
            #{jenkins_url},
            #{isJenkinsData}
           )
  		]]>
	</insert>
	
	<select id="getProjectInfo" resultType="java.util.Map" parameterType="java.util.Map">
        <![CDATA[
           SELECT 
                  i.project_id,
                  i.fixed_version_id version_id,
                  cv.value system_id
             FROM issues i
       LEFT JOIN custom_values cv 
               ON i.id = cv.customized_id
              AND cv.custom_field_id = 2158
            WHERE i.id = #{issues_id} 
        ]]>
    </select>
    
     <select id="getIssuesId" resultType="java.util.Map" parameterType="java.util.Map">
        <![CDATA[
           SELECT 
                  ticket_id,
                  project_id
             FROM (
					SELECT DISTINCT project_id, repository, ticket_id, revision, file_name, 
						file_type, file_path, change_date, file_size, source_lines, source_lines2, 
						increase_source_lines, increase_source_lines2, add_source_lines, 
						add_source_lines2, change_source_lines, change_source_lines2, 
						delete_source_lines, delete_source_lines2, change_user_id, change_user
					FROM monitoring_source_scale
					) monitoring_source_scale
            WHERE revision = #{revision} 
        ]]>
    </select>
    
    <insert id="insertDeployDetailInfo" parameterType="java.util.Map">
		<![CDATA[
		INSERT INTO deploy_detail(
            deploy_id,
            package_name,
            file_name,
            style_high_number,
            style_normal_number,
            style_low_number,
            bugs_high_number,
            bugs_normal_number,
            bugs_low_number,
            doCount,
            successCount,
            steps,
            complexity,
            duplications,
            duplicated_lines,
            lines,
            technical_debt,
            branch_covered,
            branch_total,
            instruction_covered,
            instruction_total,
            update_on,
            created_on
        )
        VALUES 
           (
            #{deploy_id},
            #{package_name},
            #{file_name},
            #{style_high_number},
            #{style_normal_number},
            #{style_low_number},
            #{bugs_high_number},
            #{bugs_normal_number},
            #{bugs_low_number},
            #{doCount},
            #{successCount},
            #{steps},
            #{complexity},
            #{duplications},
            #{duplicated_lines},
            #{lines},
            #{technical_debt},
            #{branch_covered},
            #{branch_total},
            #{instruction_covered},
            #{instruction_total},
            now(),
            now()
           )
  		]]>
	</insert>
	
	
	<select id="getSonarUrl" resultType="java.util.Map" parameterType="java.util.Map">
        <![CDATA[
           SELECT 
                 *
             FROM sonarqube
            WHERE job_name = #{job_name} 
        ]]>
    </select>
    
    <update id="updateSonarQube" parameterType="java.util.Map">
        UPDATE 
            sonarqube
        SET 
            steps = #{steps},
            complexity = #{complexity},
            duplications = #{duplications},
            technical_debt = #{technical_debt},
            sonar_url = #{sonar_url},
<!--             style_high_number = #{}, -->
<!-- 			style_middle_number = #{}, -->
<!-- 			style_low_number = #{}, -->
<!-- 			bugs_high_number = #{}, -->
<!-- 			bugs_middle_number = #{}, -->
<!-- 			bugs_low_number = #{}, -->
			docount = #{doCount},
			successcount = #{successCount},
			test_success_density = #{test_success_density},
			instructionpercent = #{instructionPercent},
			branchpercent = #{branchPercent}
       WHERE id = #{sonar_id} 
    </update>
	
	<select id="getJenkinsSonarQubeUrl" resultType="java.util.Map" parameterType="java.util.Map">
        <![CDATA[
           SELECT 
                 project_id,
                 jenkins_url,
                 sonarqube_url,
                 sonarqube_user,
                 sonarqube_password
             FROM deploy_url
            WHERE project_id::text = #{project_id} 
        ]]>
    </select>
	
</mapper>