<?xml version="1.0" encoding="UTF-8" ?>
<!DOCTYPE mapper PUBLIC "-//mybatis.org//DTD Mapper 3.0//EN" "http://mybatis.org/dtd/mybatis-3-mapper.dtd" >
<mapper namespace="mitAccess">
	<select id="selectMitAccessInfoForLine" resultType="java.util.Map">
		WITH RECURSIVE apup1 AS (
			SELECT
				t1.organization_cd,
				t1.organization_name,
				t1.organization_cd as "root_cd",
				t1.organization_name as "root_name",
				1 AS level
			FROM
				section_mst t1
			WHERE
				t1.organization_cd = #{organization_cd}
			UNION ALL
			SELECT
				t2.organization_cd,
				t2.organization_name,
				CASE WHEN 
					c.level = 1 
				THEN 
					t2.organization_cd 
				ELSE 
					c.root_cd 
				END AS "root_cd",
				CASE WHEN 
					c.level = 1 
				THEN 
					t2.organization_name 
				ELSE 
					c.root_name 
				END AS "root_name",
				c.level + 1 AS level
			FROM
				section_mst t2
			INNER JOIN
				apup1 c
			ON
				c.organization_cd = t2.organization_upper_level_cd
		)
		SELECT 
			COUNT(
				access_logs.id
			), 
			apup1.root_cd, 
			apup1.root_name, 
			TO_CHAR(
				access_logs.created_on, 
				'${format}'
			) AS "created_on"  
		FROM 
			access_logs
		INNER JOIN 
			users
		ON 
			access_logs.user_id = users.id
		INNER JOIN 
			account_datas
		ON 
			users.login = account_datas.account
		INNER JOIN 
			section_data
		ON 
			account_datas.personal_id = section_data.personal_id
		AND 
			section_data.duty_concurrent_type = '0001'
		INNER JOIN 
			apup1
		ON 
			section_data.organization_cd = apup1.organization_cd
		WHERE 
<!-- 			1 = 1 -->
			access_logs.dispcode = '630004'
		AND 
			access_logs.cmdcode = '0'
		<if test="start_date!=null">
		AND
			access_logs.created_on >= to_date(#{start_date}, 'YYYY/MM/DD') 
		</if>
		<if test="end_date!=null">
		<![CDATA[
		AND 
			access_logs.created_on <= to_date(#{end_date}, 'YYYY/MM/DD') 
		]]>
		</if>
		<![CDATA[
		AND apup1.organization_cd <> #{organization_cd} 
		]]> 
		GROUP BY 
			apup1.root_cd, 
			apup1.root_name, 
			TO_CHAR(
				access_logs.created_on, 
				'${format}'
			)
		ORDER BY root_cd
	</select>
	
	<select id="selectMitAccessInfoForPie" resultType="java.util.Map">
		WITH RECURSIVE apup1 AS (
			SELECT
				t1.organization_cd,
				t1.organization_name,
				t1.organization_cd as "root_cd",
				t1.organization_name as "root_name",
				1 AS level
			FROM
				section_mst t1
			WHERE
				t1.organization_cd = #{organization_cd}
			UNION ALL
			SELECT
				t2.organization_cd,
				t2.organization_name,
				CASE WHEN 
					c.level = 1 
				THEN 
					t2.organization_cd 
				ELSE 
					c.root_cd 
				END AS "root_cd",
				CASE WHEN 
					c.level = 1 
				THEN 
					t2.organization_name 
				ELSE 
					c.root_name 
				END AS "root_name",
				c.level + 1 AS level
			FROM
				section_mst t2
			INNER JOIN
				apup1 c
			ON
				c.organization_cd = t2.organization_upper_level_cd
		)
		SELECT 
			COUNT(
				access_logs.id
			), 
			apup1.root_cd, 
			apup1.root_name 
		FROM 
			access_logs
		INNER JOIN 
			users
		ON 
			access_logs.user_id = users.id
		INNER JOIN 
			account_datas
		ON 
			users.login = account_datas.account
		INNER JOIN 
			section_data
		ON 
			account_datas.personal_id = section_data.personal_id
		AND 
			section_data.duty_concurrent_type = '0001'
		INNER JOIN 
			apup1
		ON 
			section_data.organization_cd = apup1.organization_cd
		WHERE
<!-- 		 1 = 1 -->
			access_logs.dispcode = '630004'
		AND 
			access_logs.cmdcode = '0'
		<if test="start_date!=null">
		AND
			access_logs.created_on >= to_date(#{start_date}, 'YYYY/MM/DD') 
		</if>
		<if test="end_date!=null">
		<![CDATA[
		AND 
			access_logs.created_on <= to_date(#{end_date}, 'YYYY/MM/DD') 
		]]>
		</if>
		<![CDATA[
		AND apup1.organization_cd <> #{organization_cd} 
		]]>
		GROUP BY 
			apup1.root_cd, 
			apup1.root_name
		ORDER BY root_cd
	</select>
	<select id="selectMitAccessMain" resultType="java.util.Map">
		SELECT organization_name 
		FROM section_mst
		WHERE organization_cd = #{organization_cd} 
	</select>
</mapper>