<?xml version="1.0" encoding="UTF-8" ?>
<!DOCTYPE mapper PUBLIC "-//mybatis.org//DTD Mapper 3.0//EN" "http://mybatis.org/dtd/mybatis-3-mapper.dtd" >
<mapper namespace="mitMenuHT">
	
	<select id="getDivisionList" resultType="java.util.Map">
		SELECT
			CAST (sm.organization_cd  AS INTEGER) as project_id,
			sm.organization_name as project_name
		FROM section_msts sm
		WHERE sm.organization_cd = '10973960'
		AND sm.company_type_cd = '0004'
		AND sm.organization_hierarchy = '4'
	</select>
	
	<select id="getDepartmentList" resultType="java.util.Map">
		SELECT	
			CAST( sm.organization_cd AS INTEGER) as project_id,
			sm.organization_name as project_name
		FROM section_msts sm
			INNER JOIN (
				SELECT organization_cd,organization_name
				FROM section_msts
				WHERE organization_cd = '10973960'
				AND organization_hierarchy = '4'
			)sm1 ON sm1.organization_cd = sm.organization_upper_level_cd
		WHERE company_type_cd = '0004'
		AND organization_hierarchy = '5'
	</select>
	
	<select id="getRegionList" resultType="java.util.Map">
		SELECT	
			CAST( sm.organization_cd AS INTEGER) as project_id,
			sm.organization_name as project_name
		FROM section_msts sm
			LEFT JOIN (
				SELECT organization_cd,organization_name
				FROM section_msts
				WHERE organization_hierarchy = '5'
			)sm1 ON sm1.organization_cd = sm.organization_upper_level_cd
		WHERE (sm1.organization_cd = #{department_Id} OR '9898' = #{department_Id} AND sm1.organization_cd is null AND sm.organization_cd = '10973980' )  
		AND company_type_cd = '0004'
		AND organization_hierarchy = '6'
	</select>
	
	<select id="getProjectList" resultType="java.util.Map">
		SELECT
			project_id,
			project_name
		FROM
			project_relation
			INNER JOIN custom_values mieruka
				ON mieruka.customized_id = project_relation.project_id
				AND mieruka.custom_field_id = 1237
				and mieruka.customized_type  = 'Project'
				AND mieruka.value = '1'
		LEFT JOIN (  
			SELECT CASE WHEN value = '進行中' THEN 90000001
				WHEN value = '完了準備中' THEN 90000002
				WHEN value = '完了' THEN 90000003
				ELSE 90000000 END AS status_id, customized_id
			FROM custom_values
			WHERE customized_type = 'Project' AND custom_field_id = 2036
			)status ON status.customized_id = project_id
		WHERE
			parent_id in
			(SELECT 
				CAST( organization_cd  AS INTEGER)
				FROM section_msts
				WHERE organization_cd = #{organization_cd}
			UNION ALL
				SELECT	
					CAST( sm.organization_cd  AS INTEGER)
				FROM section_msts sm
					INNER JOIN (
						SELECT organization_cd,organization_name
						FROM section_msts
						WHERE organization_cd = #{organization_cd}
					)sm1 ON sm1.organization_cd = sm.organization_upper_level_cd
				WHERE company_type_cd = '0004'
				<if test="organization_cd == '10973960'">
				AND organization_hierarchy = '5'
				</if>
				<if test="organization_cd != '10973960'">
				AND organization_hierarchy = '6'
				</if>
			UNION ALL
				SELECT 	
					CAST( sm2.organization_cd  AS INTEGER)
				FROM section_msts sm2
					INNER JOIN (
						SELECT	
							sm.organization_cd,
							sm.organization_name
						FROM section_msts sm
							INNER JOIN (
								SELECT organization_cd,organization_name
								FROM section_msts
								WHERE organization_cd = #{organization_cd}	
							)sm1 ON sm1.organization_cd = sm.organization_upper_level_cd
						WHERE company_type_cd = '0004'
						AND organization_hierarchy = '5'
					) sm3 ON sm3.organization_cd = sm2.organization_upper_level_cd
				WHERE company_type_cd = '0004'
				AND organization_hierarchy = '6')
		AND project_name ILIKE '%${search_name}%'
		AND (status.status_id = #{status_Id} or 9898 = #{status_Id} ) 
		ORDER BY
			project_name
	</select>
</mapper>