<?xml version="1.0" encoding="UTF-8" ?>
<!DOCTYPE mapper PUBLIC "-//mybatis.org//DTD Mapper 3.0//EN" "http://mybatis.org/dtd/mybatis-3-mapper.dtd" >
<mapper namespace="tuActivityList">
	
	<select id="getActivityList" resultType="java.util.Map">
		SELECT 	
			supervision,
			headquarters,
			superdepart,
			department,
			responsibility,
			SUM(level4val) level4val,
			SUM(level3val) level3val,
			SUM(level3_done_val) level31val,
			SUM(level2val) level2val,
			SUM(level1val) level1val,
			SUM(level4val+level3val+level2val+level1val + level3_done_val) plan_sum_levelval,
			 <if test="status == '施策数'"> --件数 
			 	SUM(level4val+level3val+level2val+level1val) ac_sum_levelval,
			 	SUM(level4val+level3val+level2val+level1val)-SUM(level4val+level3val+level2val+level1val) diff
			 </if>
			 <if test="status != '施策数'"> --件数 
				SUM(ac_level4val+ac_level3val+ac_level2val+ac_level1val + ac_level3_done_val) ac_sum_levelval,
				SUM(ac_level4val+ac_level3val+ac_level2val+ac_level1val + ac_level3_done_val)-SUM(level4val+level3val+level2val+level1val + level3_done_val) diff
			 </if>
		 FROM(
			  SELECT
						supervision,
						headquarters,
						superdepart,
						department,
						supervision_id,
						headquarters_id,
						superdepart_id,
						department_id,
						responsibility
						<if test="status == null"> --人工数
							,CASE WHEN lv4_end_date IS NOT NULL
									 THEN plan_artificial1704-plan_artificial1904 
									 ELSE 0.0
									  END level4val,
								CASE WHEN lv3_end_date IS NOT NULL AND lv4_end_date IS NULL
									 THEN plan_artificial1704-plan_artificial1904 
									 ELSE 0.0
									 END level3val,
								
								CASE WHEN lv3_decide_done_date IS NOT NULL AND lv4_end_date IS NULL AND lv3_end_date IS NULL
									THEN plan_artificial1704-plan_artificial1904 
									ELSE 0.0
									END level3_done_val,
								
								CASE WHEN lv2_end_date IS NOT NULL AND lv4_end_date IS NULL AND lv3_end_date IS NULL AND lv3_decide_done_date IS NULL
									 THEN plan_artificial1704-plan_artificial1904
									 ELSE 0.0
									  END level2val,
								CASE WHEN lv4_end_date IS NULL AND lv3_end_date IS NULL AND lv2_end_date IS NULL AND lv3_decide_done_date IS NULL
									 THEN plan_artificial1704-plan_artificial1904
									 ELSE 0.0
									  END level1val,
							 	CASE WHEN lv4_end_date IS NOT NULL
									 THEN ac_artificial1704-ac_artificial_date
									 ELSE 0.0
									  END ac_level4val,
								CASE WHEN lv3_end_date IS NOT NULL AND lv4_end_date IS NULL
									 THEN  ac_artificial1704-ac_artificial_date
									 ELSE 0.0
									 END ac_level3val,
									 
								 CASE WHEN lv3_decide_done_date IS NOT NULL AND lv4_end_date IS NULL AND lv3_end_date IS NULL
								 THEN  ac_artificial1704-ac_artificial_date
								 ELSE 0.0
								 END ac_level3_done_val,
								 
								CASE WHEN lv2_end_date IS NOT NULL AND lv4_end_date IS NULL AND lv3_end_date IS NULL AND lv3_decide_done_date IS NULL
									 THEN  ac_artificial1704-ac_artificial_date 
									 ELSE 0.0
									  END ac_level2val,
								CASE WHEN lv4_end_date IS NULL AND lv3_end_date IS NULL AND lv2_end_date IS NULLAND lv3_decide_done_date IS NULL
									 THEN ac_artificial1704-ac_artificial_date
									 ELSE 0.0
									  END ac_level1val
						</if>
						<if test="status != null">
							<if test="status == '人工数'"> --人工数
								,CASE WHEN lv4_end_date IS NOT NULL
									 THEN plan_artificial1704-plan_artificial1904
									 ELSE 0.0
									  END level4val,
								CASE WHEN lv3_end_date IS NOT NULL AND lv4_end_date IS NULL
									 THEN  plan_artificial1704-plan_artificial1904 
									 ELSE 0.0
									 END level3val,
									 
								CASE WHEN lv3_decide_done_date IS NOT NULL AND lv4_end_date IS NULL AND lv3_end_date IS NULL
									THEN  plan_artificial1704-plan_artificial1904 
									ELSE 0.0
									END level3_done_val,
								 
								CASE WHEN lv2_end_date IS NOT NULL AND lv4_end_date IS NULL AND lv3_end_date IS NULL AND lv3_decide_done_date IS NULL
									 THEN plan_artificial1704-plan_artificial1904 
									 ELSE 0.0
									  END level2val,
								CASE WHEN lv4_end_date IS NULL AND lv3_end_date IS NULL AND lv2_end_date IS NULL AND lv3_decide_done_date IS NULL
									 THEN plan_artificial1704-plan_artificial1904
									 ELSE 0.0
									  END level1val,
									  
									  
								CASE WHEN lv4_end_date IS NOT NULL
									 THEN ac_artificial1704-ac_artificial_date
									 ELSE 0.0
									  END ac_level4val,
								CASE WHEN lv3_end_date IS NOT NULL AND lv4_end_date IS NULL
									 THEN  ac_artificial1704-ac_artificial_date
									 ELSE 0.0
									 END ac_level3val,
									 
									 
							 	CASE WHEN lv3_decide_done_date IS NOT NULL AND lv4_end_date IS NULL AND lv3_end_date IS NULL
									 THEN  ac_artificial1704-ac_artificial_date
									 ELSE 0.0
									 END ac_level3_done_val,
									 
								CASE WHEN lv2_end_date IS NOT NULL AND lv4_end_date IS NULL AND lv3_end_date IS NULL AND lv3_decide_done_date IS NULL
									 THEN  ac_artificial1704-ac_artificial_date
									 ELSE 0.0
									  END ac_level2val,
								CASE WHEN lv4_end_date IS NULL AND lv3_end_date IS NULL AND lv2_end_date IS NULL AND lv3_decide_done_date IS NULL
									 THEN ac_artificial1704-ac_artificial_date
									 ELSE 0.0
									  END ac_level1val
							  </if>
							  <if test="status == '施策数'"> --件数 
								,CASE WHEN lv4_end_date IS NOT NULL
									 THEN CAST(1 as numeric)
									 ELSE 0.0
									  END level4val,
								CASE WHEN lv3_end_date IS NOT NULL AND lv4_end_date IS NULL
									 THEN CAST(1 as numeric)
									 ELSE 0.0
									 END level3val,
									 
								CASE WHEN lv3_decide_done_date IS NOT NULL AND lv4_end_date IS NULL AND lv3_end_date IS NULL
								 	THEN CAST(1 as numeric)
								 	ELSE 0.0
								 	END level3_done_val,
								 	
								CASE WHEN lv2_end_date IS NOT NULL AND lv4_end_date IS NULL AND lv3_end_date IS NULL AND lv3_decide_done_date IS NULL
									 THEN CAST(1 as numeric)
									 ELSE 0.0
									  END level2val,
								CASE WHEN lv4_end_date IS NULL AND lv3_end_date IS NULL AND lv2_end_date IS NULL AND lv3_decide_done_date IS NULL
									 THEN CAST(1 as numeric) 
									 ELSE 0.0
									  END level1val
								
							  </if>
							  <if test="status == '金額'"> --金額
								,CASE WHEN lv4_end_date IS NOT NULL
									 THEN CASE WHEN 0 > plan_budget_effect1719
									 	  	   THEN 0.0
									 	  	   ELSE plan_budget_effect1719 END
									 ELSE 0.0
									  END level4val,
								CASE WHEN lv3_end_date IS NOT NULL AND lv4_end_date IS NULL
									 THEN  CASE WHEN 0 > plan_budget_effect1719
									 	  	   THEN 0.0
									 	  	   ELSE plan_budget_effect1719 END
									 ELSE 0.0
									 END level3val,
									 
								CASE WHEN lv3_decide_done_date IS NOT NULL AND lv4_end_date IS NULL AND lv3_end_date IS NULL
									 	THEN  CASE WHEN 0 > plan_budget_effect1719
							 	  	 	THEN 0.0
									 	ELSE plan_budget_effect1719 END
									 ELSE 0.0
									 END level3_done_val,
									 
								CASE WHEN lv2_end_date IS NOT NULL AND lv4_end_date IS NULL AND lv3_end_date IS NULL AND lv3_decide_done_date IS NULL
									 THEN  CASE WHEN 0 > plan_budget_effect1719
									 	  	   THEN 0.0
									 	  	   ELSE plan_budget_effect1719 END
									 ELSE 0.0
									  END level2val,
								CASE WHEN lv4_end_date IS NULL AND lv3_end_date IS NULL AND lv2_end_date IS NULL AND lv3_decide_done_date IS NULL
									 THEN CASE WHEN plan_budget_effect1719 IS NULL OR 0 > plan_budget_effect1719 THEN 0.0
									 		   ELSE plan_budget_effect1719 END
									 ELSE 0.0
									END level1val,
									  
									  
									  
								CASE WHEN lv4_end_date IS NOT NULL
									 THEN CASE WHEN 0 > ac_budget_effect1719
									 	  	   THEN 0.0
									 	  	   ELSE ac_budget_effect1719 END
									 ELSE 0.0
									  END ac_level4val,
								 CASE WHEN lv3_end_date IS NOT NULL AND lv4_end_date IS NULL
								 THEN  CASE WHEN 0 > ac_budget_effect1719
								 	  	   THEN 0.0
								 	  	   ELSE ac_budget_effect1719 END
								 ELSE 0.0
								 END ac_level3val,
								 
								CASE WHEN lv3_decide_done_date IS NOT NULL AND lv4_end_date IS NULL AND lv3_end_date IS NULL
									 THEN  CASE WHEN 0 > ac_budget_effect1719
									 	  	   THEN 0.0
									 	  	   ELSE ac_budget_effect1719 END
									 ELSE 0.0
									 END ac_level3_done_val, 
									 
								CASE WHEN lv2_end_date IS NOT NULL AND lv4_end_date IS NULL AND lv3_end_date IS NULL AND lv3_decide_done_date IS NULL
									 THEN  CASE WHEN 0 > ac_budget_effect1719
									 	  	   THEN 0.0
									 	  	   ELSE ac_budget_effect1719 END
									 ELSE 0.0
									  END ac_level2val,
								CASE WHEN lv4_end_date IS NULL AND lv3_end_date IS NULL AND lv2_end_date IS NULL AND lv3_decide_done_date IS NULL
									 THEN CASE WHEN ac_budget_effect1719 IS NULL OR 0 > ac_budget_effect1719 THEN 0.0
									 		   ELSE ac_budget_effect1719 END
									 ELSE 0.0
									  END ac_level1val
								</if>
						</if>
					FROM  (SELECT name,
							tu_created_on,
							id,
							tracker_id,
							project_id,
							subject,
							description,
							due_date,
							category_id,
							status_id,
							assigned_to_id,
							priority_id,
							fixed_version_id,
							author_id,
							lock_version,
							created_on,
							updated_on,
							start_date,
							done_ratio,
							estimated_hours,
							parent_id,
							root_id,
							lft,
							rgt,
							is_private,
							"position",
							remaining_hours,
							root_seq,
							organization_cd,
							story_points,
							release_id,
							release_relationship,
							branch_number,
							tu_category,
							cut_method,
							responsibility,
							origin_depart,
							company,
							supervision,
							headquarters,
							superdepart,
							department,
							constant_spot,
							dispartch,
							new_exist_update,
							area_name,
							facility,
							service_name,
							pjname_constant,
							pn_supplement,
							work_category,
							work_name,
							work_content,
							client,
							on_off_near,
							ps_end_date,
							deploy_name,
							dn_add,
							must_task,
							tu_yn,
							tu_number,
							budget_kind,
							budget_number,
							plan_budget1704,
							plan_budget1705,
							plan_budget1706,
							plan_budget1707,
							plan_budget1708,
							plan_budget1709,
							plan_budget1710,
							plan_budget1711,
							plan_budget1712,
							plan_budget1701,
							plan_budget1702,
							plan_budget1703,
							plan_budget1804,
							plan_budget1805,
							plan_budget1806,
							plan_budget1807,
							plan_budget1808,
							plan_budget1809,
							plan_budget1810,
							plan_budget1811,
							plan_budget1812,
							plan_budget1801,
							plan_budget1802,
							plan_budget1803,
							plan_budget1904,
							artificial_unit,
							plan_artificial1704,
							plan_artificial1705,
							plan_artificial1706,
							plan_artificial1707,
							plan_artificial1708,
							plan_artificial1709,
							plan_artificial1710,
							plan_artificial1711,
							plan_artificial1712,
							plan_artificial1701,
							plan_artificial1702,
							plan_artificial1703,
							plan_artificial1804,
							plan_artificial1805,
							plan_artificial1806,
							plan_artificial1807,
							plan_artificial1808,
							plan_artificial1809,
							plan_artificial1810,
							plan_artificial1811,
							plan_artificial1812,
							plan_artificial1801,
							plan_artificial1802,
							plan_artificial1803,
							plan_artificial1904,
							ac_budget1704,
							ac_budget1705,
							ac_budget1706,
							ac_budget1707,
							ac_budget1708,
							ac_budget1709,
							ac_budget1710,
							ac_budget1711,
							ac_budget1712,
							ac_budget1701,
							ac_budget1702,
							ac_budget1703,
							ac_budget1804,
							ac_budget1805,
							ac_budget1806,
							ac_budget1807,
							ac_budget1808,
							ac_budget1809,
							ac_budget1810,
							ac_budget1811,
							ac_budget1812,
							ac_budget1801,
							ac_budget1802,
							ac_budget1803,
							ac_budget1904,
							ac_artificial1704,
							ac_artificial1705,
							ac_artificial1706,
							ac_artificial1707,
							ac_artificial1708,
							ac_artificial1709,
							ac_artificial1710,
							ac_artificial1711,
							ac_artificial1712,
							ac_artificial1701,
							ac_artificial1702,
							ac_artificial1703,
							ac_artificial1804,
							ac_artificial1805,
							ac_artificial1806,
							ac_artificial1807,
							ac_artificial1808,
							ac_artificial1809,
							ac_artificial1810,
							ac_artificial1811,
							ac_artificial1812,
							ac_artificial1801,
							ac_artificial1802,
							ac_artificial1803,
							ac_artificial1904,
							dotask,
							dotask_detail,
							in_must_artificial,
							out_must_artificial,
							must_skill,
							shift_date,
							shift_people,
							risk,
							addcost_exist,
							addcost,
							addcost_use,
							status,
							tu_category_id,
							cut_method_id,
							supervision_id,
							headquarters_id,
							superdepart_id,
							department_id,
							area_name_id,
							facility_id,
							service_name_id,
							pjname_constant_id,
							work_category_id,
							work_name_id,
							sum_plan_budget17,
							sum_plan_budget18,
							sum_plan_budget19,
							sum_plan_artificial17,
							sum_plan_artificial18,
							sum_plan_artificial19,
							sum_ac_budget17,
							sum_ac_budget18,
							sum_ac_budget19,
							sum_ac_artificial17,
							sum_ac_artificial18,
							sum_ac_artificial19,
							plan_budget_effect1718,
							--<![CDATA[CASE WHEN plan_budget_effect1719 < 0 THEN 0 ELSE plan_budget_effect1719 END AS plan_budget_effect1719]]>,
							--<![CDATA[CASE WHEN plan_artificial_effect1719 < 0 THEN 0 ELSE plan_artificial_effect1719 END AS plan_artificial_effect1719]]>,
							plan_budget_effect1719,
							plan_artificial_effect1719,
							
							plan_artificial_effect1718,
							ac_budget_effect1718,
							ac_budget_effect1719,
							ac_artificial_effect1718,
							ac_artificial_effect1719,
							lv1_id,
							lv1_parent_id,
							lv1_start_date,
							lv1_due_date,
							<![CDATA[CASE WHEN lv1_end_date > current_date]]> THEN NULL ELSE lv1_end_date END AS lv1_end_date,
							lv1_value,
							lv2_id,
							lv2_parent_id,
							lv2_start_date,
							lv2_due_date,
							<![CDATA[CASE WHEN lv2_end_date > current_date]]> THEN NULL ELSE lv2_end_date END AS lv2_end_date,
							lv2_value,
							lv3_id,
							lv3_parent_id,
							lv3_start_date,
							lv3_due_date,
							<![CDATA[CASE WHEN lv3_start_date > current_date OR lv2_end_date IS NULL ]]> THEN NULL ELSE lv3_start_date END AS lv3_decide_done_date,
							<![CDATA[CASE WHEN lv3_end_date > current_date]]> THEN NULL ELSE lv3_end_date END AS lv3_end_date,
							lv3_value,
							lv4_id,
							lv4_parent_id,
							lv4_start_date,
							lv4_due_date,
							<![CDATA[CASE WHEN lv4_end_date > current_date]]> THEN NULL ELSE lv4_end_date END AS lv4_end_date,
							lv4_value,
							CASE 
								WHEN ac_artificial1904 IS NOT NULL AND ac_artificial1904 != 0 THEN ac_artificial1904
								WHEN ac_artificial1803 IS NOT NULL AND ac_artificial1803 != 0 THEN ac_artificial1803
								WHEN ac_artificial1802 IS NOT NULL AND ac_artificial1802 != 0 THEN ac_artificial1802
								WHEN ac_artificial1801 IS NOT NULL AND ac_artificial1801 != 0 THEN ac_artificial1801
								WHEN ac_artificial1812 IS NOT NULL AND ac_artificial1812 != 0 THEN ac_artificial1812
								WHEN ac_artificial1811 IS NOT NULL AND ac_artificial1811 != 0 THEN ac_artificial1811
								WHEN ac_artificial1810 IS NOT NULL AND ac_artificial1810 != 0 THEN ac_artificial1810
								WHEN ac_artificial1809 IS NOT NULL AND ac_artificial1809 != 0 THEN ac_artificial1809
								WHEN ac_artificial1808 IS NOT NULL AND ac_artificial1808 != 0 THEN ac_artificial1808
								WHEN ac_artificial1807 IS NOT NULL AND ac_artificial1807 != 0 THEN ac_artificial1807
								WHEN ac_artificial1806 IS NOT NULL AND ac_artificial1806 != 0 THEN ac_artificial1806
								WHEN ac_artificial1805 IS NOT NULL AND ac_artificial1805 != 0 THEN ac_artificial1805
								WHEN ac_artificial1804 IS NOT NULL AND ac_artificial1804 != 0 THEN ac_artificial1804
								WHEN ac_artificial1703 IS NOT NULL AND ac_artificial1703 != 0 THEN ac_artificial1703
								WHEN ac_artificial1702 IS NOT NULL AND ac_artificial1702 != 0 THEN ac_artificial1702
								WHEN ac_artificial1701 IS NOT NULL AND ac_artificial1701 != 0 THEN ac_artificial1701
								WHEN ac_artificial1712 IS NOT NULL AND ac_artificial1712 != 0 THEN ac_artificial1712
								WHEN ac_artificial1711 IS NOT NULL AND ac_artificial1711 != 0 THEN ac_artificial1711
								WHEN ac_artificial1710 IS NOT NULL AND ac_artificial1710 != 0 THEN ac_artificial1710
								WHEN ac_artificial1709 IS NOT NULL AND ac_artificial1709 != 0 THEN ac_artificial1709
								WHEN ac_artificial1708 IS NOT NULL AND ac_artificial1708 != 0 THEN ac_artificial1708
								WHEN ac_artificial1707 IS NOT NULL AND ac_artificial1707 != 0 THEN ac_artificial1707
								WHEN ac_artificial1706 IS NOT NULL AND ac_artificial1706 != 0 THEN ac_artificial1706
								WHEN ac_artificial1705 IS NOT NULL AND ac_artificial1705 != 0 THEN ac_artificial1705
								ELSE ac_artificial1704 
							END AS ac_artificial_date
						from v_tu
						) v_tu 
			      WHERE tu_category_id != 60
			      	AND tu_category_id != 61
			      <if test="status == '人工数'"> --人工数
			      	AND artificial_unit = '人工'
			      </if>
				   <if test="headquarters_Id != 9898"> --統括
				   AND supervision_id = #{headquarters_Id}
				   </if>
				   <if test="division_id != 9898"> --本部
				   AND headquarters_id = #{division_id}
				   </if>
				   <if test="department_id != 9898"> --統括部
				   AND superdepart_id = #{department_id}
				   </if>
				   <if test="region_id != 9898"> --部
				   AND department_id = #{region_id}
				   </if>
				   <if test="dispartch == '正社員'"> --正社員/業務委託
				   AND dispartch = '正社員'
				   </if>
				   <if test="dispartch == '業務委託'"> --正社員/業務委託
				   AND (dispartch = '業務委託' OR dispartch = '派遣' OR dispartch = 'アルバイト')
				   </if>
					<if test="category == '新規'"> --新規/既存
					    AND new_exist_update = '新規'
					</if>
					<if test="category == '既存'"> --新規/既存
					    AND (new_exist_update = '既存' OR new_exist_update = '構造改革')
					</if>
				   <if test="study != null"> --保存履歴
				   AND TO_CHAR(tu_created_on,'YYYYMMDDHH24MISS') = #{study}
				   </if>
				   ) t
		      	GROUP BY 
			      		supervision,
						headquarters,
						superdepart,
						department,
						supervision_id,
						headquarters_id,
						superdepart_id,
						department_id,
						responsibility
				ORDER BY supervision_id,headquarters_id,superdepart_id,department_id,responsibility 
	</select>
	
	<select id="getActivitySumVal" resultType="java.util.Map">
		SELECT 	
			'合計' supervision,
			SUM(level4val) level4val,
			SUM(level3val) level3val,
			SUM(level3_done_val) level31val,
			SUM(level2val) level2val,
			SUM(level1val) level1val,
			SUM(level4val+level3val+level2val+level1val + level3_done_val) plan_sum_levelval,
		 	<if test="status == '施策数'"> --件数 
			 	SUM(level4val+level3val+level2val+level1val) ac_sum_levelval,
			 	SUM(level4val+level3val+level2val+level1val)-SUM(level4val+level3val+level2val+level1val) diff
			 </if>
			 <if test="status != '施策数'"> --件数 
				SUM(ac_level4val+ac_level3val+ac_level2val+ac_level1val + ac_level3_done_val) ac_sum_levelval,
				SUM(ac_level4val+ac_level3val+ac_level2val+ac_level1val + ac_level3_done_val)-SUM(level4val+level3val+level2val+level1val + level3_done_val) diff
			 </if>
		 FROM(
			  SELECT
					<if test="status == null"> --人工数
							CASE WHEN lv4_end_date IS NOT NULL
									 THEN plan_artificial1704-plan_artificial1904
									 ELSE 0.0
									  END level4val,
								CASE WHEN lv3_end_date IS NOT NULL AND lv4_end_date IS NULL
									 THEN  plan_artificial1704-plan_artificial1904 
									 ELSE 0.0
									 END level3val,
									 
								CASE WHEN lv3_decide_done_date IS NOT NULL AND lv4_end_date IS NULL AND lv3_end_date IS NULL
									 THEN  plan_artificial1704-plan_artificial1904 
									 ELSE 0.0
									 END level3_done_val,	 
									 
								CASE WHEN lv2_end_date IS NOT NULL AND lv4_end_date IS NULL AND lv3_end_date IS NULL AND lv3_decide_done_date IS NULL
									 THEN  plan_artificial1704-plan_artificial1904 
									 ELSE 0.0
									  END level2val,
								CASE WHEN lv4_end_date IS NULL AND lv3_end_date IS NULL AND lv2_end_date IS NULL AND lv3_decide_done_date IS NULL
									 THEN plan_artificial1704-plan_artificial1904
									 ELSE 0.0
									  END level1val,
							 	CASE WHEN lv4_end_date IS NOT NULL
									 THEN ac_artificial1704-ac_artificial_date
									 ELSE 0.0
									  END ac_level4val,
								CASE WHEN lv3_end_date IS NOT NULL AND lv4_end_date IS NULL
									 THEN ac_artificial1704-ac_artificial_date
									 ELSE 0.0
									 END ac_level3val,
									 
								CASE WHEN lv3_decide_done_date IS NOT NULL AND lv4_end_date IS NULL AND lv3_end_date IS NULL
									 THEN ac_artificial1704-ac_artificial_date
									 ELSE 0.0
									 END ac_level3_done_val,
									 
								CASE WHEN lv2_end_date IS NOT NULL AND lv4_end_date IS NULL AND lv3_end_date IS NULL AND lv3_decide_done_date IS NULL
									 THEN  ac_artificial1704-ac_artificial_date
									 ELSE 0.0
									  END ac_level2val,
								CASE WHEN lv4_end_date IS NULL AND lv3_end_date IS NULL AND lv2_end_date IS NULL AND lv3_decide_done_date IS NULL
									 THEN ac_artificial1704-ac_artificial_date
									 ELSE 0.0
									  END ac_level1val
						</if>
						<if test="status != null">
							<if test="status == '人工数'"> --人工数
								CASE WHEN lv4_end_date IS NOT NULL
									 THEN plan_artificial1704-plan_artificial1904
									 ELSE 0.0
									  END level4val,
								CASE WHEN lv3_end_date IS NOT NULL AND lv4_end_date IS NULL
									 THEN  plan_artificial1704-plan_artificial1904
									 ELSE 0.0
									 END level3val,
									 
								CASE WHEN lv3_decide_done_date IS NOT NULL AND lv4_end_date IS NULL AND lv3_end_date IS NULL
									 THEN  plan_artificial1704-plan_artificial1904
									 ELSE 0.0
									 END level3_done_val,
									 
									 
								CASE WHEN lv2_end_date IS NOT NULL AND lv4_end_date IS NULL AND lv3_end_date IS NULL AND lv3_decide_done_date IS NULL
									 THEN  plan_artificial1704-plan_artificial1904
									 ELSE 0.0
									  END level2val,
								CASE WHEN lv4_end_date IS NULL AND lv3_end_date IS NULL AND lv2_end_date IS NULL AND lv3_decide_done_date IS NULL
									 THEN plan_artificial1704-plan_artificial1904
									 ELSE 0.0
									  END level1val,
									  
								CASE WHEN lv4_end_date IS NOT NULL
									 THEN ac_artificial1704-ac_artificial_date
									 ELSE 0.0
									  END ac_level4val,
								CASE WHEN lv3_end_date IS NOT NULL AND lv4_end_date IS NULL
									 THEN  ac_artificial1704-ac_artificial_date
									 ELSE 0.0
									 END ac_level3val,
									 
								CASE WHEN lv3_decide_done_date IS NOT NULL AND lv4_end_date IS NULL AND lv3_end_date IS NULL
									 THEN  ac_artificial1704-ac_artificial_date
									 ELSE 0.0
									 END ac_level3_done_val,
									 
								CASE WHEN lv2_end_date IS NOT NULL AND lv4_end_date IS NULL AND lv3_end_date IS NULL AND lv3_decide_done_date IS NULL
									 THEN  ac_artificial1704-ac_artificial_date 
									 ELSE 0.0
									  END ac_level2val,
								CASE WHEN lv4_end_date IS NULL AND lv3_end_date IS NULL AND lv2_end_date IS NULL AND lv3_decide_done_date IS NULL
									 THEN ac_artificial1704-ac_artificial_date
									 ELSE 0.0
									  END ac_level1val
							  </if>
							  <if test="status == '施策数'"> --件数 
								CASE WHEN lv4_end_date IS NOT NULL
									 THEN CAST(1 as numeric)
									 ELSE 0.0
									  END level4val,
								CASE WHEN lv3_end_date IS NOT NULL AND lv4_end_date IS NULL
									 THEN CAST(1 as numeric)
									 ELSE 0.0
									 END level3val,
								CASE WHEN lv2_end_date IS NOT NULL AND lv4_end_date IS NULL AND lv3_end_date IS NULL
									 THEN CAST(1 as numeric)
									 ELSE 0.0
									  END level2val,
								CASE WHEN lv4_end_date IS NULL AND lv3_end_date IS NULL AND lv2_end_date IS NULL 
									 THEN CAST(1 as numeric) 
									 ELSE 0.0
									  END level1val
								
							  </if>
							  <if test="status == '金額'"> --金額
								CASE WHEN lv4_end_date IS NOT NULL
									 THEN CASE WHEN 0 > plan_budget_effect1719
									 	  	   THEN 0.0
									 	  	   ELSE plan_budget_effect1719 END
									 ELSE 0.0
									  END level4val,
								CASE WHEN lv3_end_date IS NOT NULL AND lv4_end_date IS NULL
									 THEN  CASE WHEN 0 > plan_budget_effect1719
									 	  	   THEN 0.0
									 	  	   ELSE plan_budget_effect1719 END
									 ELSE 0.0
									 END level3val,
								CASE WHEN lv2_end_date IS NOT NULL AND lv4_end_date IS NULL AND lv3_end_date IS NULL
									 THEN  CASE WHEN 0 > plan_budget_effect1719
									 	  	   THEN 0.0
									 	  	   ELSE plan_budget_effect1719 END
									 ELSE 0.0
									  END level2val,
								CASE WHEN lv4_end_date IS NULL AND lv3_end_date IS NULL AND lv2_end_date IS NULL 
									 THEN CASE WHEN plan_budget_effect1719 IS NULL OR 0 > plan_budget_effect1719 THEN 0.0
									 		   ELSE plan_budget_effect1719 END
									 ELSE 0.0
									  END level1val,
								CASE WHEN lv4_end_date IS NOT NULL
									 THEN CASE WHEN 0 > ac_budget_effect1719
									 	  	   THEN 0.0
									 	  	   ELSE ac_budget_effect1719 END
									 ELSE 0.0
									  END ac_level4val,
								CASE WHEN lv3_end_date IS NOT NULL AND lv4_end_date IS NULL
									 THEN  CASE WHEN 0 > ac_budget_effect1719
									 	  	   THEN 0.0
									 	  	   ELSE ac_budget_effect1719 END
									 ELSE 0.0
									 END ac_level3val,
								CASE WHEN lv2_end_date IS NOT NULL AND lv4_end_date IS NULL AND lv3_end_date IS NULL
									 THEN  CASE WHEN 0 > ac_budget_effect1719
									 	  	   THEN 0.0
									 	  	   ELSE ac_budget_effect1719 END
									 ELSE 0.0
									  END ac_level2val,
								CASE WHEN lv4_end_date IS NULL AND lv3_end_date IS NULL AND lv2_end_date IS NULL 
									 THEN CASE WHEN ac_budget_effect1719 IS NULL OR 0 > ac_budget_effect1719 THEN 0.0
									 		   ELSE ac_budget_effect1719 END
									 ELSE 0.0
									  END ac_level1val
								</if>
						</if>
					FROM  (SELECT name,
							tu_created_on,
							id,
							tracker_id,
							project_id,
							subject,
							description,
							due_date,
							category_id,
							status_id,
							assigned_to_id,
							priority_id,
							fixed_version_id,
							author_id,
							lock_version,
							created_on,
							updated_on,
							start_date,
							done_ratio,
							estimated_hours,
							parent_id,
							root_id,
							lft,
							rgt,
							is_private,
							"position",
							remaining_hours,
							root_seq,
							organization_cd,
							story_points,
							release_id,
							release_relationship,
							branch_number,
							tu_category,
							cut_method,
							responsibility,
							origin_depart,
							company,
							supervision,
							headquarters,
							superdepart,
							department,
							constant_spot,
							dispartch,
							new_exist_update,
							area_name,
							facility,
							service_name,
							pjname_constant,
							pn_supplement,
							work_category,
							work_name,
							work_content,
							client,
							on_off_near,
							ps_end_date,
							deploy_name,
							dn_add,
							must_task,
							tu_yn,
							tu_number,
							budget_kind,
							budget_number,
							plan_budget1704,
							plan_budget1705,
							plan_budget1706,
							plan_budget1707,
							plan_budget1708,
							plan_budget1709,
							plan_budget1710,
							plan_budget1711,
							plan_budget1712,
							plan_budget1701,
							plan_budget1702,
							plan_budget1703,
							plan_budget1804,
							plan_budget1805,
							plan_budget1806,
							plan_budget1807,
							plan_budget1808,
							plan_budget1809,
							plan_budget1810,
							plan_budget1811,
							plan_budget1812,
							plan_budget1801,
							plan_budget1802,
							plan_budget1803,
							plan_budget1904,
							artificial_unit,
							plan_artificial1704,
							plan_artificial1705,
							plan_artificial1706,
							plan_artificial1707,
							plan_artificial1708,
							plan_artificial1709,
							plan_artificial1710,
							plan_artificial1711,
							plan_artificial1712,
							plan_artificial1701,
							plan_artificial1702,
							plan_artificial1703,
							plan_artificial1804,
							plan_artificial1805,
							plan_artificial1806,
							plan_artificial1807,
							plan_artificial1808,
							plan_artificial1809,
							plan_artificial1810,
							plan_artificial1811,
							plan_artificial1812,
							plan_artificial1801,
							plan_artificial1802,
							plan_artificial1803,
							plan_artificial1904,
							ac_budget1704,
							ac_budget1705,
							ac_budget1706,
							ac_budget1707,
							ac_budget1708,
							ac_budget1709,
							ac_budget1710,
							ac_budget1711,
							ac_budget1712,
							ac_budget1701,
							ac_budget1702,
							ac_budget1703,
							ac_budget1804,
							ac_budget1805,
							ac_budget1806,
							ac_budget1807,
							ac_budget1808,
							ac_budget1809,
							ac_budget1810,
							ac_budget1811,
							ac_budget1812,
							ac_budget1801,
							ac_budget1802,
							ac_budget1803,
							ac_budget1904,
							ac_artificial1704,
							ac_artificial1705,
							ac_artificial1706,
							ac_artificial1707,
							ac_artificial1708,
							ac_artificial1709,
							ac_artificial1710,
							ac_artificial1711,
							ac_artificial1712,
							ac_artificial1701,
							ac_artificial1702,
							ac_artificial1703,
							ac_artificial1804,
							ac_artificial1805,
							ac_artificial1806,
							ac_artificial1807,
							ac_artificial1808,
							ac_artificial1809,
							ac_artificial1810,
							ac_artificial1811,
							ac_artificial1812,
							ac_artificial1801,
							ac_artificial1802,
							ac_artificial1803,
							ac_artificial1904,
							dotask,
							dotask_detail,
							in_must_artificial,
							out_must_artificial,
							must_skill,
							shift_date,
							shift_people,
							risk,
							addcost_exist,
							addcost,
							addcost_use,
							status,
							tu_category_id,
							cut_method_id,
							supervision_id,
							headquarters_id,
							superdepart_id,
							department_id,
							area_name_id,
							facility_id,
							service_name_id,
							pjname_constant_id,
							work_category_id,
							work_name_id,
							sum_plan_budget17,
							sum_plan_budget18,
							sum_plan_budget19,
							sum_plan_artificial17,
							sum_plan_artificial18,
							sum_plan_artificial19,
							sum_ac_budget17,
							sum_ac_budget18,
							sum_ac_budget19,
							sum_ac_artificial17,
							sum_ac_artificial18,
							sum_ac_artificial19,
							plan_budget_effect1718,
							--<![CDATA[CASE WHEN plan_budget_effect1719 < 0 THEN 0 ELSE plan_budget_effect1719 END AS plan_budget_effect1719]]>,
							--<![CDATA[CASE WHEN plan_artificial_effect1719 < 0 THEN 0 ELSE plan_artificial_effect1719 END AS plan_artificial_effect1719]]>,
							plan_budget_effect1719,
							plan_artificial_effect1719,
							
							plan_artificial_effect1718,
							ac_budget_effect1718,
							ac_budget_effect1719,
							ac_artificial_effect1718,
							ac_artificial_effect1719,
							lv1_id,
							lv1_parent_id,
							lv1_start_date,
							lv1_due_date,
							<![CDATA[CASE WHEN lv1_end_date > current_date]]> THEN NULL ELSE lv1_end_date END AS lv1_end_date,
							lv1_value,
							lv2_id,
							lv2_parent_id,
							lv2_start_date,
							lv2_due_date,
							<![CDATA[CASE WHEN lv2_end_date > current_date]]> THEN NULL ELSE lv2_end_date END AS lv2_end_date,
							lv2_value,
							lv3_id,
							lv3_parent_id,
							lv3_start_date,
							lv3_due_date,
							<![CDATA[CASE WHEN lv3_start_date > current_date OR lv2_end_date IS NULL ]]> THEN NULL ELSE lv3_start_date END AS lv3_decide_done_date,
							<![CDATA[CASE WHEN lv3_end_date > current_date]]> THEN NULL ELSE lv3_end_date END AS lv3_end_date,
							lv3_value,
							lv4_id,
							lv4_parent_id,
							lv4_start_date,
							lv4_due_date,
							<![CDATA[CASE WHEN lv4_end_date > current_date]]> THEN NULL ELSE lv4_end_date END AS lv4_end_date,
							lv4_value,
							CASE 
								WHEN ac_artificial1904 IS NOT NULL AND ac_artificial1904 != 0 THEN ac_artificial1904
								WHEN ac_artificial1803 IS NOT NULL AND ac_artificial1803 != 0 THEN ac_artificial1803
								WHEN ac_artificial1802 IS NOT NULL AND ac_artificial1802 != 0 THEN ac_artificial1802
								WHEN ac_artificial1801 IS NOT NULL AND ac_artificial1801 != 0 THEN ac_artificial1801
								WHEN ac_artificial1812 IS NOT NULL AND ac_artificial1812 != 0 THEN ac_artificial1812
								WHEN ac_artificial1811 IS NOT NULL AND ac_artificial1811 != 0 THEN ac_artificial1811
								WHEN ac_artificial1810 IS NOT NULL AND ac_artificial1810 != 0 THEN ac_artificial1810
								WHEN ac_artificial1809 IS NOT NULL AND ac_artificial1809 != 0 THEN ac_artificial1809
								WHEN ac_artificial1808 IS NOT NULL AND ac_artificial1808 != 0 THEN ac_artificial1808
								WHEN ac_artificial1807 IS NOT NULL AND ac_artificial1807 != 0 THEN ac_artificial1807
								WHEN ac_artificial1806 IS NOT NULL AND ac_artificial1806 != 0 THEN ac_artificial1806
								WHEN ac_artificial1805 IS NOT NULL AND ac_artificial1805 != 0 THEN ac_artificial1805
								WHEN ac_artificial1804 IS NOT NULL AND ac_artificial1804 != 0 THEN ac_artificial1804
								WHEN ac_artificial1703 IS NOT NULL AND ac_artificial1703 != 0 THEN ac_artificial1703
								WHEN ac_artificial1702 IS NOT NULL AND ac_artificial1702 != 0 THEN ac_artificial1702
								WHEN ac_artificial1701 IS NOT NULL AND ac_artificial1701 != 0 THEN ac_artificial1701
								WHEN ac_artificial1712 IS NOT NULL AND ac_artificial1712 != 0 THEN ac_artificial1712
								WHEN ac_artificial1711 IS NOT NULL AND ac_artificial1711 != 0 THEN ac_artificial1711
								WHEN ac_artificial1710 IS NOT NULL AND ac_artificial1710 != 0 THEN ac_artificial1710
								WHEN ac_artificial1709 IS NOT NULL AND ac_artificial1709 != 0 THEN ac_artificial1709
								WHEN ac_artificial1708 IS NOT NULL AND ac_artificial1708 != 0 THEN ac_artificial1708
								WHEN ac_artificial1707 IS NOT NULL AND ac_artificial1707 != 0 THEN ac_artificial1707
								WHEN ac_artificial1706 IS NOT NULL AND ac_artificial1706 != 0 THEN ac_artificial1706
								WHEN ac_artificial1705 IS NOT NULL AND ac_artificial1705 != 0 THEN ac_artificial1705
								ELSE ac_artificial1704 
							END AS ac_artificial_date
						from v_tu
						) v_tu  
			      WHERE tu_category_id != 60
			      	AND tu_category_id != 61
			      <if test="status == '人工数'"> --人工数
			      	AND artificial_unit = '人工'
			      </if>
				   <if test="headquarters_Id != 9898"> --統括
				   AND supervision_id = #{headquarters_Id}
				   </if>
				   <if test="division_id != 9898"> --本部
				   AND headquarters_id = #{division_id}
				   </if>
				   <if test="department_id != 9898"> --統括部
				   AND superdepart_id = #{department_id}
				   </if>
				   <if test="region_id != 9898"> --部
				   AND department_id = #{region_id}
				   </if>
				   <if test="dispartch == '正社員'"> --正社員/業務委託
				   AND dispartch = '正社員'
				   </if>
				   <if test="dispartch == '業務委託'"> --正社員/業務委託
				   AND (dispartch = '業務委託' OR dispartch = '派遣' OR dispartch = 'アルバイト')
				   </if>
					<if test="category == '新規'"> --新規/既存
					    AND new_exist_update = '新規'
					</if>
					<if test="category == '既存'"> --新規/既存
					    AND (new_exist_update = '既存' OR new_exist_update = '構造改革')
					</if>
				   <if test="study != null"> --保存履歴
				   AND TO_CHAR(tu_created_on,'YYYYMMDDHH24MISS') = #{study}
				   </if>
				   ) t
	</select>
	
</mapper>