<?xml version="1.0" encoding="UTF-8" ?>
<!DOCTYPE mapper PUBLIC "-//mybatis.org//DTD Mapper 3.0//EN" "http://mybatis.org/dtd/mybatis-3-mapper.dtd" >
<mapper namespace="tuChartVdbar">
	
	<select id="getResouceBudgetTransitionInfor" resultType="java.util.Map">
	select
			dispartch,
			new_exist_update, 
			sum(plan_budget1704) plan_budget1704,
			sum(plan_budget1705) plan_budget1705,
			sum(plan_budget1706) plan_budget1706,
			sum(plan_budget1707) plan_budget1707,
			sum(plan_budget1708) plan_budget1708,
			sum(plan_budget1709) plan_budget1709,
			sum(plan_budget1710) plan_budget1710,
			sum(plan_budget1711) plan_budget1711,
			sum(plan_budget1712) plan_budget1712,
			sum(plan_budget1701) plan_budget1701,
			sum(plan_budget1702) plan_budget1702,
			sum(plan_budget1703) plan_budget1703,
			sum(plan_budget1804) plan_budget1804,
			sum(plan_budget1805) plan_budget1805,
			sum(plan_budget1806) plan_budget1806,
			sum(plan_budget1807) plan_budget1807,
			sum(plan_budget1808) plan_budget1808,
			sum(plan_budget1809) plan_budget1809,
			sum(plan_budget1810) plan_budget1810,
			sum(plan_budget1811) plan_budget1811,
			sum(plan_budget1812) plan_budget1812,
			sum(plan_budget1801) plan_budget1801,
			sum(plan_budget1802) plan_budget1802,
			sum(plan_budget1803) plan_budget1803,
			sum(plan_budget1904) plan_budget1904,
			sum(ac_budget1704) ac_budget1704,
			sum(ac_budget1705) ac_budget1705,
			sum(ac_budget1706) ac_budget1706,
			sum(ac_budget1707) ac_budget1707,
			sum(ac_budget1708) ac_budget1708,
			sum(ac_budget1709) ac_budget1709,
			sum(ac_budget1710) ac_budget1710,
			sum(ac_budget1711) ac_budget1711,
			sum(ac_budget1712) ac_budget1712,
			sum(ac_budget1701) ac_budget1701,
			sum(ac_budget1702) ac_budget1702,
			sum(ac_budget1703) ac_budget1703,
			sum(ac_budget1804) ac_budget1804,
			sum(ac_budget1805) ac_budget1805,
			sum(ac_budget1806) ac_budget1806,
			sum(ac_budget1807) ac_budget1807,
			sum(ac_budget1808) ac_budget1808,
			sum(ac_budget1809) ac_budget1809,
			sum(ac_budget1810) ac_budget1810,
			sum(ac_budget1811) ac_budget1811,
			sum(ac_budget1812) ac_budget1812,
			sum(ac_budget1801) ac_budget1801,
			sum(ac_budget1802) ac_budget1802,
			sum(ac_budget1803) ac_budget1803,
			sum(ac_budget1904) ac_budget1904
	from	(
			select 
	 		case when dispartch = '正社員'
			then '正社員' 
			else '業務委託'
			end 
			dispartch,
			case when new_exist_update = '新規'
				then '新規' 
				else '既存'
				end 
			new_exist_update, 
			sum(plan_budget1704) plan_budget1704,
			sum(plan_budget1705) plan_budget1705,
			sum(plan_budget1706) plan_budget1706,
			sum(plan_budget1707) plan_budget1707,
			sum(plan_budget1708) plan_budget1708,
			sum(plan_budget1709) plan_budget1709,
			sum(plan_budget1710) plan_budget1710,
			sum(plan_budget1711) plan_budget1711,
			sum(plan_budget1712) plan_budget1712,
			sum(plan_budget1701) plan_budget1701,
			sum(plan_budget1702) plan_budget1702,
			sum(plan_budget1703) plan_budget1703,
			sum(plan_budget1804) plan_budget1804,
			sum(plan_budget1805) plan_budget1805,
			sum(plan_budget1806) plan_budget1806,
			sum(plan_budget1807) plan_budget1807,
			sum(plan_budget1808) plan_budget1808,
			sum(plan_budget1809) plan_budget1809,
			sum(plan_budget1810) plan_budget1810,
			sum(plan_budget1811) plan_budget1811,
			sum(plan_budget1812) plan_budget1812,
			sum(plan_budget1801) plan_budget1801,
			sum(plan_budget1802) plan_budget1802,
			sum(plan_budget1803) plan_budget1803,
			sum(plan_budget1904) plan_budget1904,
			sum(ac_budget1704) ac_budget1704,
			sum(ac_budget1705) ac_budget1705,
			sum(ac_budget1706) ac_budget1706,
			sum(ac_budget1707) ac_budget1707,
			sum(ac_budget1708) ac_budget1708,
			sum(ac_budget1709) ac_budget1709,
			sum(ac_budget1710) ac_budget1710,
			sum(ac_budget1711) ac_budget1711,
			sum(ac_budget1712) ac_budget1712,
			sum(ac_budget1701) ac_budget1701,
			sum(ac_budget1702) ac_budget1702,
			sum(ac_budget1703) ac_budget1703,
			sum(ac_budget1804) ac_budget1804,
			sum(ac_budget1805) ac_budget1805,
			sum(ac_budget1806) ac_budget1806,
			sum(ac_budget1807) ac_budget1807,
			sum(ac_budget1808) ac_budget1808,
			sum(ac_budget1809) ac_budget1809,
			sum(ac_budget1810) ac_budget1810,
			sum(ac_budget1811) ac_budget1811,
			sum(ac_budget1812) ac_budget1812,
			sum(ac_budget1801) ac_budget1801,
			sum(ac_budget1802) ac_budget1802,
			sum(ac_budget1803) ac_budget1803,
			sum(ac_budget1904) ac_budget1904
		from 
			v_tu
		where
			 tu_category != '付替'
			<if test="headquarters_id != 9898"> 
			AND supervision_id = #{headquarters_id}
			</if>
			<if test="division_id != 9898"> 
			AND headquarters_id = #{division_id}
			</if>
			<if test="department_id != 9898"> 
			AND superdepart_id = #{department_id}
			</if>
			<if test="region_id != 9898"> 
			AND department_id = #{region_id}
			</if>
			<if test="dispartch == '正社員'">
			AND dispartch = '正社員'
			</if>
			<if test="dispartch == '業務委託'"> 
			AND (dispartch = '業務委託' OR dispartch = '派遣' OR dispartch = 'アルバイト')
			</if>
			<if test="category == '新規'"> 
			AND new_exist_update = '新規'
			</if>
			<if test="category == '既存'">
			AND (new_exist_update = '既存' OR new_exist_update = '構造改革')
			</if>
			<if test="artificial_unit != null"> 
			AND artificial_unit = #{artificial_unit}
			</if>
			<if test="study != null"> 
			AND TO_CHAR(tu_created_on,'YYYYMMDDHH24MISS') = #{study}
			</if>
			group by dispartch,
			new_exist_update) temp
			group by dispartch,
			new_exist_update
	</select>
	
	<select id="getResouceArtificialTransitionInfor" resultType="java.util.Map">
	select
		dispartch,
		new_exist_update, 
		sum(plan_artificial1704) plan_artificial1704,
		sum(plan_artificial1705) plan_artificial1705,
		sum(plan_artificial1706) plan_artificial1706,
		sum(plan_artificial1707) plan_artificial1707,
		sum(plan_artificial1708) plan_artificial1708,
		sum(plan_artificial1709) plan_artificial1709,
		sum(plan_artificial1710) plan_artificial1710,
		sum(plan_artificial1711) plan_artificial1711,
		sum(plan_artificial1712) plan_artificial1712,
		sum(plan_artificial1701) plan_artificial1701,
		sum(plan_artificial1702) plan_artificial1702,
		sum(plan_artificial1703) plan_artificial1703,
		sum(plan_artificial1804) plan_artificial1804,
		sum(plan_artificial1805) plan_artificial1805,
		sum(plan_artificial1806) plan_artificial1806,
		sum(plan_artificial1807) plan_artificial1807,
		sum(plan_artificial1808) plan_artificial1808,
		sum(plan_artificial1809) plan_artificial1809,
		sum(plan_artificial1810) plan_artificial1810,
		sum(plan_artificial1811) plan_artificial1811,
		sum(plan_artificial1812) plan_artificial1812,
		sum(plan_artificial1801) plan_artificial1801,
		sum(plan_artificial1802) plan_artificial1802,
		sum(plan_artificial1803) plan_artificial1803,
		sum(plan_artificial1904) plan_artificial1904,
		sum(ac_artificial1704) ac_artificial1704,
		sum(ac_artificial1705) ac_artificial1705,
		sum(ac_artificial1706) ac_artificial1706,
		sum(ac_artificial1707) ac_artificial1707,
		sum(ac_artificial1708) ac_artificial1708,
		sum(ac_artificial1709) ac_artificial1709,
		sum(ac_artificial1710) ac_artificial1710,
		sum(ac_artificial1711) ac_artificial1711,
		sum(ac_artificial1712) ac_artificial1712,
		sum(ac_artificial1701) ac_artificial1701,
		sum(ac_artificial1702) ac_artificial1702,
		sum(ac_artificial1703) ac_artificial1703,
		sum(ac_artificial1804) ac_artificial1804,
		sum(ac_artificial1805) ac_artificial1805,
		sum(ac_artificial1806) ac_artificial1806,
		sum(ac_artificial1807) ac_artificial1807,
		sum(ac_artificial1808) ac_artificial1808,
		sum(ac_artificial1809) ac_artificial1809,
		sum(ac_artificial1810) ac_artificial1810,
		sum(ac_artificial1811) ac_artificial1811,
		sum(ac_artificial1812) ac_artificial1812,
		sum(ac_artificial1801) ac_artificial1801,
		sum(ac_artificial1802) ac_artificial1802,
		sum(ac_artificial1803) ac_artificial1803,
		sum(ac_artificial1904) ac_artificial1904
	from 
	(select 
		case when dispartch = '正社員'
			then '正社員' 
			else '業務委託'
			end 
		dispartch,
		case when new_exist_update = '新規'
			then '新規' 
			else '既存'
			end 
		new_exist_update, 
		sum(plan_artificial1704) plan_artificial1704,
		sum(plan_artificial1705) plan_artificial1705,
		sum(plan_artificial1706) plan_artificial1706,
		sum(plan_artificial1707) plan_artificial1707,
		sum(plan_artificial1708) plan_artificial1708,
		sum(plan_artificial1709) plan_artificial1709,
		sum(plan_artificial1710) plan_artificial1710,
		sum(plan_artificial1711) plan_artificial1711,
		sum(plan_artificial1712) plan_artificial1712,
		sum(plan_artificial1701) plan_artificial1701,
		sum(plan_artificial1702) plan_artificial1702,
		sum(plan_artificial1703) plan_artificial1703,
		sum(plan_artificial1804) plan_artificial1804,
		sum(plan_artificial1805) plan_artificial1805,
		sum(plan_artificial1806) plan_artificial1806,
		sum(plan_artificial1807) plan_artificial1807,
		sum(plan_artificial1808) plan_artificial1808,
		sum(plan_artificial1809) plan_artificial1809,
		sum(plan_artificial1810) plan_artificial1810,
		sum(plan_artificial1811) plan_artificial1811,
		sum(plan_artificial1812) plan_artificial1812,
		sum(plan_artificial1801) plan_artificial1801,
		sum(plan_artificial1802) plan_artificial1802,
		sum(plan_artificial1803) plan_artificial1803,
		sum(plan_artificial1904) plan_artificial1904,
		sum(ac_artificial1704) ac_artificial1704,
		sum(ac_artificial1705) ac_artificial1705,
		sum(ac_artificial1706) ac_artificial1706,
		sum(ac_artificial1707) ac_artificial1707,
		sum(ac_artificial1708) ac_artificial1708,
		sum(ac_artificial1709) ac_artificial1709,
		sum(ac_artificial1710) ac_artificial1710,
		sum(ac_artificial1711) ac_artificial1711,
		sum(ac_artificial1712) ac_artificial1712,
		sum(ac_artificial1701) ac_artificial1701,
		sum(ac_artificial1702) ac_artificial1702,
		sum(ac_artificial1703) ac_artificial1703,
		sum(ac_artificial1804) ac_artificial1804,
		sum(ac_artificial1805) ac_artificial1805,
		sum(ac_artificial1806) ac_artificial1806,
		sum(ac_artificial1807) ac_artificial1807,
		sum(ac_artificial1808) ac_artificial1808,
		sum(ac_artificial1809) ac_artificial1809,
		sum(ac_artificial1810) ac_artificial1810,
		sum(ac_artificial1811) ac_artificial1811,
		sum(ac_artificial1812) ac_artificial1812,
		sum(ac_artificial1801) ac_artificial1801,
		sum(ac_artificial1802) ac_artificial1802,
		sum(ac_artificial1803) ac_artificial1803,
		sum(ac_artificial1904) ac_artificial1904	from 
		 v_tu 	
		where tu_category != '付替'
		<if test="headquarters_id != 9898"> 
		AND supervision_id = #{headquarters_id}
		</if>
		<if test="division_id != 9898"> 
		AND headquarters_id = #{division_id}
		</if>
		<if test="department_id != 9898"> 
		AND superdepart_id = #{department_id}
		</if>
		<if test="region_id != 9898"> 
		AND department_id = #{region_id}
		</if>
		<if test="dispartch == '正社員'">
		AND dispartch = '正社員'
		</if>
		<if test="dispartch == '業務委託'"> 
		AND (dispartch = '業務委託' OR dispartch = '派遣' OR dispartch = 'アルバイト')
		</if>
		<if test="category == '新規'"> 
		AND new_exist_update = '新規'
		</if>
		<if test="category == '既存'">
		AND (new_exist_update = '既存' OR new_exist_update = '構造改革')
		</if>
		<if test="artificial_unit != null"> 
		AND artificial_unit = #{artificial_unit}
		</if>
		<if test="study != null"> 
		AND TO_CHAR(tu_created_on,'YYYYMMDDHH24MISS') = #{study}
		</if> 
  		group by dispartch,	new_exist_update
	) temp
  	group by dispartch,	new_exist_update
	</select>
	
	<select id="getResouceInitTransitionInfor" resultType="java.util.Map">
		select
			dispartch,
			new_exist_update, 
			sum(plan_budget1704) plan_budget1704,
			sum(plan_budget1705) plan_budget1705,
			sum(plan_budget1706) plan_budget1706,
			sum(plan_budget1707) plan_budget1707,
			sum(plan_budget1708) plan_budget1708,
			sum(plan_budget1709) plan_budget1709,
			sum(plan_budget1710) plan_budget1710,
			sum(plan_budget1711) plan_budget1711,
			sum(plan_budget1712) plan_budget1712,
			sum(plan_budget1701) plan_budget1701,
			sum(plan_budget1702) plan_budget1702,
			sum(plan_budget1703) plan_budget1703,
			sum(plan_budget1804) plan_budget1804,
			sum(plan_budget1805) plan_budget1805,
			sum(plan_budget1806) plan_budget1806,
			sum(plan_budget1807) plan_budget1807,
			sum(plan_budget1808) plan_budget1808,
			sum(plan_budget1809) plan_budget1809,
			sum(plan_budget1810) plan_budget1810,
			sum(plan_budget1811) plan_budget1811,
			sum(plan_budget1812) plan_budget1812,
			sum(plan_budget1801) plan_budget1801,
			sum(plan_budget1802) plan_budget1802,
			sum(plan_budget1803) plan_budget1803,
			sum(plan_budget1904) plan_budget1904,
			sum(plan_artificial1704) plan_artificial1704,
			sum(plan_artificial1705) plan_artificial1705,
			sum(plan_artificial1706) plan_artificial1706,
			sum(plan_artificial1707) plan_artificial1707,
			sum(plan_artificial1708) plan_artificial1708,
			sum(plan_artificial1709) plan_artificial1709,
			sum(plan_artificial1710) plan_artificial1710,
			sum(plan_artificial1711) plan_artificial1711,
			sum(plan_artificial1712) plan_artificial1712,
			sum(plan_artificial1701) plan_artificial1701,
			sum(plan_artificial1702) plan_artificial1702,
			sum(plan_artificial1703) plan_artificial1703,
			sum(plan_artificial1804) plan_artificial1804,
			sum(plan_artificial1805) plan_artificial1805,
			sum(plan_artificial1806) plan_artificial1806,
			sum(plan_artificial1807) plan_artificial1807,
			sum(plan_artificial1808) plan_artificial1808,
			sum(plan_artificial1809) plan_artificial1809,
			sum(plan_artificial1810) plan_artificial1810,
			sum(plan_artificial1811) plan_artificial1811,
			sum(plan_artificial1812) plan_artificial1812,
			sum(plan_artificial1801) plan_artificial1801,
			sum(plan_artificial1802) plan_artificial1802,
			sum(plan_artificial1803) plan_artificial1803,
			sum(plan_artificial1904) plan_artificial1904
		from	(
			select 
	 		case when dispartch = '正社員'
			then '正社員' 
			else '業務委託'
			end 
			dispartch,
			case when new_exist_update = '新規'
				then '新規' 
				else '既存'
				end 
			new_exist_update, 
			sum(plan_budget1704) plan_budget1704,
			sum(plan_budget1705) plan_budget1705,
			sum(plan_budget1706) plan_budget1706,
			sum(plan_budget1707) plan_budget1707,
			sum(plan_budget1708) plan_budget1708,
			sum(plan_budget1709) plan_budget1709,
			sum(plan_budget1710) plan_budget1710,
			sum(plan_budget1711) plan_budget1711,
			sum(plan_budget1712) plan_budget1712,
			sum(plan_budget1701) plan_budget1701,
			sum(plan_budget1702) plan_budget1702,
			sum(plan_budget1703) plan_budget1703,
			sum(plan_budget1804) plan_budget1804,
			sum(plan_budget1805) plan_budget1805,
			sum(plan_budget1806) plan_budget1806,
			sum(plan_budget1807) plan_budget1807,
			sum(plan_budget1808) plan_budget1808,
			sum(plan_budget1809) plan_budget1809,
			sum(plan_budget1810) plan_budget1810,
			sum(plan_budget1811) plan_budget1811,
			sum(plan_budget1812) plan_budget1812,
			sum(plan_budget1801) plan_budget1801,
			sum(plan_budget1802) plan_budget1802,
			sum(plan_budget1803) plan_budget1803,
			sum(plan_budget1904) plan_budget1904,
			sum(plan_artificial1704) plan_artificial1704,
			sum(plan_artificial1705) plan_artificial1705,
			sum(plan_artificial1706) plan_artificial1706,
			sum(plan_artificial1707) plan_artificial1707,
			sum(plan_artificial1708) plan_artificial1708,
			sum(plan_artificial1709) plan_artificial1709,
			sum(plan_artificial1710) plan_artificial1710,
			sum(plan_artificial1711) plan_artificial1711,
			sum(plan_artificial1712) plan_artificial1712,
			sum(plan_artificial1701) plan_artificial1701,
			sum(plan_artificial1702) plan_artificial1702,
			sum(plan_artificial1703) plan_artificial1703,
			sum(plan_artificial1804) plan_artificial1804,
			sum(plan_artificial1805) plan_artificial1805,
			sum(plan_artificial1806) plan_artificial1806,
			sum(plan_artificial1807) plan_artificial1807,
			sum(plan_artificial1808) plan_artificial1808,
			sum(plan_artificial1809) plan_artificial1809,
			sum(plan_artificial1810) plan_artificial1810,
			sum(plan_artificial1811) plan_artificial1811,
			sum(plan_artificial1812) plan_artificial1812,
			sum(plan_artificial1801) plan_artificial1801,
			sum(plan_artificial1802) plan_artificial1802,
			sum(plan_artificial1803) plan_artificial1803,
			sum(plan_artificial1904) plan_artificial1904
			from 
				tu_init
			where
				 tu_category != '付替'
				<if test="headquarters_id != 9898"> 
				AND supervision_id = #{headquarters_id}
				</if>
				<if test="division_id != 9898"> 
				AND headquarters_id = #{division_id}
				</if>
				<if test="department_id != 9898"> 
				AND superdepart_id = #{department_id}
				</if>
				<if test="region_id != 9898"> 
				AND department_id = #{region_id}
				</if>
				<if test="dispartch == '正社員'">
				AND dispartch = '正社員'
				</if>
				<if test="dispartch == '業務委託'"> 
				AND (dispartch = '業務委託' OR dispartch = '派遣' OR dispartch = 'アルバイト')
				</if>
				<if test="category == '新規'"> 
				AND new_exist_update = '新規'
				</if>
				<if test="category == '既存'">
				AND (new_exist_update = '既存' OR new_exist_update = '構造改革')
				</if>
				<if test="artificial_unit != null"> 
				AND artificial_unit = #{artificial_unit}
				</if>
				group by dispartch,
				new_exist_update) temp
				group by dispartch,
				new_exist_update
	</select>
	<select id="getChartMultipeInfo" resultType="java.util.Map">
		SELECT 
			id, 
			headquarters_id, 
			division_id, 
			department_id, 
			region_id, 
			dispartch, 
			new_exist_update, 
			status, 
			study, 
			json_date
		FROM
			tu_graph t
		WHERE 
			id = #{id}
			AND headquarters_id = #{headquarters_id}
			AND division_id = #{division_id}
			AND department_id = #{department_id}
			AND region_id = #{region_id}
			AND dispartch = #{dispartch}
			AND new_exist_update = #{category}
			AND status = #{status}
			AND study = #{study}
	</select>

	<insert id="setChartMultipeInfo" parameterType="java.util.Map" useGeneratedKeys="true" keyProperty="id">
		<![CDATA[
		INSERT INTO tu_graph(
			id, 
			headquarters_id, 
			division_id, 
			department_id, 
			region_id, 
			dispartch, 
			new_exist_update, 
			status, 
			study, 
			json_date
		)
		VALUES (
			#{id},
			#{headquarters_id},
			#{division_id},
			#{department_id},
			#{region_id},
			#{dispartch},
			#{category},
			#{status},
			#{study},
			#{json_date}
		);
		]]>
	</insert>
	
	<delete id="delChartMultipeInfo" parameterType="java.util.Map">
		<![CDATA[
			DELETE FROM tu_graph
			WHERE 
				id = #{id} AND
				headquarters_id = #{headquarters_id} AND
				division_id = #{division_id} AND
				department_id = #{department_id} AND
				region_id = #{region_id} AND
				dispartch = #{dispartch} AND
				new_exist_update = #{category} AND
				status = #{status} AND
				study = #{study}
		]]>
	</delete>
	
</mapper>