<?xml version="1.0" encoding="UTF-8" ?>
<!DOCTYPE mapper PUBLIC "-//mybatis.org//DTD Mapper 3.0//EN" "http://mybatis.org/dtd/mybatis-3-mapper.dtd" >
<mapper namespace="tuChartMultipe">
	<select id="getChartMultipeInfo" resultType="java.util.Map">
		SELECT 
			id, 
			headquarters_id, 
			division_id, 
			department_id, 
			region_id, 
			dispartch, 
			new_exist_update, 
			status, 
			study, 
			json_date
		FROM
			tu_graph t
		WHERE 
			headquarters_id = #{headquarters_id}
			AND division_id = #{division_id}
			AND department_id = #{department_id}
			AND region_id = #{region_id}
			AND dispartch = #{dispartch}
			AND new_exist_update = #{category}
			AND status = #{status}
			AND study = #{study}
			AND id = 1
	</select>

	<insert id="setChartMultipeInfo" parameterType="java.util.Map" useGeneratedKeys="true" keyProperty="id">
		<![CDATA[
		INSERT INTO tu_graph(
			id, 
			headquarters_id, 
			division_id, 
			department_id, 
			region_id, 
			dispartch, 
			new_exist_update, 
			status, 
			study, 
			json_date
		)
		VALUES (
			#{id},
			#{headquarters_id},
			#{division_id},
			#{department_id},
			#{region_id},
			#{dispartch},
			#{category},
			#{status},
			#{study},
			#{json_date}
		);
		]]>
	</insert>
	
	<delete id="delChartMultipeInfo" parameterType="java.util.Map">
		<![CDATA[
			DELETE FROM tu_graph
			WHERE 
				id = #{id} AND
				headquarters_id = #{headquarters_id} AND
				division_id = #{division_id} AND
				department_id = #{department_id} AND
				region_id = #{region_id} AND
				dispartch = #{dispartch} AND
				new_exist_update = #{category} AND
				status = #{status} AND
				study = #{study}
		]]>
	</delete>
	<select id="getTotalInfor" resultType="java.util.Map">
	SELECT 
		CASE WHEN #{status} = '金額' THEN 
			CASE WHEN SUM (sum_plan_budget17) = 0
				THEN 0
				ELSE 
				SUM (sum_plan_budget17)/100
				END 
		ELSE SUM (sum_plan_artificial17) END AS sum_plan_artificial17,
		dispartch
	FROM (
		select 
				case when sum(plan_artificial1704)  is null 
				then 0
				else sum(plan_artificial1704) 
				end as sum_plan_artificial17 ,
				case when sum(sum_plan_budget17) is null 
				then 0
				else sum(sum_plan_budget17) 
				end as sum_plan_budget17 ,
				CASE WHEN dispartch = '正社員' THEN '正社員' ELSE '業務' END AS dispartch
		from tu_init
		where tu_category != '付替'
				<if test="headquarters_id != 9898"> 
				AND supervision_id = #{headquarters_id}
				</if>
				<if test="division_id != 9898"> 
				AND headquarters_id = #{division_id}
				</if>
				<if test="department_id != 9898"> 
				AND superdepart_id = #{department_id}
				</if>
				<if test="region_id != 9898"> 
				AND department_id = #{region_id}
				</if>
				<if test="dispartch == '正社員'">
				AND dispartch = '正社員'
				</if>
				<if test="dispartch == '業務委託'"> 
				AND (dispartch = '業務委託' OR dispartch = '派遣' OR dispartch = 'アルバイト')
				</if>
				<if test="category == '新規'"> 
				AND new_exist_update = '新規'
				</if>
				<if test="category == '既存'">
				AND (new_exist_update = '既存' OR new_exist_update = '構造改革')
				</if>
				<if test="artificial_unit != null"> 
				AND artificial_unit = #{artificial_unit}
				</if>
		GROUP BY dispartch
	)temp
	GROUP BY dispartch
	ORDER BY dispartch DESC
	</select>
	<select id="getGyoumuItakuSengetuTotalInfor" resultType="java.util.Map">
	SELECT
		CASE 
		WHEN #{status} = '金額' 
			THEN
			CASE WHEN SUM (plan_budget1904) = 0
			THEN 0
			ELSE 
			SUM (plan_budget1904)/100 
			END 
		ELSE SUM (plan_artificial1904) 
		END AS plan_artificial1904,
		dispartch
	FROM (
		select 
				case when sum(plan_artificial1904) is null 
				then 0
				else sum(plan_artificial1904) 
				end as plan_artificial1904 , 
				case when sum(plan_budget1904 ) is null 
				then 0
				else sum(plan_budget1904 * 12) 
				end as plan_budget1904 , 
				CASE WHEN dispartch = '正社員' THEN '正社員' ELSE '業務' END AS dispartch
		from v_tu
		where tu_category != '付替'
				AND name = #{lastMonth}
				<if test="headquarters_id != 9898"> 
				AND supervision_id = #{headquarters_id}
				</if>
				<if test="division_id != 9898"> 
				AND headquarters_id = #{division_id}
				</if>
				<if test="department_id != 9898"> 
				AND superdepart_id = #{department_id}
				</if>
				<if test="region_id != 9898"> 
				AND department_id = #{region_id}
				</if>
				<if test="dispartch == '正社員'">
				AND dispartch = '正社員'
				</if>
				<if test="dispartch == '業務委託'"> 
				AND (dispartch = '業務委託' OR dispartch = '派遣' OR dispartch = 'アルバイト')
				</if>
				<if test="category == '新規'"> 
				AND new_exist_update = '新規'
				</if>
				<if test="category == '既存'">
				AND (new_exist_update = '既存' OR new_exist_update = '構造改革')
				</if>
				<if test="artificial_unit != null"> 
				AND artificial_unit = #{artificial_unit}
				</if>
			GROUP BY dispartch
		)temp
		GROUP BY dispartch
		ORDER BY dispartch DESC
	</select>
	
	<select id="getGyoumuItakuKongetuTotalInfor" resultType="java.util.Map">
	SELECT 
		CASE WHEN #{status} = '金額' 
			THEN
			CASE when SUM (plan_budget1904) = 0
			THEN 0
			ELSE 
			SUM (plan_budget1904)/100 
			END 
		ELSE SUM (plan_artificial1904) END AS plan_artificial1904,
		dispartch
	FROM (
		select
				case when ( sum(plan_artificial1904) is null )
				then 0
				else sum(plan_artificial1904) 
				end as plan_artificial1904 , 
				case when ( sum(plan_budget1904) is null )
				then 0
				else sum(plan_budget1904) 
				end as plan_budget1904 ,
				CASE WHEN dispartch = '正社員' THEN '正社員' ELSE '業務' END AS dispartch
		from (
			select 
				plan_artificial1904,
				plan_budget1904 * 12 AS plan_budget1904,
				dispartch
			from v_tu
			where tu_category != '付替' 
			<if test="headquarters_id != 9898"> 
			AND supervision_id = #{headquarters_id}
			</if>
			<if test="division_id != 9898"> 
			AND headquarters_id = #{division_id}
			</if>
			<if test="department_id != 9898"> 
			AND superdepart_id = #{department_id}
			</if>
			<if test="region_id != 9898"> 
			AND department_id = #{region_id}
			</if>
			<if test="dispartch == '正社員'">
			AND dispartch = '正社員'
			</if>
			<if test="dispartch == '業務委託'"> 
			AND (dispartch = '業務委託' OR dispartch = '派遣' OR dispartch = 'アルバイト')
			</if>
			<if test="category == '新規'"> 
			AND new_exist_update = '新規'
			</if>
			<if test="category == '既存'">
			AND (new_exist_update = '既存' OR new_exist_update = '構造改革')
			</if>
			<if test="artificial_unit != null"> 
			AND artificial_unit = #{artificial_unit}
			</if>
			<if test="study != null"> 
			AND TO_CHAR(tu_created_on,'YYYYMMDDHH24MISS') = #{study}
			</if>
		) temp
		GROUP BY dispartch
	)temp
	GROUP BY dispartch
	ORDER BY dispartch DESC
	</select>
</mapper>