<?xml version="1.0" encoding="UTF-8" ?>
<!DOCTYPE mapper PUBLIC "-//mybatis.org//DTD Mapper 3.0//EN" "http://mybatis.org/dtd/mybatis-3-mapper.dtd" >
<mapper namespace="tuchartSisakuRituan">
<!-- 	<select id="getChartMonthInfo" resultType="java.util.Map">
		SELECT 
			name
		FROM
			tu_settings t
		WHERE 
			t.code = 'last_month'
	</select>
	<select id="updateChartMonthInfo" resultType="java.util.Map">
		update 
			tu_settings 
		set
			name = #{monthInfor}
		WHERE 
			code = 'last_month'
	</select> -->
	<select id="getResouceKongetuTotalInfor" resultType="java.util.Map">
	select 	
		'1' as level,
		case when sum(plan_artificial1704)  is null 
		then 0
		else sum(plan_artificial1704) 
		end as sum_plan_artificial17 ,
		
		case when sum(sum_plan_artificial19) is null 
		then 0
		else sum(sum_plan_artificial19) 
		end as sum_plan_artificial19 ,	
		
		case when sum(sum_plan_budget17) is null 
		then 0
		else sum(sum_plan_budget17) 
		end as sum_plan_budget17 ,	
		
		case when sum(sum_plan_budget19) is null 
		then 0
		else sum(sum_plan_budget19) 
		end as sum_plan_budget19 
	from tu_init
	where tu_category != '付替'
		<if test="headquarters_id != 9898"> 
		AND supervision_id = #{headquarters_id}
		</if>
		<if test="division_id != 9898"> 
		AND headquarters_id = #{division_id}
		</if>
		<if test="department_id != 9898"> 
		AND superdepart_id = #{department_id}
		</if>
		<if test="region_id != 9898"> 
		AND department_id = #{region_id}
		</if>
		<if test="dispartch == '正社員'">
		AND dispartch = '正社員'
		</if>
		<if test="dispartch == '業務委託'"> 
		AND (dispartch = '業務委託' OR dispartch = '派遣' OR dispartch = 'アルバイト')
		</if>
		<if test="category == '新規'"> 
		AND new_exist_update = '新規'
		</if>
		<if test="category == '既存'">
		AND (new_exist_update = '既存' OR new_exist_update = '構造改革')
		</if>
		<if test="artificial_unit != null"> 
		AND artificial_unit = #{artificial_unit}
		</if>
	UNION 
	select 	
		'2' as level,
		case when sum(plan_artificial1704)  is null 
		then 0
		else sum(plan_artificial1704) 
		end as sum_plan_artificial17 ,
		
		case when sum(sum_plan_artificial19) is null 
		then 0
		else sum(sum_plan_artificial19) 
		end as sum_plan_artificial19 ,	
		
		case when sum(sum_plan_budget17) is null 
		then 0
		else sum(sum_plan_budget17) 
		end as sum_plan_budget17 ,	
		
		case when sum(sum_plan_budget19) is null 
		then 0
		else sum(sum_plan_budget19) 
		end as sum_plan_budget19 
	from tu_init
	where tu_category = '付替'
		<if test="headquarters_id != 9898"> 
		AND supervision_id = #{headquarters_id}
		</if>
		<if test="division_id != 9898"> 
		AND headquarters_id = #{division_id}
		</if>
		<if test="department_id != 9898"> 
		AND superdepart_id = #{department_id}
		</if>
		<if test="region_id != 9898"> 
		AND department_id = #{region_id}
		</if>
		<if test="dispartch == '正社員'">
		AND dispartch = '正社員'
		</if>
		<if test="dispartch == '業務委託'"> 
		AND (dispartch = '業務委託' OR dispartch = '派遣' OR dispartch = 'アルバイト')
		</if>
		<if test="category == '新規'"> 
		AND new_exist_update = '新規'
		</if>
		<if test="category == '既存'">
		AND (new_exist_update = '既存' OR new_exist_update = '構造改革')
		</if>
		<if test="artificial_unit != null"> 
		AND artificial_unit = #{artificial_unit}
		</if>
	</select>
	<select id="getResouceSengetuTotalInfor" resultType="java.util.Map">
	select  '1' as level,
		case when sum(plan_artificial1704) is null 
		then 0
		else sum(plan_artificial1704) 
		end as sum_plan_artificial17 , 
		
		case when sum(sum_plan_artificial19)  is null 
		then 0
		else sum(sum_plan_artificial19) 
		end as sum_plan_artificial19 , 
		
		case when sum(sum_plan_budget17) is null 
		then 0
		else sum(sum_plan_budget17) 
		end as sum_plan_budget17 , 
		
		case when sum(sum_plan_budget19) is null 
		then 0
		else sum(sum_plan_budget19) 
		end as sum_plan_budget19
	from tu_init
	where tu_category != '付替'
		<if test="headquarters_id != 9898"> 
		AND supervision_id = #{headquarters_id}
		</if>
		<if test="division_id != 9898"> 
		AND headquarters_id = #{division_id}
		</if>
		<if test="department_id != 9898"> 
		AND superdepart_id = #{department_id}
		</if>
		<if test="region_id != 9898"> 
		AND department_id = #{region_id}
		</if>
		<if test="dispartch == '正社員'">
		AND dispartch = '正社員'
		</if>
		<if test="dispartch == '業務委託'"> 
		AND (dispartch = '業務委託' OR dispartch = '派遣' OR dispartch = 'アルバイト')
		</if>
		<if test="category == '新規'"> 
		AND new_exist_update = '新規'
		</if>
		<if test="category == '既存'">
		AND (new_exist_update = '既存' OR new_exist_update = '構造改革')
		</if>
		<if test="artificial_unit != null"> 
		AND artificial_unit = #{artificial_unit}
		</if>
	UNION
	select  '2' as level,
		case when sum(plan_artificial1704) is null 
		then 0
		else sum(plan_artificial1704) 
		end as sum_plan_artificial17 , 
		
		case when sum(sum_plan_artificial19)  is null 
		then 0
		else sum(sum_plan_artificial19) 
		end as sum_plan_artificial19 , 
		
		case when sum(sum_plan_budget17) is null 
		then 0
		else sum(sum_plan_budget17) 
		end as sum_plan_budget17 , 
		
		case when sum(sum_plan_budget19) is null 
		then 0
		else sum(sum_plan_budget19) 
		end as sum_plan_budget19
	from tu_init
	where tu_category = '付替'
		<if test="headquarters_id != 9898"> 
		AND supervision_id = #{headquarters_id}
		</if>
		<if test="division_id != 9898"> 
		AND headquarters_id = #{division_id}
		</if>
		<if test="department_id != 9898"> 
		AND superdepart_id = #{department_id}
		</if>
		<if test="region_id != 9898"> 
		AND department_id = #{region_id}
		</if>
		<if test="dispartch == '正社員'">
		AND dispartch = '正社員'
		</if>
		<if test="dispartch == '業務委託'"> 
		AND (dispartch = '業務委託' OR dispartch = '派遣' OR dispartch = 'アルバイト')
		</if>
		<if test="category == '新規'"> 
		AND new_exist_update = '新規'
		</if>
		<if test="category == '既存'">
		AND (new_exist_update = '既存' OR new_exist_update = '構造改革')
		</if>
		<if test="artificial_unit != null"> 
		AND artificial_unit = #{artificial_unit}
		</if>
	</select>
	<select id="getResouceInfor" resultType="java.util.Map">
		select category.tu_category ,
				position,
				coalesce( kongetu.plan_artificial_effect1719,0) kon_plan_artificial_effect1719,
				coalesce( kongetu.plan_budget_effect1719,0) kon_plan_budget_effect1719,
				coalesce( zengetu.plan_artificial_effect1719,0) zen_plan_artificial_effect1719,
				coalesce( zengetu.plan_budget_effect1719,0) zen_plan_budget_effect1719  
		from
			(select 
				name tu_category ,position
			from 
			 	custom_field_links 
			where 
				custom_field_id = 1000000002
				and id !=60 
				and id !=61
				order by position
					) category
		left join (
			select
				case when (sum(plan_artificial_effect1719) is null)
				then 0
				else sum(plan_artificial_effect1719) 
				end as plan_artificial_effect1719 , 
				case when ( sum(plan_budget_effect1719) is null)
				then 0
				else sum(plan_budget_effect1719) 
				end as plan_budget_effect1719 ,
				tu_category
			from (
					select 
							plan_artificial_effect1719 as plan_artificial_effect1719,
							plan_budget_effect1719      as plan_budget_effect1719,
							tu_category,
							name
					from v_tu
					where  ( tu_category != '付替' and tu_category != '初期値' )	
					<if test="headquarters_id != 9898"> 
					AND supervision_id = #{headquarters_id}
					</if>
					<if test="division_id != 9898"> 
					AND headquarters_id = #{division_id}
					</if>
					<if test="department_id != 9898"> 
					AND superdepart_id = #{department_id}
					</if>
					<if test="region_id != 9898"> 
					AND department_id = #{region_id}
					</if>
					<if test="dispartch == '正社員'">
					AND dispartch = '正社員'
					</if>
					<if test="dispartch == '業務委託'"> 
					AND (dispartch = '業務委託' OR dispartch = '派遣' OR dispartch = 'アルバイト')
					</if>
					<if test="category == '新規'"> 
					AND new_exist_update = '新規'
					</if>
					<if test="category == '既存'">
					AND (new_exist_update = '既存' OR new_exist_update = '構造改革')
					</if>
					<if test="artificial_unit != null"> 
					AND artificial_unit = #{artificial_unit}
					</if>
					<if test="study != null"> 
					AND TO_CHAR(tu_created_on,'YYYYMMDDHH24MISS') = #{study}
					</if>
			) temp
			group by tu_category) kongetu on kongetu.tu_category =category.tu_category
			left join ( select 
					case when ( sum(plan_artificial_effect1719) is null)
					then 0
					else sum(plan_artificial_effect1719) 
					end as plan_artificial_effect1719 , 
					case when (sum(plan_budget_effect1719) is null)
					then 0
					else sum(plan_budget_effect1719) 
					end as plan_budget_effect1719 , 
					tu_category,tu_category_id		
			from (
				select 
						
						plan_artificial_effect1719 as plan_artificial_effect1719,
						plan_budget_effect1719  as plan_budget_effect1719,
						tu_category,
						tu_category_id,
						name
				from v_tu
				where ( tu_category != '付替' and tu_category != '初期値' )	
				<if test="headquarters_id != 9898"> 
				AND supervision_id = #{headquarters_id}
				</if>
				<if test="division_id != 9898"> 
				AND headquarters_id = #{division_id}
				</if>
				<if test="department_id != 9898"> 
				AND superdepart_id = #{department_id}
				</if>
				<if test="region_id != 9898"> 
				AND department_id = #{region_id}
				</if>
				<if test="dispartch == '正社員'">
				AND dispartch = '正社員'
				</if>
				<if test="dispartch == '業務委託'"> 
				AND (dispartch = '業務委託' OR dispartch = '派遣' OR dispartch = 'アルバイト')
				</if>
				<if test="category == '新規'"> 
				AND new_exist_update = '新規'
				</if>
				<if test="category == '既存'">
				AND (new_exist_update = '既存' OR new_exist_update = '構造改革')
				</if>
				<if test="artificial_unit != null"> 
				AND artificial_unit = #{artificial_unit}
				</if>
			) temp
			where 0 = 0
			and name = #{lastMonth}
			group by tu_category,tu_category_id
			) zengetu on zengetu.tu_category = category.tu_category
			order by position 
	</select>
	<select id="getChartMultipeInfo" resultType="java.util.Map">
		SELECT 
			id, 
			headquarters_id, 
			division_id, 
			department_id, 
			region_id, 
			dispartch, 
			new_exist_update, 
			status, 
			study, 
			json_date
		FROM
			tu_graph t
		WHERE 
			id = #{id}
			AND headquarters_id = #{headquarters_id}
			AND division_id = #{division_id}
			AND department_id = #{department_id}
			AND region_id = #{region_id}
			AND dispartch = #{dispartch}
			AND new_exist_update = #{category}
			AND status = #{status}
			AND study = #{study}
	</select>

	<insert id="setChartMultipeInfo" parameterType="java.util.Map" useGeneratedKeys="true" keyProperty="id">
		<![CDATA[
		INSERT INTO tu_graph(
			id, 
			headquarters_id, 
			division_id, 
			department_id, 
			region_id, 
			dispartch, 
			new_exist_update, 
			status, 
			study, 
			json_date
		)
		VALUES (
			#{id},
			#{headquarters_id},
			#{division_id},
			#{department_id},
			#{region_id},
			#{dispartch},
			#{category},
			#{status},
			#{study},
			#{json_date}
		);
		]]>
	</insert>
	
	<delete id="delChartMultipeInfo" parameterType="java.util.Map">
		<![CDATA[
			DELETE FROM tu_graph
			WHERE 
				id = #{id} AND
				headquarters_id = #{headquarters_id} AND
				division_id = #{division_id} AND
				department_id = #{department_id} AND
				region_id = #{region_id} AND
				dispartch = #{dispartch} AND
				new_exist_update = #{category} AND
				status = #{status} AND
				study = #{study}
		]]>
	</delete>
</mapper>