<?xml version="1.0" encoding="UTF-8" ?>
<!DOCTYPE mapper PUBLIC "-//mybatis.org//DTD Mapper 3.0//EN" "http://mybatis.org/dtd/mybatis-3-mapper.dtd" >
<mapper namespace="tuHealthList">
	
	<select id="getHealthList" resultType="java.util.Map">
		SELECT
			n.supervision,
			n.headquarters,
			n.superdepart,
			n.department,
			n.responsibility,
			n.subject,
			n.tu_category,
			b.done_ratio as done_ratio_before,
			n.done_ratio,
			(n.done_ratio) - (b.done_ratio) diff,
			<if test="status == null"> --人工数
					n.plan_artificial_effect1719 plan_effect_value,
			</if>
			<if test="status != null">
				<if test="status == '金額'"> --金額
					n.plan_budget_effect1719 plan_effect_value,
				</if>
				<if test="status == '人工数'"> --人工数
					n.plan_artificial_effect1719 plan_effect_value,
				</if>
				<if test="status == '施策数'"> --施策数
					null plan_effect_value,
				</if>
			</if>
			 CASE WHEN <![CDATA[ n.lv4_end_date IS NOT NULL AND n.lv4_end_date <= current_date
				 THEN 'レベル4'
				 WHEN n.lv3_end_date IS NOT NULL AND n.lv3_end_date <= current_date 
				 THEN 'レベル3'
				 WHEN n.lv3_start_date IS NOT NULL AND n.lv3_start_date <= current_date AND lv2_end_date IS NOT NULL
				 THEN 'レベル3開始'
				 WHEN n.lv2_end_date IS NOT NULL AND n.lv2_end_date <= current_date]]>
				 THEN 'レベル2'
				 ELSE 'レベル1'
			 END levelval
		from v_tu n
		LEFT JOIN (SELECT name, id, done_ratio
			FROM tu_history
			WHERE 0 = 0
			<if test="monthWeek != null">
			AND name = #{monthWeek}
			</if>
			<if test="monthWeek == null">
			AND name = ''
			</if>
			) b on n.id = b.id
		where 0 = 0
		AND tu_category_id != 60
		AND tu_category_id != 61
		<if test="headquarters_Id != 9898"> --統括
		AND n.supervision_id = #{headquarters_Id}
		</if>
		<if test="division_id != 9898"> --本部
		AND n.headquarters_id = #{division_id}
		</if>
		<if test="department_id != 9898"> --統括部
		AND n.superdepart_id = #{department_id}
		</if>
		<if test="region_id != 9898"> --部
		AND n.department_id = #{region_id}
		</if>
		<if test="dispartch == '正社員'"> --正社員/業務委託
		AND n.dispartch = '正社員'
		</if>
		<if test="dispartch == '業務委託'"> --正社員/業務委託
		AND (n.dispartch = '業務委託' OR n.dispartch = '派遣' OR n.dispartch = 'アルバイト')
		</if>
		<if test="category == '新規'"> --新規/既存
		AND n.new_exist_update = '新規'
		</if>
		<if test="category == '既存'"> --新規/既存
		AND (n.new_exist_update = '既存' OR n.new_exist_update = '構造改革')
		</if>
		<if test="status == '人工数'"> --人工数
		AND artificial_unit = '人工'
		</if>
		<if test="status == null"> --人工数
		AND artificial_unit = '人工'
		</if>
		<if test="study != null"> --保存履歴
		AND TO_CHAR(n.tu_created_on,'YYYYMMDDHH24MISS') = #{study}
		</if>
		order by plan_effect_value desc
	</select>
	
	
</mapper>