<?xml version="1.0" encoding="UTF-8" ?>
<!DOCTYPE mapper PUBLIC "-//mybatis.org//DTD Mapper 3.0//EN" "http://mybatis.org/dtd/mybatis-3-mapper.dtd" >
<mapper namespace="tuOutputList">
	<select id="getOutputList" resultType="java.util.Map">
			SELECT
					supervision,
					headquarters,
					superdepart,
					department,
					subject,
					tu_category,
					responsibility,
					CASE WHEN <![CDATA[lv4_end_date IS NOT NULL AND lv4_end_date <= current_date
						THEN 'レベル4'
						 WHEN lv3_end_date IS NOT NULL AND lv3_end_date <= current_date
						 THEN 'レベル3'
						 WHEN lv3_start_date IS NOT NULL AND lv3_start_date <= current_date AND lv2_end_date IS NOT NULL
						 THEN 'レベル3_開始'
						 WHEN lv2_end_date IS NOT NULL AND lv2_end_date <= current_date
						 THEN 'レベル2'
					 ELSE 'レベル1' END levelval,]]> 
					<if test="status == null"> --人工数
						plan_artificial1704-plan_artificial1904 plan_effect_value,
						ac_artificial1704-ac_artificial#{yearmonth} ac_effect_value,
						(ac_artificial1704-ac_artificial#{yearmonth}) - (plan_artificial1704-plan_artificial1904) diff
			   		</if>
					<if test="status != null">
						<if test="status == '金額'"> --金額
							plan_budget_effect1719 plan_effect_value,
							plan_budget1704-ac_budget#{yearmonth} ac_effect_value,
							(plan_budget1704-ac_budget#{yearmonth}) - plan_budget_effect1719 diff
				   		</if>
				   		<if test="status == '人工数'"> --人工数
							plan_artificial1704-plan_artificial1904 plan_effect_value,
							ac_artificial1704-ac_artificial#{yearmonth} ac_effect_value,
							(ac_artificial1704-ac_artificial#{yearmonth}) - (plan_artificial1704-plan_artificial1904) diff
				   		</if>
				   		<if test="status == '施策数'"> --施策数
							null plan_effect_value,
							null ac_effect_value,
							null diff
				   		</if>    
				   </if>
		      FROM  v_tu
		      WHERE 1 = 1
					AND tu_category_id != 60
					AND tu_category_id != 61
				   <if test="headquarters_Id != 9898"> --統括
				   AND supervision_id = #{headquarters_Id}
				   </if>
					<if test="status == '人工数'"> --人工数
					AND artificial_unit = '人工'
					</if>
				   <if test="division_id != 9898"> --本部
				   AND headquarters_id = #{division_id}
				   </if>
				   <if test="department_id != 9898"> --統括部
				   AND superdepart_id = #{department_id}
				   </if>
				   <if test="region_id != 9898"> --部
				   AND department_id = #{region_id}
				   </if>
				   <if test="dispartch == '正社員'"> --正社員/業務委託
				   AND dispartch = '正社員'
				   </if>
				   <if test="dispartch == '業務委託'"> --正社員/業務委託
				   AND (dispartch = '業務委託' OR dispartch = '派遣' OR dispartch = 'アルバイト')
				   </if>
			       <if test="category == '新規'"> --新規/既存
			           AND new_exist_update = '新規'
			       </if>
			       <if test="category == '既存'"> --新規/既存
			           AND (new_exist_update = '既存' OR new_exist_update = '構造改革')
			       </if>
				   <if test="study != null"> --保存履歴
				   AND TO_CHAR(tu_created_on,'YYYYMMDDHH24MISS') = #{study}
				   </if>
		  ORDER BY  plan_effect_value DESC
	</select>
	
</mapper>