<?xml version="1.0" encoding="UTF-8" ?>
<!DOCTYPE mapper PUBLIC "-//mybatis.org//DTD Mapper 3.0//EN" "http://mybatis.org/dtd/mybatis-3-mapper.dtd" >
<mapper namespace="tuReform">
	<insert id="insertTitle" parameterType="java.util.HashMap">
		INSERT INTO tu_settings (
			code, 
			name
		) 
		VALUES(
			#{code}, 
			#{name}
		)
	</insert>
	<delete id="deleteTitleInfById" parameterType="java.util.Map">
		<![CDATA[
			DELETE FROM tu_settings 
			WHERE 
				tu_settings.code IN 
					(SELECT 
						distinct name 
					FROM
						v_tu
					WHERE 
		 			TO_CHAR(tu_created_on,'YYYYMMDDHH24MISS') = #{id}) 
		]]>
	</delete>
	<select id="isExistCheck" resultType="java.util.Map">
        select 
            id
        from v_tu
        where name = #{tuReformName}
	</select>
	<select id="getChartMonthInfo" resultType="java.util.Map">
		SELECT 
			name
		FROM
			tu_settings t
		WHERE 
			t.code = 'last_month'
	</select>
	<select id="getTuSettingsStudyInfo" resultType="java.util.Map">
		SELECT 
			name
		FROM
			tu_settings t
		WHERE 
			t.code in (
				SELECT 
						distinct name 
					FROM
						v_tu
					WHERE 
		 			TO_CHAR(tu_created_on,'YYYYMMDDHH24MISS') = #{tu_created_on} 
			)
	</select>
	<update id="updateChartMonthInfo" parameterType="java.util.HashMap">
		update 
			tu_settings 
		set
			name = #{monthInfor}
		WHERE 
			code = 'last_month'
	</update>
	<update id="updateChartNameInfo" parameterType="java.util.HashMap">
		update 
			tu_settings 
		set
			code = #{name}
		WHERE 
			code in (
				SELECT 
						distinct name 
					FROM
						v_tu
					WHERE 
		 			TO_CHAR(tu_created_on,'YYYYMMDDHH24MISS') = #{tu_created_on} 
			)
	</update>
	<update id="updateChartNewInfo" parameterType="java.util.HashMap">
		update 
			tu_settings 
		set
			name = #{monthInfor}
		WHERE 
			code = '0'
	</update>
	<select id="getHeadquartersList" resultType="java.util.Map">
        select 
            id AS project_id, 
            name AS project_name
        from custom_field_links
        where custom_field_id = 1000000007 
        and project_id = 1593
        order by "position"
	</select>
	<select id="getDivisionList" resultType="java.util.Map">
		SELECT
			id AS project_id, 
    		name AS project_name,
       		cf1.id1,
       		cf1.name1
		FROM custom_field_links
		left join ( 
			select 
    			id AS id1, 
    			name AS name1
   			from custom_field_links
  			where custom_field_id = 1000000007 
    		and project_id = 1593
		) cf1 on cf1.id1 = custom_field_links.parent_id
		WHERE (cf1.id1 = #{headquarters_Id} or 9898 = #{headquarters_Id} AND cf1.id1 is null)
		AND custom_field_id = 1000000008
		and project_id = 1593
		order by "position"
	</select>
	<select id="getDepartmentList" resultType="java.util.Map">
		SELECT 
			id AS project_id, 
    		name AS project_name,
			cf2.id1,
			cf2.name1,
			cf2.id2,
			cf2.name2
		FROM custom_field_links 
		left join ( 
			SELECT
			    id AS id2, 
   		        name AS name2,
    		    cf1.id1,
       		    cf1.name1
			FROM custom_field_links
			left join ( 
				select 
    				id AS id1, 
    				name AS name1
    				from custom_field_links
    				where custom_field_id = 1000000007 
    				and project_id = 1593
			) cf1 on cf1.id1 = custom_field_links.parent_id
			WHERE custom_field_id = 1000000008
			and project_id = 1593
		) cf2 on cf2.id2 = custom_field_links.parent_id
		WHERE(cf2.id2 = #{division_id} or 9898 = #{division_id} AND cf2.id2 is null)
		AND custom_field_id = 1000000009
		and project_id = 1593
		order by "position"
	</select>
	<select id="getRegionList" resultType="java.util.Map">
		select  
			id AS project_id, 
			name AS project_name,
			cf3.id1,  
			cf3.name1, 
			cf3.id2,  
			cf3.name2,
			cf3.id3,  
			cf3.name3
		from custom_field_links
		left join (
			SELECT 
				id AS id3, 
    			name AS name3,
				cf2.id1,
				cf2.name1,
				cf2.id2,
				cf2.name2
			FROM custom_field_links 
			left join ( 
				SELECT
					id AS id2, 
    		        name AS name2,
       		        cf1.id1,
       		        cf1.name1
				FROM custom_field_links
				left join ( 
					select 
    					id AS id1, 
    					name AS name1
    					from custom_field_links
    					where custom_field_id = 1000000007 
    					and project_id = 1593
				) cf1 on cf1.id1 = custom_field_links.parent_id
				WHERE custom_field_id = 1000000008
				and project_id = 1593
			) cf2 on cf2.id2 = custom_field_links.parent_id
			WHERE custom_field_id = 1000000009
			and project_id = 1593
		) cf3 on cf3.id3 = custom_field_links.parent_id
		where (cf3.id3 = #{department_Id} OR 9898 = #{department_Id} AND cf3.id3 is null) 
		AND custom_field_id = 1000000010
		and project_id = 1593
		order by "position"
	</select>
	<select id="getPrjList" resultType="java.util.Map">
		select distinct pr.project_id, pr.project_name,pr.identifier 
		from ( 
		  select parent_id, project_id, project_name, identifier 
		  from project_relation 
		  UNION 
		  select distinct cast(node_id AS int8) AS parent_id, organizations.project_id, project_relation.project_name, project_relation.identifier 
		  from 
		    (WITH RECURSIVE r AS ( 
		        SELECT 1 AS level, section_msts.*, section_msts.organization_cd AS node_id FROM section_msts 
		        UNION ALL 
		        SELECT r.level + 1, section_msts.*, r.node_id FROM section_msts, r WHERE section_msts.organization_upper_level_cd = r.organization_cd) 
		    SELECT * FROM r)sm 
		  inner join organizations on organizations.organization_cd = sm.organization_cd 
		  inner join project_relation on project_relation.project_id = organizations.project_id 
		) pr 
		inner join ( 
		select * 
		FROM (  
		  SELECT project_id, identifier, project_name, parent_id, projects.project_parent_id, project_type, release_date, project_mail, custom_field_id, soqos_project_id, pj_watchable.value AS project_maintenance_type   
		  FROM project_relation   
		  LEFT JOIN (   
		    SELECT cv.customized_id AS id, cv.value   
		    FROM custom_values cv   
		    WHERE cv.custom_field_id = 1237) pj_watchable ON pj_watchable.id = project_relation.project_id   
		  LEFT JOIN (   
		    SELECT id, COALESCE(parent_id, id) AS project_parent_id   
		    FROM projects) projects ON project_id = projects.id   
		  WHERE project_relation.project_type = 'P' AND project_relation.project_id = project_relation.project_parent_id) project_relation   
		)pmt on pmt.project_id = pr.project_id 
		LEFT JOIN (  
		    SELECT CASE WHEN value IS NOT NULL AND value != '' THEN '○' ELSE '' END AS value1130,customized_id  
		    FROM custom_values  
		    WHERE customized_type = 'Project' AND custom_field_id = 1130  
		    )cv1130 ON cv1130.customized_id = pr.project_id  
		LEFT JOIN (  
		    SELECT CASE WHEN value = '1' THEN '○' ELSE '' END AS value1131,customized_id  
		    FROM custom_values  
		    WHERE customized_type = 'Project' AND custom_field_id = 1131  
		    )cv1131 ON cv1131.customized_id = pr.project_id  
		LEFT JOIN (  
		    SELECT CASE WHEN value = '進行中' THEN 90000001 
		                WHEN value = '完了準備中' THEN 90000002 
		                WHEN value = '完了' THEN 90000003  
		           ELSE 90000000 END AS status_id, customized_id  
		    FROM custom_values  
		    WHERE customized_type = 'Project' AND custom_field_id = 2036  
		    )status ON status.customized_id = pr.project_id  
		where (#{department_id} = '9898' OR pr.parent_id in  
		(select cast(node_id AS int8) AS parent_id 
		  from (WITH RECURSIVE r AS (  
		        SELECT 1 AS level, section_msts.*, section_msts.organization_cd AS node_id FROM section_msts UNION ALL  
		        SELECT r.level + 1, section_msts.*, r.node_id FROM section_msts, r WHERE section_msts.organization_cd = r.organization_upper_level_cd)  
		    SELECT * FROM r)sm where cast(sm.organization_cd AS int8) = #{department_id} ))  
		AND ((9898 = #{category_id})  
		    OR (1130 = #{category_id} AND cv1130.value1130 = '○' )  
		    OR (1131 = #{category_id} AND cv1131.value1131 = '○' AND cv1130.value1130 = '' ) 
		    OR (9999 = #{category_id} AND (cv1131.value1131 = '' OR cv1131.value1131 is null) AND (cv1130.value1130 = '' or cv1130.value1130 is null))) 
		AND (status.status_id = #{status_Id} or 9898 = #{status_Id} ) 
		AND pr.project_id IN (  
		    SELECT project_id  
		    FROM project_relation p  
		    WHERE p.nda_flag = 0 
		  UNION ALL  
		    SELECT p.project_id  
		    FROM project_relation p, members m  
		    WHERE p.project_id = m.project_id AND p.nda_flag = 1 AND m.user_id = #{user_id})  
		AND pmt.project_maintenance_type = '1' 
		AND pr.project_name ILIKE '%${search_name}%'
		ORDER BY project_name 
	</select>
	<select id="getSubPrjList" resultType="java.util.Map">
		SELECT project_relation.* ,'' AS bat
		FROM (  
		SELECT project_id, identifier, project_name, parent_id, projects.project_parent_id, project_type, release_date, project_mail, custom_field_id, soqos_project_id, CASE WHEN pj_end_data.value = '' THEN pj_watchable.value ELSE '0' END AS project_maintenance_type  
		FROM project_relation  
		  LEFT JOIN (  
		    SELECT cv.customized_id AS id, cv.value  
		    FROM custom_values cv  
		    WHERE cv.custom_field_id = 1237) pj_watchable ON pj_watchable.id = project_relation.project_id  
		  LEFT JOIN (  
		    SELECT cv.customized_id AS id, cv.value  
		    FROM custom_values cv  
		    WHERE cv.custom_field_id = 4) pj_end_data ON pj_end_data.id = project_relation.project_id  
		LEFT JOIN (  
		  SELECT id, COALESCE(parent_id, id) AS project_parent_id  
		  FROM projects)projects ON project_id = projects.id 
		) project_relation 
		INNER JOIN project_relation pr on pr.project_parent_id = project_relation.project_parent_id
		INNER JOIN projects p on p.id = project_relation.project_id
		  WHERE  pr.project_id = #{project_id}
		  AND project_relation.project_id != project_relation.project_parent_id
		  AND project_relation.project_maintenance_type = '1'   
		  AND project_relation.project_id IN (   
		  SELECT project_id FROM project_relation p WHERE p.nda_flag = 0  
		  UNION ALL select p.project_id from project_relation p, members m  
		  WHERE p.project_id = m.project_id AND p.nda_flag = 1 AND m.user_id = 20)  
		 ORDER BY p.lft
	</select>
	<select id="getUrlList" resultType="java.util.Map">
		SELECT 'url' AS name, cv.value
		FROM custom_fields cf,
		    custom_values cv
		WHERE 
		   cf.type = 'ProjectCustomField' AND
		   cf.id = 1239 AND
		   cf.id = cv.custom_field_id AND
		   cv.customized_id = #{click_project_id}
		UNION ALL
		SELECT 'department' AS name, cv.value
		FROM custom_fields cf,
		    custom_values cv
		WHERE 
		   cf.type = 'ProjectCustomField' AND
		   cf.id = 1221 AND
		   cf.id = cv.custom_field_id AND
		   cv.customized_id = #{click_project_id}
		UNION ALL
		SELECT 'departmentdeveloper' AS name, cv.value
		FROM custom_fields cf,
		    custom_values cv
		WHERE
		   cf.type = 'ProjectCustomField' AND
		   cf.id = 1265 AND
		   cf.id = cv.custom_field_id AND
		   cv.customized_id = #{click_project_id}
	</select>
	<select id="getGitListInfo" resultType="java.util.Map">
		SELECT 
		    project_id,
		    path,
		    name
		FROM 
		   git_infos
		WHERE 
		   project_id = #{click_project_id}
		ORDER BY
		   position
	</select>
	<select id="getInitMyPageListInfo" resultType="java.util.Map">
		SELECT users.mail
		FROM(
		SELECT main_mail_address AS mail,users.id
		FROM
		    easyaction_users
		INNER JOIN
		    account_datas
		    ON account_datas.personal_id = easyaction_users.personal_id
		INNER JOIN
		    users
		    ON users.login = account_datas.account
		WHERE users.id = #{user_id}
		UNION
		(SELECT mail, users_info.id FROM
		(SELECT u.id, u.mail, u.login FROM users u WHERE u.id = #{user_id}) users_info
		INNER JOIN
		    account_datas
		    ON users_info.login = account_datas.account
		INNER JOIN
		    employee_datas
		    ON account_datas.personal_id = employee_datas.personal_id
		WHERE
		    employee_datas.employee_type_cd = '3')) users
	</select>
	<select id="getStudyList" resultType="java.util.Map">
		<![CDATA[
			SELECT TO_CHAR(tu_created_on,'YYYY-MM-DD HH24:MI:SS') AS tu_created_on,
			name AS name,
			TO_CHAR(tu_created_on,'YYYYMMDDHH24MISS') AS tu_created_on_1
			FROM v_tu
			WHERE name != '0'
			GROUP BY tu_created_on,name
			ORDER BY tu_created_on DESC
		]]>
	</select>
	<select id="getStudyInitInfo" resultType="java.util.Map">
		<![CDATA[
			SELECT TO_CHAR(tu_created_on,'YYYY-MM-DD HH24:MI:SS') AS tu_created_on,
			name AS name,
			TO_CHAR(tu_created_on,'YYYYMMDDHH24MISS') AS tu_created_on_1
			FROM v_tu
			WHERE name = '0'
			GROUP BY tu_created_on,name
			ORDER BY tu_created_on DESC
		]]>
	</select>
	<insert id="insertMyPageInfo" parameterType="java.util.HashMap" useGeneratedKeys="true" keyProperty="id">
		INSERT INTO my_page_list (
			user_id, 
			project_id
		) 
		VALUES(
			#{user_id}, 
			#{project_id}
		)
	</insert>
	<insert id="setStudyInfo" parameterType="java.util.HashMap" useGeneratedKeys="true" keyProperty="id">
		INSERT INTO v_tu
		select #{name},#{tu_created_on}, temp.id,
		    temp.tracker_id,
		    temp.project_id,
		    temp.subject,
		    temp.description,
		    temp.due_date,
		    temp.category_id,
		    temp.status_id,
		    temp.assigned_to_id,
		    temp.priority_id,
		    temp.fixed_version_id,
		    temp.author_id,
		    temp.lock_version,
		    temp.created_on,
		    temp.updated_on,
		    temp.start_date,
		    temp.done_ratio,
		    temp.estimated_hours,
		    temp.parent_id,
		    temp.root_id,
		    temp.lft,
		    temp.rgt,
		    temp.is_private,
		    temp."position",
		    temp.remaining_hours,
		    temp.root_seq,
		    temp.organization_cd,
		    temp.story_points,
		    temp.release_id,
		    temp.release_relationship,
		    temp.branch_number,
		    temp.tu_category,
		    temp.cut_method,
		    temp.responsibility,
		    temp.origin_depart,
		    temp.company,
		    temp.supervision,
		    temp.headquarters,
		    temp.superdepart,
		    temp.department,
		    temp.constant_spot,
		    temp.dispartch,
		    temp.new_exist_update,
		    temp.area_name,
		    temp.facility,
		    temp.service_name,
		    temp.pjname_constant,
		    temp.pn_supplement,
		    temp.work_category,
		    temp.work_name,
		    temp.work_content,
		    temp.client,
		    temp.on_off_near,
		    temp.ps_end_date,
		    temp.deploy_name,
		    temp.dn_add,
		    temp.must_task,
		    temp.tu_yn,
		    temp.tu_number,
		    temp.budget_kind,
		    temp.budget_number,
		    temp.plan_budget1704,
		    temp.plan_budget1705,
		    temp.plan_budget1706,
		    temp.plan_budget1707,
		    temp.plan_budget1708,
		    temp.plan_budget1709,
		    temp.plan_budget1710,
		    temp.plan_budget1711,
		    temp.plan_budget1712,
		    temp.plan_budget1701,
		    temp.plan_budget1702,
		    temp.plan_budget1703,
		    temp.plan_budget1804,
		    temp.plan_budget1805,
		    temp.plan_budget1806,
		    temp.plan_budget1807,
		    temp.plan_budget1808,
		    temp.plan_budget1809,
		    temp.plan_budget1810,
		    temp.plan_budget1811,
		    temp.plan_budget1812,
		    temp.plan_budget1801,
		    temp.plan_budget1802,
		    temp.plan_budget1803,
		    temp.plan_budget1904,
		    temp.artificial_unit,
		    temp.plan_artificial1704,
		    temp.plan_artificial1705,
		    temp.plan_artificial1706,
		    temp.plan_artificial1707,
		    temp.plan_artificial1708,
		    temp.plan_artificial1709,
		    temp.plan_artificial1710,
		    temp.plan_artificial1711,
		    temp.plan_artificial1712,
		    temp.plan_artificial1701,
		    temp.plan_artificial1702,
		    temp.plan_artificial1703,
		    temp.plan_artificial1804,
		    temp.plan_artificial1805,
		    temp.plan_artificial1806,
		    temp.plan_artificial1807,
		    temp.plan_artificial1808,
		    temp.plan_artificial1809,
		    temp.plan_artificial1810,
		    temp.plan_artificial1811,
		    temp.plan_artificial1812,
		    temp.plan_artificial1801,
		    temp.plan_artificial1802,
		    temp.plan_artificial1803,
		    temp.plan_artificial1904,
		    temp.ac_budget1704,
		    temp.ac_budget1705,
		    temp.ac_budget1706,
		    temp.ac_budget1707,
		    temp.ac_budget1708,
		    temp.ac_budget1709,
		    temp.ac_budget1710,
		    temp.ac_budget1711,
		    temp.ac_budget1712,
		    temp.ac_budget1701,
		    temp.ac_budget1702,
		    temp.ac_budget1703,
		    temp.ac_budget1804,
		    temp.ac_budget1805,
		    temp.ac_budget1806,
		    temp.ac_budget1807,
		    temp.ac_budget1808,
		    temp.ac_budget1809,
		    temp.ac_budget1810,
		    temp.ac_budget1811,
		    temp.ac_budget1812,
		    temp.ac_budget1801,
		    temp.ac_budget1802,
		    temp.ac_budget1803,
		    temp.ac_budget1904,
		    temp.ac_artificial1704,
		    temp.ac_artificial1705,
		    temp.ac_artificial1706,
		    temp.ac_artificial1707,
		    temp.ac_artificial1708,
		    temp.ac_artificial1709,
		    temp.ac_artificial1710,
		    temp.ac_artificial1711,
		    temp.ac_artificial1712,
		    temp.ac_artificial1701,
		    temp.ac_artificial1702,
		    temp.ac_artificial1703,
		    temp.ac_artificial1804,
		    temp.ac_artificial1805,
		    temp.ac_artificial1806,
		    temp.ac_artificial1807,
		    temp.ac_artificial1808,
		    temp.ac_artificial1809,
		    temp.ac_artificial1810,
		    temp.ac_artificial1811,
		    temp.ac_artificial1812,
		    temp.ac_artificial1801,
		    temp.ac_artificial1802,
		    temp.ac_artificial1803,
		    temp.ac_artificial1904,
		    temp.dotask,
		    temp.dotask_detail,
		    temp.in_must_artificial,
		    temp.out_must_artificial,
		    temp.must_skill,
		    temp.shift_date,
		    temp.shift_people,
		    temp.risk,
		    temp.addcost_exist,
		    temp.addcost,
		    temp.addcost_use,
		    temp.status,
		    temp.tu_category_id,
		    temp.cut_method_id,
		    temp.supervision_id,
		    temp.headquarters_id,
		    temp.superdepart_id,
		    temp.department_id,
		    temp.area_name_id,
		    temp.facility_id,
		    temp.service_name_id,
		    temp.pjname_constant_id,
		    temp.work_category_id,
		    temp.work_name_id,
		    temp.sum_plan_budget17,
		    temp.sum_plan_budget18,
		    temp.sum_plan_budget19,
		    temp.sum_plan_artificial17,
		    temp.sum_plan_artificial18,
		    temp.sum_plan_artificial19,
		    temp.sum_ac_budget17,
		    temp.sum_ac_budget18,
		    temp.sum_ac_budget19,
		    temp.sum_ac_artificial17,
		    temp.sum_ac_artificial18,
		    temp.sum_ac_artificial19,
		    temp.sum_plan_budget17 - temp.sum_plan_budget18 AS plan_budget_effect1718,
		    temp.sum_plan_budget17 - temp.sum_plan_budget19 AS plan_budget_effect1719,
		    temp.plan_artificial1704 - temp.plan_artificial1804 AS plan_artificial_effect1718,
		    temp.plan_artificial1704 - temp.plan_artificial1904 AS plan_artificial_effect1719,
		    temp.sum_ac_budget17 - temp.sum_ac_budget18 AS ac_budget_effect1718,
		    temp.sum_ac_budget17 - temp.sum_ac_budget19 AS ac_budget_effect1719,
		    temp.ac_artificial1704 - temp.ac_artificial1804 AS ac_artificial_effect1718,
		    temp.ac_artificial1704 - temp.ac_artificial1904 AS ac_artificial_effect1719,
		    temp.lv1_id,
		    temp.lv1_parent_id,
		    temp.lv1_start_date,
		    temp.lv1_due_date,
		    CASE WHEN temp.lv1_end_date = '' THEN NULL ELSE TO_DATE(temp.lv1_end_date, 'YYYY/MM/DD') END AS lv1_end_date,
		    temp.lv1_value,
		    temp.lv2_id,
		    temp.lv2_parent_id,
		    temp.lv2_start_date,
		    temp.lv2_due_date,
		    CASE WHEN temp.lv2_end_date = '' THEN NULL ELSE TO_DATE(temp.lv2_end_date, 'YYYY/MM/DD') END AS lv2_end_date,
		    temp.lv2_value,
		    temp.lv3_id,
		    temp.lv3_parent_id,
		    temp.lv3_start_date,
		    temp.lv3_due_date,
		    CASE WHEN temp.lv3_end_date = '' THEN NULL ELSE TO_DATE(temp.lv3_end_date, 'YYYY/MM/DD') END AS lv3_end_date,
		    temp.lv3_value,
		    temp.lv4_id,
		    temp.lv4_parent_id,
		    temp.lv4_start_date,
		    temp.lv4_due_date,
		    CASE WHEN temp.lv4_end_date = '' THEN NULL ELSE TO_DATE(temp.lv4_end_date, 'YYYY/MM/DD') END AS lv4_end_date,
		    temp.lv4_value
		   FROM ( SELECT t.id,
		            t.tracker_id,
		            t.project_id,
		            t.subject,
		            t.description,
		            t.due_date,
		            t.category_id,
		            t.status_id,
		            t.assigned_to_id,
		            t.priority_id,
		            t.fixed_version_id,
		            t.author_id,
		            t.lock_version,
		            t.created_on,
		            t.updated_on,
		            t.start_date,
		            t.done_ratio,
		            t.estimated_hours,
		            t.parent_id,
		            t.root_id,
		            t.lft,
		            t.rgt,
		            t.is_private,
		            t."position",
		            t.remaining_hours,
		            t.root_seq,
		            t.organization_cd,
		            t.story_points,
		            t.release_id,
		            t.release_relationship,
		            t.branch_number,
		            t.tu_category_id,
		            t.cut_method_id,
		            t.responsibility,
		            t.origin_depart,
		            t.company,
		            t.supervision_id,
		            t.headquarters_id,
		            t.superdepart_id,
		            t.department_id,
		            t.constant_spot,
		            t.dispartch,
		            t.new_exist_update,
		            t.area_name_id,
		            t.facility_id,
		            t.service_name_id,
		            t.pjname_constant_id,
		            t.pn_supplement,
		            t.work_category_id,
		            t.work_name_id,
		            t.work_content,
		            t.client,
		            t.on_off_near,
		            t.ps_end_date,
		            t.deploy_name,
		            t.dn_add,
		            t.must_task,
		            t.tu_yn,
		            t.tu_number,
		            t.budget_kind,
		            t.budget_number,
		            t.plan_budget1704,
		            t.plan_budget1705,
		            t.plan_budget1706,
		            t.plan_budget1707,
		            t.plan_budget1708,
		            t.plan_budget1709,
		            t.plan_budget1710,
		            t.plan_budget1711,
		            t.plan_budget1712,
		            t.plan_budget1701,
		            t.plan_budget1702,
		            t.plan_budget1703,
		            t.plan_budget1804,
		            t.plan_budget1805,
		            t.plan_budget1806,
		            t.plan_budget1807,
		            t.plan_budget1808,
		            t.plan_budget1809,
		            t.plan_budget1810,
		            t.plan_budget1811,
		            t.plan_budget1812,
		            t.plan_budget1801,
		            t.plan_budget1802,
		            t.plan_budget1803,
		            t.plan_budget1904,
		            t.artificial_unit,
		            t.plan_artificial1704,
		            t.plan_artificial1705,
		            t.plan_artificial1706,
		            t.plan_artificial1707,
		            t.plan_artificial1708,
		            t.plan_artificial1709,
		            t.plan_artificial1710,
		            t.plan_artificial1711,
		            t.plan_artificial1712,
		            t.plan_artificial1701,
		            t.plan_artificial1702,
		            t.plan_artificial1703,
		            t.plan_artificial1804,
		            t.plan_artificial1805,
		            t.plan_artificial1806,
		            t.plan_artificial1807,
		            t.plan_artificial1808,
		            t.plan_artificial1809,
		            t.plan_artificial1810,
		            t.plan_artificial1811,
		            t.plan_artificial1812,
		            t.plan_artificial1801,
		            t.plan_artificial1802,
		            t.plan_artificial1803,
		            t.plan_artificial1904,
		            t.ac_budget1704,
		            t.ac_budget1705,
		            t.ac_budget1706,
		            t.ac_budget1707,
		            t.ac_budget1708,
		            t.ac_budget1709,
		            t.ac_budget1710,
		            t.ac_budget1711,
		            t.ac_budget1712,
		            t.ac_budget1701,
		            t.ac_budget1702,
		            t.ac_budget1703,
		            t.ac_budget1804,
		            t.ac_budget1805,
		            t.ac_budget1806,
		            t.ac_budget1807,
		            t.ac_budget1808,
		            t.ac_budget1809,
		            t.ac_budget1810,
		            t.ac_budget1811,
		            t.ac_budget1812,
		            t.ac_budget1801,
		            t.ac_budget1802,
		            t.ac_budget1803,
		            t.ac_budget1904,
		            t.ac_artificial1704,
		            t.ac_artificial1705,
		            t.ac_artificial1706,
		            t.ac_artificial1707,
		            t.ac_artificial1708,
		            t.ac_artificial1709,
		            t.ac_artificial1710,
		            t.ac_artificial1711,
		            t.ac_artificial1712,
		            t.ac_artificial1701,
		            t.ac_artificial1702,
		            t.ac_artificial1703,
		            t.ac_artificial1804,
		            t.ac_artificial1805,
		            t.ac_artificial1806,
		            t.ac_artificial1807,
		            t.ac_artificial1808,
		            t.ac_artificial1809,
		            t.ac_artificial1810,
		            t.ac_artificial1811,
		            t.ac_artificial1812,
		            t.ac_artificial1801,
		            t.ac_artificial1802,
		            t.ac_artificial1803,
		            t.ac_artificial1904,
		            t.dotask,
		            t.dotask_detail,
		            t.in_must_artificial,
		            t.out_must_artificial,
		            t.must_skill,
		            t.shift_date,
		            t.shift_people,
		            t.risk,
		            t.addcost_exist,
		            t.addcost,
		            t.addcost_use,
		            t.status,
		            t.lv1_parent_id,
		            t.lv1_id,
		            t.lv1_due_date,
		            t.lv1_start_date,
		            t.lv1_value,
		            t.lv1_end_date,
		            t.lv2_parent_id,
		            t.lv2_id,
		            t.lv2_due_date,
		            t.lv2_start_date,
		            t.lv2_value,
		            t.lv2_end_date,
		            t.lv3_parent_id,
		            t.lv3_id,
		            t.lv3_due_date,
		            t.lv3_start_date,
		            t.lv3_value,
		            t.lv3_end_date,
		            t.lv4_parent_id,
		            t.lv4_id,
		            t.lv4_due_date,
		            t.lv4_start_date,
		            t.lv4_value,
		            t.lv4_end_date,
		            cfl.name AS tu_category,
		            cfl1.name AS cut_method,
		            cfl2.name AS supervision,
		            cfl3.name AS headquarters,
		            cfl4.name AS superdepart,
		            cfl5.name AS department,
		            cfl8.name AS area_name,
		            cfl9.name AS facility,
		            cfl10.name AS service_name,
		            cfl11.name AS pjname_constant,
		            cfl16.name AS work_category,
		            cfl17.name AS work_name,
		            t.plan_budget1701 + t.plan_budget1702 + t.plan_budget1703 + t.plan_budget1704 + t.plan_budget1705 + t.plan_budget1706 + t.plan_budget1707 + t.plan_budget1708 + t.plan_budget1709 + t.plan_budget1710 + t.plan_budget1711 + t.plan_budget1712 AS sum_plan_budget17,
		            t.plan_budget1801 + t.plan_budget1802 + t.plan_budget1803 + t.plan_budget1804 + t.plan_budget1805 + t.plan_budget1806 + t.plan_budget1807 + t.plan_budget1808 + t.plan_budget1809 + t.plan_budget1810 + t.plan_budget1811 + t.plan_budget1812 AS sum_plan_budget18,
		            t.plan_budget1904 * 12::numeric AS sum_plan_budget19,
		            t.plan_artificial1701 + t.plan_artificial1702 + t.plan_artificial1703 + t.plan_artificial1704 + t.plan_artificial1705 + t.plan_artificial1706 + t.plan_artificial1707 + t.plan_artificial1708 + t.plan_artificial1709 + t.plan_artificial1710 + t.plan_artificial1711 + t.plan_artificial1712 AS sum_plan_artificial17,
		            t.plan_artificial1801 + t.plan_artificial1802 + t.plan_artificial1803 + t.plan_artificial1804 + t.plan_artificial1805 + t.plan_artificial1806 + t.plan_artificial1807 + t.plan_artificial1808 + t.plan_artificial1809 + t.plan_artificial1810 + t.plan_artificial1811 + t.plan_artificial1812 AS sum_plan_artificial18,
		            t.plan_artificial1904 * 12::numeric AS sum_plan_artificial19,
		            t.ac_budget1701 + t.ac_budget1702 + t.ac_budget1703 + t.ac_budget1704 + t.ac_budget1705 + t.ac_budget1706 + t.ac_budget1707 + t.ac_budget1708 + t.ac_budget1709 + t.ac_budget1710 + t.ac_budget1711 + t.ac_budget1712 AS sum_ac_budget17,
		            t.ac_budget1801 + t.ac_budget1802 + t.ac_budget1803 + t.ac_budget1804 + t.ac_budget1805 + t.ac_budget1806 + t.ac_budget1807 + t.ac_budget1808 + t.ac_budget1809 + t.ac_budget1810 + t.ac_budget1811 + t.ac_budget1812 AS sum_ac_budget18,
		            t.ac_budget1904 * 12::numeric AS sum_ac_budget19,
		            t.ac_artificial1701 + t.ac_artificial1702 + t.ac_artificial1703 + t.ac_artificial1704 + t.ac_artificial1705 + t.ac_artificial1706 + t.ac_artificial1707 + t.ac_artificial1708 + t.ac_artificial1709 + t.ac_artificial1710 + t.ac_artificial1711 + t.ac_artificial1712 AS sum_ac_artificial17,
		            t.ac_artificial1801 + t.ac_artificial1802 + t.ac_artificial1803 + t.ac_artificial1804 + t.ac_artificial1805 + t.ac_artificial1806 + t.ac_artificial1807 + t.ac_artificial1808 + t.ac_artificial1809 + t.ac_artificial1810 + t.ac_artificial1811 + t.ac_artificial1812 AS sum_ac_artificial18,
		            t.ac_artificial1904 * 12::numeric AS sum_ac_artificial19
		           FROM ( SELECT iss.id,
		                    iss.tracker_id,
		                    iss.project_id,
		                    iss.subject,
		                    iss.description,
		                    iss.due_date,
		                    iss.category_id,
		                    iss.status_id,
		                    iss.assigned_to_id,
		                    iss.priority_id,
		                    iss.fixed_version_id,
		                    iss.author_id,
		                    iss.lock_version,
		                    iss.created_on,
		                    iss.updated_on,
		                    iss.start_date,
		                    iss.done_ratio,
		                    iss.estimated_hours,
		                    iss.parent_id,
		                    iss.root_id,
		                    iss.lft,
		                    iss.rgt,
		                    iss.is_private,
		                    iss."position",
		                    iss.remaining_hours,
		                    iss.root_seq,
		                    iss.organization_cd,
		                    iss.story_points,
		                    iss.release_id,
		                    iss.release_relationship,
		                    cv1.value AS branch_number,
		                        CASE
		                            WHEN cv2.value = ''::text THEN NULL::integer
		                            ELSE cv2.value::integer
		                        END AS tu_category_id,
		                        CASE
		                            WHEN cv3.value = ''::text THEN NULL::integer
		                            ELSE cv3.value::integer
		                        END AS cut_method_id,
		                    (us.lastname::text || ' '::text) || us.firstname::text AS responsibility,
		                    cv5.value AS origin_depart,
		                    cv6.value AS company,
		                        CASE
		                            WHEN cv7.value = ''::text THEN NULL::integer
		                            ELSE cv7.value::integer
		                        END AS supervision_id,
		                        CASE
		                            WHEN cv8.value = ''::text THEN NULL::integer
		                            ELSE cv8.value::integer
		                        END AS headquarters_id,
		                        CASE
		                            WHEN cv9.value = ''::text THEN NULL::integer
		                            ELSE cv9.value::integer
		                        END AS superdepart_id,
		                        CASE
		                            WHEN cv10.value = ''::text THEN NULL::integer
		                            ELSE cv10.value::integer
		                        END AS department_id,
		                    cv11.value AS constant_spot,
		                    cv12.value AS dispartch,
		                    cv13.value AS new_exist_update,
		                        CASE
		                            WHEN cv14.value = ''::text THEN NULL::integer
		                            ELSE cv14.value::integer
		                        END AS area_name_id,
		                        CASE
		                            WHEN cv15.value = ''::text THEN NULL::integer
		                            ELSE cv15.value::integer
		                        END AS facility_id,
		                        CASE
		                            WHEN cv16.value = ''::text THEN NULL::integer
		                            ELSE cv16.value::integer
		                        END AS service_name_id,
		                        CASE
		                            WHEN cv17.value = ''::text THEN NULL::integer
		                            ELSE cv17.value::integer
		                        END AS pjname_constant_id,
		                    cv18.value AS pn_supplement,
		                        CASE
		                            WHEN cv19.value = ''::text THEN NULL::integer
		                            ELSE cv19.value::integer
		                        END AS work_category_id,
		                        CASE
		                            WHEN cv20.value = ''::text THEN NULL::integer
		                            ELSE cv20.value::integer
		                        END AS work_name_id,
		                    cv21.value AS work_content,
		                    cv22.value AS client,
		                    cv23.value AS on_off_near,
		                    cv24.value AS ps_end_date,
		                    cv25.value AS deploy_name,
		                    cv26.value AS dn_add,
		                    cv27.value AS must_task,
		                    cv28.value AS tu_yn,
		                    cv29.value AS tu_number,
		                    cv30.value AS budget_kind,
		                    cv31.value AS budget_number,
		                        CASE
		                            WHEN cv32.value = ''::text OR cv32.value IS NULL THEN 0.00::numeric
		                            ELSE cv32.value::numeric
		                        END AS plan_budget1704,
		                        CASE
		                            WHEN cv33.value = ''::text OR cv33.value IS NULL THEN 0.00::numeric
		                            ELSE cv33.value::numeric
		                        END AS plan_budget1705,
		                        CASE
		                            WHEN cv34.value = ''::text OR cv34.value IS NULL THEN 0.00::numeric
		                            ELSE cv34.value::numeric
		                        END AS plan_budget1706,
		                        CASE
		                            WHEN cv35.value = ''::text OR cv35.value IS NULL THEN 0.00::numeric
		                            ELSE cv35.value::numeric
		                        END AS plan_budget1707,
		                        CASE
		                            WHEN cv36.value = ''::text OR cv36.value IS NULL THEN 0.00::numeric
		                            ELSE cv36.value::numeric
		                        END AS plan_budget1708,
		                        CASE
		                            WHEN cv37.value = ''::text OR cv37.value IS NULL THEN 0.00::numeric
		                            ELSE cv37.value::numeric
		                        END AS plan_budget1709,
		                        CASE
		                            WHEN cv38.value = ''::text OR cv38.value IS NULL THEN 0.00::numeric
		                            ELSE cv38.value::numeric
		                        END AS plan_budget1710,
		                        CASE
		                            WHEN cv39.value = ''::text OR cv39.value IS NULL THEN 0.00::numeric
		                            ELSE cv39.value::numeric
		                        END AS plan_budget1711,
		                        CASE
		                            WHEN cv40.value = ''::text OR cv40.value IS NULL THEN 0.00::numeric
		                            ELSE cv40.value::numeric
		                        END AS plan_budget1712,
		                        CASE
		                            WHEN cv41.value = ''::text OR cv41.value IS NULL THEN 0.00::numeric
		                            ELSE cv41.value::numeric
		                        END AS plan_budget1701,
		                        CASE
		                            WHEN cv42.value = ''::text OR cv42.value IS NULL THEN 0.00::numeric
		                            ELSE cv42.value::numeric
		                        END AS plan_budget1702,
		                        CASE
		                            WHEN cv43.value = ''::text OR cv43.value IS NULL THEN 0.00::numeric
		                            ELSE cv43.value::numeric
		                        END AS plan_budget1703,
		                        CASE
		                            WHEN cv44.value = ''::text OR cv44.value IS NULL THEN 0.00::numeric
		                            ELSE cv44.value::numeric
		                        END AS plan_budget1804,
		                        CASE
		                            WHEN cv45.value = ''::text OR cv45.value IS NULL THEN 0.00::numeric
		                            ELSE cv45.value::numeric
		                        END AS plan_budget1805,
		                        CASE
		                            WHEN cv46.value = ''::text OR cv46.value IS NULL THEN 0.00::numeric
		                            ELSE cv46.value::numeric
		                        END AS plan_budget1806,
		                        CASE
		                            WHEN cv47.value = ''::text OR cv47.value IS NULL THEN 0.00::numeric
		                            ELSE cv47.value::numeric
		                        END AS plan_budget1807,
		                        CASE
		                            WHEN cv48.value = ''::text OR cv48.value IS NULL THEN 0.00::numeric
		                            ELSE cv48.value::numeric
		                        END AS plan_budget1808,
		                        CASE
		                            WHEN cv49.value = ''::text OR cv49.value IS NULL THEN 0.00::numeric
		                            ELSE cv49.value::numeric
		                        END AS plan_budget1809,
		                        CASE
		                            WHEN cv50.value = ''::text OR cv50.value IS NULL THEN 0.00::numeric
		                            ELSE cv50.value::numeric
		                        END AS plan_budget1810,
		                        CASE
		                            WHEN cv51.value = ''::text OR cv51.value IS NULL THEN 0.00::numeric
		                            ELSE cv51.value::numeric
		                        END AS plan_budget1811,
		                        CASE
		                            WHEN cv52.value = ''::text OR cv52.value IS NULL THEN 0.00::numeric
		                            ELSE cv52.value::numeric
		                        END AS plan_budget1812,
		                        CASE
		                            WHEN cv53.value = ''::text OR cv53.value IS NULL THEN 0.00::numeric
		                            ELSE cv53.value::numeric
		                        END AS plan_budget1801,
		                        CASE
		                            WHEN cv54.value = ''::text OR cv54.value IS NULL THEN 0.00::numeric
		                            ELSE cv54.value::numeric
		                        END AS plan_budget1802,
		                        CASE
		                            WHEN cv55.value = ''::text OR cv55.value IS NULL THEN 0.00::numeric
		                            ELSE cv55.value::numeric
		                        END AS plan_budget1803,
		                        CASE
		                            WHEN cv56.value = ''::text OR cv56.value IS NULL THEN 0.00::numeric
		                            ELSE cv56.value::numeric
		                        END AS plan_budget1904,
		                    cv57.value AS artificial_unit,
		                        CASE
		                            WHEN cv58.value = ''::text OR cv58.value IS NULL THEN 0.00::numeric
		                            ELSE cv58.value::numeric
		                        END AS plan_artificial1704,
		                        CASE
		                            WHEN cv59.value = ''::text OR cv59.value IS NULL THEN 0.00::numeric
		                            ELSE cv59.value::numeric
		                        END AS plan_artificial1705,
		                        CASE
		                            WHEN cv60.value = ''::text OR cv60.value IS NULL THEN 0.00::numeric
		                            ELSE cv60.value::numeric
		                        END AS plan_artificial1706,
		                        CASE
		                            WHEN cv61.value = ''::text OR cv61.value IS NULL THEN 0.00::numeric
		                            ELSE cv61.value::numeric
		                        END AS plan_artificial1707,
		                        CASE
		                            WHEN cv62.value = ''::text OR cv62.value IS NULL THEN 0.00::numeric
		                            ELSE cv62.value::numeric
		                        END AS plan_artificial1708,
		                        CASE
		                            WHEN cv63.value = ''::text OR cv63.value IS NULL THEN 0.00::numeric
		                            ELSE cv63.value::numeric
		                        END AS plan_artificial1709,
		                        CASE
		                            WHEN cv64.value = ''::text OR cv64.value IS NULL THEN 0.00::numeric
		                            ELSE cv64.value::numeric
		                        END AS plan_artificial1710,
		                        CASE
		                            WHEN cv65.value = ''::text OR cv65.value IS NULL THEN 0.00::numeric
		                            ELSE cv65.value::numeric
		                        END AS plan_artificial1711,
		                        CASE
		                            WHEN cv66.value = ''::text OR cv66.value IS NULL THEN 0.00::numeric
		                            ELSE cv66.value::numeric
		                        END AS plan_artificial1712,
		                        CASE
		                            WHEN cv67.value = ''::text OR cv67.value IS NULL THEN 0.00::numeric
		                            ELSE cv67.value::numeric
		                        END AS plan_artificial1701,
		                        CASE
		                            WHEN cv68.value = ''::text OR cv68.value IS NULL THEN 0.00::numeric
		                            ELSE cv68.value::numeric
		                        END AS plan_artificial1702,
		                        CASE
		                            WHEN cv69.value = ''::text OR cv69.value IS NULL THEN 0.00::numeric
		                            ELSE cv69.value::numeric
		                        END AS plan_artificial1703,
		                        CASE
		                            WHEN cv70.value = ''::text OR cv70.value IS NULL THEN 0.00::numeric
		                            ELSE cv70.value::numeric
		                        END AS plan_artificial1804,
		                        CASE
		                            WHEN cv71.value = ''::text OR cv71.value IS NULL THEN 0.00::numeric
		                            ELSE cv71.value::numeric
		                        END AS plan_artificial1805,
		                        CASE
		                            WHEN cv72.value = ''::text OR cv72.value IS NULL THEN 0.00::numeric
		                            ELSE cv72.value::numeric
		                        END AS plan_artificial1806,
		                        CASE
		                            WHEN cv73.value = ''::text OR cv73.value IS NULL THEN 0.00::numeric
		                            ELSE cv73.value::numeric
		                        END AS plan_artificial1807,
		                        CASE
		                            WHEN cv74.value = ''::text OR cv74.value IS NULL THEN 0.00::numeric
		                            ELSE cv74.value::numeric
		                        END AS plan_artificial1808,
		                        CASE
		                            WHEN cv75.value = ''::text OR cv75.value IS NULL THEN 0.00::numeric
		                            ELSE cv75.value::numeric
		                        END AS plan_artificial1809,
		                        CASE
		                            WHEN cv76.value = ''::text OR cv76.value IS NULL THEN 0.00::numeric
		                            ELSE cv76.value::numeric
		                        END AS plan_artificial1810,
		                        CASE
		                            WHEN cv77.value = ''::text OR cv77.value IS NULL THEN 0.00::numeric
		                            ELSE cv77.value::numeric
		                        END AS plan_artificial1811,
		                        CASE
		                            WHEN cv78.value = ''::text OR cv78.value IS NULL THEN 0.00::numeric
		                            ELSE cv78.value::numeric
		                        END AS plan_artificial1812,
		                        CASE
		                            WHEN cv79.value = ''::text OR cv79.value IS NULL THEN 0.00::numeric
		                            ELSE cv79.value::numeric
		                        END AS plan_artificial1801,
		                        CASE
		                            WHEN cv80.value = ''::text OR cv80.value IS NULL THEN 0.00::numeric
		                            ELSE cv80.value::numeric
		                        END AS plan_artificial1802,
		                        CASE
		                            WHEN cv81.value = ''::text OR cv81.value IS NULL THEN 0.00::numeric
		                            ELSE cv81.value::numeric
		                        END AS plan_artificial1803,
		                        CASE
		                            WHEN cv82.value = ''::text OR cv82.value IS NULL THEN 0.00::numeric
		                            ELSE cv82.value::numeric
		                        END AS plan_artificial1904,
		                        CASE
		                            WHEN cv83.value = ''::text OR cv83.value IS NULL THEN 0.00::numeric
		                            ELSE cv83.value::numeric
		                        END AS ac_budget1704,
		                        CASE
		                            WHEN cv84.value = ''::text OR cv84.value IS NULL THEN 0.00::numeric
		                            ELSE cv84.value::numeric
		                        END AS ac_budget1705,
		                        CASE
		                            WHEN cv85.value = ''::text OR cv85.value IS NULL THEN 0.00::numeric
		                            ELSE cv85.value::numeric
		                        END AS ac_budget1706,
		                        CASE
		                            WHEN cv86.value = ''::text OR cv86.value IS NULL THEN 0.00::numeric
		                            ELSE cv86.value::numeric
		                        END AS ac_budget1707,
		                        CASE
		                            WHEN cv87.value = ''::text OR cv87.value IS NULL THEN 0.00::numeric
		                            ELSE cv87.value::numeric
		                        END AS ac_budget1708,
		                        CASE
		                            WHEN cv88.value = ''::text OR cv88.value IS NULL THEN 0.00::numeric
		                            ELSE cv88.value::numeric
		                        END AS ac_budget1709,
		                        CASE
		                            WHEN cv89.value = ''::text OR cv89.value IS NULL THEN 0.00::numeric
		                            ELSE cv89.value::numeric
		                        END AS ac_budget1710,
		                        CASE
		                            WHEN cv90.value = ''::text OR cv90.value IS NULL THEN 0.00::numeric
		                            ELSE cv90.value::numeric
		                        END AS ac_budget1711,
		                        CASE
		                            WHEN cv91.value = ''::text OR cv91.value IS NULL THEN 0.00::numeric
		                            ELSE cv91.value::numeric
		                        END AS ac_budget1712,
		                        CASE
		                            WHEN cv92.value = ''::text OR cv92.value IS NULL THEN 0.00::numeric
		                            ELSE cv92.value::numeric
		                        END AS ac_budget1701,
		                        CASE
		                            WHEN cv93.value = ''::text OR cv93.value IS NULL THEN 0.00::numeric
		                            ELSE cv93.value::numeric
		                        END AS ac_budget1702,
		                        CASE
		                            WHEN cv94.value = ''::text OR cv94.value IS NULL THEN 0.00::numeric
		                            ELSE cv94.value::numeric
		                        END AS ac_budget1703,
		                        CASE
		                            WHEN cv95.value = ''::text OR cv95.value IS NULL THEN 0.00::numeric
		                            ELSE cv95.value::numeric
		                        END AS ac_budget1804,
		                        CASE
		                            WHEN cv96.value = ''::text OR cv96.value IS NULL THEN 0.00::numeric
		                            ELSE cv96.value::numeric
		                        END AS ac_budget1805,
		                        CASE
		                            WHEN cv97.value = ''::text OR cv97.value IS NULL THEN 0.00::numeric
		                            ELSE cv97.value::numeric
		                        END AS ac_budget1806,
		                        CASE
		                            WHEN cv98.value = ''::text OR cv98.value IS NULL THEN 0.00::numeric
		                            ELSE cv98.value::numeric
		                        END AS ac_budget1807,
		                        CASE
		                            WHEN cv99.value = ''::text OR cv99.value IS NULL THEN 0.00::numeric
		                            ELSE cv99.value::numeric
		                        END AS ac_budget1808,
		                        CASE
		                            WHEN cv100.value = ''::text OR cv100.value IS NULL THEN 0.00::numeric
		                            ELSE cv100.value::numeric
		                        END AS ac_budget1809,
		                        CASE
		                            WHEN cv101.value = ''::text OR cv101.value IS NULL THEN 0.00::numeric
		                            ELSE cv101.value::numeric
		                        END AS ac_budget1810,
		                        CASE
		                            WHEN cv102.value = ''::text OR cv102.value IS NULL THEN 0.00::numeric
		                            ELSE cv102.value::numeric
		                        END AS ac_budget1811,
		                        CASE
		                            WHEN cv103.value = ''::text OR cv103.value IS NULL THEN 0.00::numeric
		                            ELSE cv103.value::numeric
		                        END AS ac_budget1812,
		                        CASE
		                            WHEN cv104.value = ''::text OR cv104.value IS NULL THEN 0.00::numeric
		                            ELSE cv104.value::numeric
		                        END AS ac_budget1801,
		                        CASE
		                            WHEN cv105.value = ''::text OR cv105.value IS NULL THEN 0.00::numeric
		                            ELSE cv105.value::numeric
		                        END AS ac_budget1802,
		                        CASE
		                            WHEN cv106.value = ''::text OR cv106.value IS NULL THEN 0.00::numeric
		                            ELSE cv106.value::numeric
		                        END AS ac_budget1803,
		                        CASE
		                            WHEN cv107.value = ''::text OR cv107.value IS NULL THEN 0.00::numeric
		                            ELSE cv107.value::numeric
		                        END AS ac_budget1904,
		                        CASE
		                            WHEN cv108.value = ''::text OR cv108.value IS NULL THEN 0.00::numeric
		                            ELSE cv108.value::numeric
		                        END AS ac_artificial1704,
		                        CASE
		                            WHEN cv109.value = ''::text OR cv109.value IS NULL THEN 0.00::numeric
		                            ELSE cv109.value::numeric
		                        END AS ac_artificial1705,
		                        CASE
		                            WHEN cv110.value = ''::text OR cv110.value IS NULL THEN 0.00::numeric
		                            ELSE cv110.value::numeric
		                        END AS ac_artificial1706,
		                        CASE
		                            WHEN cv111.value = ''::text OR cv111.value IS NULL THEN 0.00::numeric
		                            ELSE cv111.value::numeric
		                        END AS ac_artificial1707,
		                        CASE
		                            WHEN cv112.value = ''::text OR cv112.value IS NULL THEN 0.00::numeric
		                            ELSE cv112.value::numeric
		                        END AS ac_artificial1708,
		                        CASE
		                            WHEN cv113.value = ''::text OR cv113.value IS NULL THEN 0.00::numeric
		                            ELSE cv113.value::numeric
		                        END AS ac_artificial1709,
		                        CASE
		                            WHEN cv114.value = ''::text OR cv114.value IS NULL THEN 0.00::numeric
		                            ELSE cv114.value::numeric
		                        END AS ac_artificial1710,
		                        CASE
		                            WHEN cv115.value = ''::text OR cv115.value IS NULL THEN 0.00::numeric
		                            ELSE cv115.value::numeric
		                        END AS ac_artificial1711,
		                        CASE
		                            WHEN cv116.value = ''::text OR cv116.value IS NULL THEN 0.00::numeric
		                            ELSE cv116.value::numeric
		                        END AS ac_artificial1712,
		                        CASE
		                            WHEN cv117.value = ''::text OR cv117.value IS NULL THEN 0.00::numeric
		                            ELSE cv117.value::numeric
		                        END AS ac_artificial1701,
		                        CASE
		                            WHEN cv118.value = ''::text OR cv118.value IS NULL THEN 0.00::numeric
		                            ELSE cv118.value::numeric
		                        END AS ac_artificial1702,
		                        CASE
		                            WHEN cv119.value = ''::text OR cv119.value IS NULL THEN 0.00::numeric
		                            ELSE cv119.value::numeric
		                        END AS ac_artificial1703,
		                        CASE
		                            WHEN cv120.value = ''::text OR cv120.value IS NULL THEN 0.00::numeric
		                            ELSE cv120.value::numeric
		                        END AS ac_artificial1804,
		                        CASE
		                            WHEN cv121.value = ''::text OR cv121.value IS NULL THEN 0.00::numeric
		                            ELSE cv121.value::numeric
		                        END AS ac_artificial1805,
		                        CASE
		                            WHEN cv122.value = ''::text OR cv122.value IS NULL THEN 0.00::numeric
		                            ELSE cv122.value::numeric
		                        END AS ac_artificial1806,
		                        CASE
		                            WHEN cv123.value = ''::text OR cv123.value IS NULL THEN 0.00::numeric
		                            ELSE cv123.value::numeric
		                        END AS ac_artificial1807,
		                        CASE
		                            WHEN cv124.value = ''::text OR cv124.value IS NULL THEN 0.00::numeric
		                            ELSE cv124.value::numeric
		                        END AS ac_artificial1808,
		                        CASE
		                            WHEN cv125.value = ''::text OR cv125.value IS NULL THEN 0.00::numeric
		                            ELSE cv125.value::numeric
		                        END AS ac_artificial1809,
		                        CASE
		                            WHEN cv126.value = ''::text OR cv126.value IS NULL THEN 0.00::numeric
		                            ELSE cv126.value::numeric
		                        END AS ac_artificial1810,
		                        CASE
		                            WHEN cv127.value = ''::text OR cv127.value IS NULL THEN 0.00::numeric
		                            ELSE cv127.value::numeric
		                        END AS ac_artificial1811,
		                        CASE
		                            WHEN cv128.value = ''::text OR cv128.value IS NULL THEN 0.00::numeric
		                            ELSE cv128.value::numeric
		                        END AS ac_artificial1812,
		                        CASE
		                            WHEN cv129.value = ''::text OR cv129.value IS NULL THEN 0.00::numeric
		                            ELSE cv129.value::numeric
		                        END AS ac_artificial1801,
		                        CASE
		                            WHEN cv130.value = ''::text OR cv130.value IS NULL THEN 0.00::numeric
		                            ELSE cv130.value::numeric
		                        END AS ac_artificial1802,
		                        CASE
		                            WHEN cv131.value = ''::text OR cv131.value IS NULL THEN 0.00::numeric
		                            ELSE cv131.value::numeric
		                        END AS ac_artificial1803,
		                        CASE
		                            WHEN cv132.value = ''::text OR cv132.value IS NULL THEN 0.00::numeric
		                            ELSE cv132.value::numeric
		                        END AS ac_artificial1904,
		                    cv133.value AS dotask,
		                    cv134.value AS dotask_detail,
		                    cv135.value AS in_must_artificial,
		                    cv136.value AS out_must_artificial,
		                    cv137.value AS must_skill,
		                    cv138.value AS shift_date,
		                    cv139.value AS shift_people,
		                    cv140.value AS risk,
		                    cv141.value AS addcost_exist,
		                        CASE
		                            WHEN cv142.value = ''::text THEN NULL::numeric
		                            ELSE cv142.value::numeric
		                        END AS addcost,
		                    cv143.value AS addcost_use,
		                    cv144.value AS status,
		                    lv1_tab.lv1_parent_id,
		                    lv1_tab.lv1_id,
		                    lv1_tab.lv1_due_date,
		                    lv1_tab.lv1_start_date,
		                    lv1_tab.lv1_value,
		                    lv1_tab.lv1_end_date,
		                    lv2_tab.lv2_parent_id,
		                    lv2_tab.lv2_id,
		                    lv2_tab.lv2_due_date,
		                    lv2_tab.lv2_start_date,
		                    lv2_tab.lv2_value,
		                    lv2_tab.lv2_end_date,
		                    lv3_tab.lv3_parent_id,
		                    lv3_tab.lv3_id,
		                    lv3_tab.lv3_due_date,
		                    lv3_tab.lv3_start_date,
		                    lv3_tab.lv3_value,
		                    lv3_tab.lv3_end_date,
		                    lv4_tab.lv4_parent_id,
		                    lv4_tab.lv4_id,
		                    lv4_tab.lv4_due_date,
		                    lv4_tab.lv4_start_date,
		                    lv4_tab.lv4_value,
		                    lv4_tab.lv4_end_date
		                   FROM ( SELECT issues.id,
		                            issues.tracker_id,
		                            issues.project_id,
		                            issues.subject,
		                            issues.description,
		                            issues.due_date,
		                            issues.category_id,
		                            issues.status_id,
		                            issues.assigned_to_id,
		                            issues.priority_id,
		                            issues.fixed_version_id,
		                            issues.author_id,
		                            issues.lock_version,
		                            issues.created_on,
		                            issues.updated_on,
		                            issues.start_date,
		                            issues.done_ratio,
		                            issues.estimated_hours,
		                            issues.parent_id,
		                            issues.root_id,
		                            issues.lft,
		                            issues.rgt,
		                            issues.is_private,
		                            issues."position",
		                            issues.remaining_hours,
		                            issues.root_seq,
		                            issues.organization_cd,
		                            issues.story_points,
		                            issues.release_id,
		                            issues.release_relationship
		                           FROM issues
		                          WHERE (issues.project_id IN ( SELECT projects.id
		                                   FROM projects
		                                  WHERE projects.id = 1593 OR projects.parent_id = 1593)) AND issues.tracker_id = 45 AND issues.parent_id IS NULL) iss
		                     JOIN ( SELECT child_i.parent_id AS lv1_parent_id,
		                            child_i.id AS lv1_id,
		                            child_i.due_date AS lv1_due_date,
		                            child_i.start_date AS lv1_start_date,
		                            cv.value AS lv1_value,
		                            cv1_1.value AS lv1_end_date
		                           FROM ( SELECT issues.id,
		                                    issues.tracker_id,
		                                    issues.project_id,
		                                    issues.subject,
		                                    issues.description,
		                                    issues.due_date,
		                                    issues.category_id,
		                                    issues.status_id,
		                                    issues.assigned_to_id,
		                                    issues.priority_id,
		                                    issues.fixed_version_id,
		                                    issues.author_id,
		                                    issues.lock_version,
		                                    issues.created_on,
		                                    issues.updated_on,
		                                    issues.start_date,
		                                    issues.done_ratio,
		                                    issues.estimated_hours,
		                                    issues.parent_id,
		                                    issues.root_id,
		                                    issues.lft,
		                                    issues.rgt,
		                                    issues.is_private,
		                                    issues."position",
		                                    issues.remaining_hours,
		                                    issues.root_seq,
		                                    issues.organization_cd,
		                                    issues.story_points,
		                                    issues.release_id,
		                                    issues.release_relationship
		                                   FROM issues
		                                  WHERE (issues.project_id IN ( 
		                                          SELECT projects.id
		                                          FROM projects
		                                          WHERE projects.id = 1593 OR projects.parent_id = 1593)) AND issues.tracker_id = 49 AND issues.parent_id IS NOT NULL AND issues.subject::text = 'レベル1'::text) child_i
		                             JOIN custom_values cv ON child_i.id = cv.customized_id AND cv.custom_field_id = 1000000145 AND cv.value = 'レベル1'::text
		                             LEFT JOIN custom_values cv1_1 ON child_i.id = cv1_1.customized_id AND cv1_1.custom_field_id = 64) lv1_tab ON iss.id = lv1_tab.lv1_parent_id
		                     JOIN ( SELECT child_i.parent_id AS lv2_parent_id,
		                            child_i.id AS lv2_id,
		                            child_i.due_date AS lv2_due_date,
		                            child_i.start_date AS lv2_start_date,
		                            cv.value AS lv2_value,
		                            cv1_1.value AS lv2_end_date
		                           FROM ( SELECT issues.id,
		                                    issues.tracker_id,
		                                    issues.project_id,
		                                    issues.subject,
		                                    issues.description,
		                                    issues.due_date,
		                                    issues.category_id,
		                                    issues.status_id,
		                                    issues.assigned_to_id,
		                                    issues.priority_id,
		                                    issues.fixed_version_id,
		                                    issues.author_id,
		                                    issues.lock_version,
		                                    issues.created_on,
		                                    issues.updated_on,
		                                    issues.start_date,
		                                    issues.done_ratio,
		                                    issues.estimated_hours,
		                                    issues.parent_id,
		                                    issues.root_id,
		                                    issues.lft,
		                                    issues.rgt,
		                                    issues.is_private,
		                                    issues."position",
		                                    issues.remaining_hours,
		                                    issues.root_seq,
		                                    issues.organization_cd,
		                                    issues.story_points,
		                                    issues.release_id,
		                                    issues.release_relationship
		                                   FROM issues
		                                  WHERE (issues.project_id IN ( SELECT projects.id
		                                          FROM projects
		                                          WHERE projects.id = 1593 OR projects.parent_id = 1593)) AND issues.tracker_id = 49 AND issues.parent_id IS NOT NULL AND issues.subject::text = 'レベル2'::text) child_i
		                             JOIN custom_values cv ON child_i.id = cv.customized_id AND cv.custom_field_id = 1000000145 AND cv.value = 'レベル2'::text
		                             LEFT JOIN custom_values cv1_1 ON child_i.id = cv1_1.customized_id AND cv1_1.custom_field_id = 64) lv2_tab ON iss.id = lv2_tab.lv2_parent_id
		                     JOIN ( SELECT child_i.parent_id AS lv3_parent_id,
		                            child_i.id AS lv3_id,
		                            child_i.due_date AS lv3_due_date,
		                            child_i.start_date AS lv3_start_date,
		                            cv.value AS lv3_value,
		                            cv1_1.value AS lv3_end_date
		                           FROM ( SELECT issues.id,
		                                    issues.tracker_id,
		                                    issues.project_id,
		                                    issues.subject,
		                                    issues.description,
		                                    issues.due_date,
		                                    issues.category_id,
		                                    issues.status_id,
		                                    issues.assigned_to_id,
		                                    issues.priority_id,
		                                    issues.fixed_version_id,
		                                    issues.author_id,
		                                    issues.lock_version,
		                                    issues.created_on,
		                                    issues.updated_on,
		                                    issues.start_date,
		                                    issues.done_ratio,
		                                    issues.estimated_hours,
		                                    issues.parent_id,
		                                    issues.root_id,
		                                    issues.lft,
		                                    issues.rgt,
		                                    issues.is_private,
		                                    issues."position",
		                                    issues.remaining_hours,
		                                    issues.root_seq,
		                                    issues.organization_cd,
		                                    issues.story_points,
		                                    issues.release_id,
		                                    issues.release_relationship
		                                   FROM issues
		                                  WHERE (issues.project_id IN ( SELECT projects.id
		                                          FROM projects
		                                          WHERE projects.id = 1593 OR projects.parent_id = 1593)) AND issues.tracker_id = 49 AND issues.parent_id IS NOT NULL AND issues.subject::text = 'レベル3'::text) child_i
		                             JOIN custom_values cv ON child_i.id = cv.customized_id AND cv.custom_field_id = 1000000145 AND cv.value = 'レベル3'::text
		                             LEFT JOIN custom_values cv1_1 ON child_i.id = cv1_1.customized_id AND cv1_1.custom_field_id = 64) lv3_tab ON iss.id = lv3_tab.lv3_parent_id
		                     JOIN ( SELECT child_i.parent_id AS lv4_parent_id,
		                            child_i.id AS lv4_id,
		                            child_i.due_date AS lv4_due_date,
		                            child_i.start_date AS lv4_start_date,
		                            cv.value AS lv4_value,
		                            cv1_1.value AS lv4_end_date
		                           FROM ( SELECT issues.id,
		                                    issues.tracker_id,
		                                    issues.project_id,
		                                    issues.subject,
		                                    issues.description,
		                                    issues.due_date,
		                                    issues.category_id,
		                                    issues.status_id,
		                                    issues.assigned_to_id,
		                                    issues.priority_id,
		                                    issues.fixed_version_id,
		                                    issues.author_id,
		                                    issues.lock_version,
		                                    issues.created_on,
		                                    issues.updated_on,
		                                    issues.start_date,
		                                    issues.done_ratio,
		                                    issues.estimated_hours,
		                                    issues.parent_id,
		                                    issues.root_id,
		                                    issues.lft,
		                                    issues.rgt,
		                                    issues.is_private,
		                                    issues."position",
		                                    issues.remaining_hours,
		                                    issues.root_seq,
		                                    issues.organization_cd,
		                                    issues.story_points,
		                                    issues.release_id,
		                                    issues.release_relationship
		                                   FROM issues
		                                  WHERE (issues.project_id IN ( SELECT projects.id
		                                          FROM projects
		                                          WHERE projects.id = 1593 OR projects.parent_id = 1593)) AND issues.tracker_id = 49 AND issues.parent_id IS NOT NULL AND issues.subject::text = 'レベル4'::text) child_i
		                             JOIN custom_values cv ON child_i.id = cv.customized_id AND cv.custom_field_id = 1000000145 AND cv.value = 'レベル4'::text
		                             LEFT JOIN custom_values cv1_1 ON child_i.id = cv1_1.customized_id AND cv1_1.custom_field_id = 64) lv4_tab ON iss.id = lv4_tab.lv4_parent_id
		                     LEFT JOIN users us ON iss.assigned_to_id = us.id
		                     LEFT JOIN custom_values cv1 ON cv1.customized_id = iss.id AND cv1.custom_field_id = 1000000001
		                     LEFT JOIN custom_values cv2 ON cv2.customized_id = iss.id AND cv2.custom_field_id = 1000000002
		                     LEFT JOIN custom_values cv3 ON cv3.customized_id = iss.id AND cv3.custom_field_id = 1000000003
		                     LEFT JOIN custom_values cv4 ON cv4.customized_id = iss.id AND cv4.custom_field_id = 1000000004
		                     LEFT JOIN custom_values cv5 ON cv5.customized_id = iss.id AND cv5.custom_field_id = 1000000005
		                     LEFT JOIN custom_values cv6 ON cv6.customized_id = iss.id AND cv6.custom_field_id = 1000000006
		                     LEFT JOIN custom_values cv7 ON cv7.customized_id = iss.id AND cv7.custom_field_id = 1000000007
		                     LEFT JOIN custom_values cv8 ON cv8.customized_id = iss.id AND cv8.custom_field_id = 1000000008
		                     LEFT JOIN custom_values cv9 ON cv9.customized_id = iss.id AND cv9.custom_field_id = 1000000009
		                     LEFT JOIN custom_values cv10 ON cv10.customized_id = iss.id AND cv10.custom_field_id = 1000000010
		                     LEFT JOIN custom_values cv11 ON cv11.customized_id = iss.id AND cv11.custom_field_id = 1000000011
		                     LEFT JOIN custom_values cv12 ON cv12.customized_id = iss.id AND cv12.custom_field_id = 1000000012
		                     LEFT JOIN custom_values cv13 ON cv13.customized_id = iss.id AND cv13.custom_field_id = 1000000013
		                     LEFT JOIN custom_values cv14 ON cv14.customized_id = iss.id AND cv14.custom_field_id = 1000000014
		                     LEFT JOIN custom_values cv15 ON cv15.customized_id = iss.id AND cv15.custom_field_id = 1000000015
		                     LEFT JOIN custom_values cv16 ON cv16.customized_id = iss.id AND cv16.custom_field_id = 1000000016
		                     LEFT JOIN custom_values cv17 ON cv17.customized_id = iss.id AND cv17.custom_field_id = 1000000017
		                     LEFT JOIN custom_values cv18 ON cv18.customized_id = iss.id AND cv18.custom_field_id = 1000000018
		                     LEFT JOIN custom_values cv19 ON cv19.customized_id = iss.id AND cv19.custom_field_id = 1000000019
		                     LEFT JOIN custom_values cv20 ON cv20.customized_id = iss.id AND cv20.custom_field_id = 1000000020
		                     LEFT JOIN custom_values cv21 ON cv21.customized_id = iss.id AND cv21.custom_field_id = 1000000021
		                     LEFT JOIN custom_values cv22 ON cv22.customized_id = iss.id AND cv22.custom_field_id = 1000000022
		                     LEFT JOIN custom_values cv23 ON cv23.customized_id = iss.id AND cv23.custom_field_id = 1000000023
		                     LEFT JOIN custom_values cv24 ON cv24.customized_id = iss.id AND cv24.custom_field_id = 1000000024
		                     LEFT JOIN custom_values cv25 ON cv25.customized_id = iss.id AND cv25.custom_field_id = 1000000025
		                     LEFT JOIN custom_values cv26 ON cv26.customized_id = iss.id AND cv26.custom_field_id = 1000000026
		                     LEFT JOIN custom_values cv27 ON cv27.customized_id = iss.id AND cv27.custom_field_id = 1000000027
		                     LEFT JOIN custom_values cv28 ON cv28.customized_id = iss.id AND cv28.custom_field_id = 1000000028
		                     LEFT JOIN custom_values cv29 ON cv29.customized_id = iss.id AND cv29.custom_field_id = 1000000029
		                     LEFT JOIN custom_values cv30 ON cv30.customized_id = iss.id AND cv30.custom_field_id = 1000000030
		                     LEFT JOIN custom_values cv31 ON cv31.customized_id = iss.id AND cv31.custom_field_id = 1000000031
		                     LEFT JOIN custom_values cv32 ON cv32.customized_id = iss.id AND cv32.custom_field_id = 1000000032
		                     LEFT JOIN custom_values cv33 ON cv33.customized_id = iss.id AND cv33.custom_field_id = 1000000033
		                     LEFT JOIN custom_values cv34 ON cv34.customized_id = iss.id AND cv34.custom_field_id = 1000000034
		                     LEFT JOIN custom_values cv35 ON cv35.customized_id = iss.id AND cv35.custom_field_id = 1000000035
		                     LEFT JOIN custom_values cv36 ON cv36.customized_id = iss.id AND cv36.custom_field_id = 1000000036
		                     LEFT JOIN custom_values cv37 ON cv37.customized_id = iss.id AND cv37.custom_field_id = 1000000037
		                     LEFT JOIN custom_values cv38 ON cv38.customized_id = iss.id AND cv38.custom_field_id = 1000000038
		                     LEFT JOIN custom_values cv39 ON cv39.customized_id = iss.id AND cv39.custom_field_id = 1000000039
		                     LEFT JOIN custom_values cv40 ON cv40.customized_id = iss.id AND cv40.custom_field_id = 1000000040
		                     LEFT JOIN custom_values cv41 ON cv41.customized_id = iss.id AND cv41.custom_field_id = 1000000041
		                     LEFT JOIN custom_values cv42 ON cv42.customized_id = iss.id AND cv42.custom_field_id = 1000000042
		                     LEFT JOIN custom_values cv43 ON cv43.customized_id = iss.id AND cv43.custom_field_id = 1000000043
		                     LEFT JOIN custom_values cv44 ON cv44.customized_id = iss.id AND cv44.custom_field_id = 1000000044
		                     LEFT JOIN custom_values cv45 ON cv45.customized_id = iss.id AND cv45.custom_field_id = 1000000045
		                     LEFT JOIN custom_values cv46 ON cv46.customized_id = iss.id AND cv46.custom_field_id = 1000000046
		                     LEFT JOIN custom_values cv47 ON cv47.customized_id = iss.id AND cv47.custom_field_id = 1000000047
		                     LEFT JOIN custom_values cv48 ON cv48.customized_id = iss.id AND cv48.custom_field_id = 1000000048
		                     LEFT JOIN custom_values cv49 ON cv49.customized_id = iss.id AND cv49.custom_field_id = 1000000049
		                     LEFT JOIN custom_values cv50 ON cv50.customized_id = iss.id AND cv50.custom_field_id = 1000000050
		                     LEFT JOIN custom_values cv51 ON cv51.customized_id = iss.id AND cv51.custom_field_id = 1000000051
		                     LEFT JOIN custom_values cv52 ON cv52.customized_id = iss.id AND cv52.custom_field_id = 1000000052
		                     LEFT JOIN custom_values cv53 ON cv53.customized_id = iss.id AND cv53.custom_field_id = 1000000053
		                     LEFT JOIN custom_values cv54 ON cv54.customized_id = iss.id AND cv54.custom_field_id = 1000000054
		                     LEFT JOIN custom_values cv55 ON cv55.customized_id = iss.id AND cv55.custom_field_id = 1000000055
		                     LEFT JOIN custom_values cv56 ON cv56.customized_id = iss.id AND cv56.custom_field_id = 1000000056
		                     LEFT JOIN custom_values cv57 ON cv57.customized_id = iss.id AND cv57.custom_field_id = 1000000057
		                     LEFT JOIN custom_values cv58 ON cv58.customized_id = iss.id AND cv58.custom_field_id = 1000000058
		                     LEFT JOIN custom_values cv59 ON cv59.customized_id = iss.id AND cv59.custom_field_id = 1000000059
		                     LEFT JOIN custom_values cv60 ON cv60.customized_id = iss.id AND cv60.custom_field_id = 1000000060
		                     LEFT JOIN custom_values cv61 ON cv61.customized_id = iss.id AND cv61.custom_field_id = 1000000061
		                     LEFT JOIN custom_values cv62 ON cv62.customized_id = iss.id AND cv62.custom_field_id = 1000000062
		                     LEFT JOIN custom_values cv63 ON cv63.customized_id = iss.id AND cv63.custom_field_id = 1000000063
		                     LEFT JOIN custom_values cv64 ON cv64.customized_id = iss.id AND cv64.custom_field_id = 1000000064
		                     LEFT JOIN custom_values cv65 ON cv65.customized_id = iss.id AND cv65.custom_field_id = 1000000065
		                     LEFT JOIN custom_values cv66 ON cv66.customized_id = iss.id AND cv66.custom_field_id = 1000000066
		                     LEFT JOIN custom_values cv67 ON cv67.customized_id = iss.id AND cv67.custom_field_id = 1000000067
		                     LEFT JOIN custom_values cv68 ON cv68.customized_id = iss.id AND cv68.custom_field_id = 1000000068
		                     LEFT JOIN custom_values cv69 ON cv69.customized_id = iss.id AND cv69.custom_field_id = 1000000069
		                     LEFT JOIN custom_values cv70 ON cv70.customized_id = iss.id AND cv70.custom_field_id = 1000000070
		                     LEFT JOIN custom_values cv71 ON cv71.customized_id = iss.id AND cv71.custom_field_id = 1000000071
		                     LEFT JOIN custom_values cv72 ON cv72.customized_id = iss.id AND cv72.custom_field_id = 1000000072
		                     LEFT JOIN custom_values cv73 ON cv73.customized_id = iss.id AND cv73.custom_field_id = 1000000073
		                     LEFT JOIN custom_values cv74 ON cv74.customized_id = iss.id AND cv74.custom_field_id = 1000000074
		                     LEFT JOIN custom_values cv75 ON cv75.customized_id = iss.id AND cv75.custom_field_id = 1000000075
		                     LEFT JOIN custom_values cv76 ON cv76.customized_id = iss.id AND cv76.custom_field_id = 1000000076
		                     LEFT JOIN custom_values cv77 ON cv77.customized_id = iss.id AND cv77.custom_field_id = 1000000077
		                     LEFT JOIN custom_values cv78 ON cv78.customized_id = iss.id AND cv78.custom_field_id = 1000000078
		                     LEFT JOIN custom_values cv79 ON cv79.customized_id = iss.id AND cv79.custom_field_id = 1000000079
		                     LEFT JOIN custom_values cv80 ON cv80.customized_id = iss.id AND cv80.custom_field_id = 1000000080
		                     LEFT JOIN custom_values cv81 ON cv81.customized_id = iss.id AND cv81.custom_field_id = 1000000081
		                     LEFT JOIN custom_values cv82 ON cv82.customized_id = iss.id AND cv82.custom_field_id = 1000000082
		                     LEFT JOIN custom_values cv83 ON cv83.customized_id = iss.id AND cv83.custom_field_id = 1000000083
		                     LEFT JOIN custom_values cv84 ON cv84.customized_id = iss.id AND cv84.custom_field_id = 1000000084
		                     LEFT JOIN custom_values cv85 ON cv85.customized_id = iss.id AND cv85.custom_field_id = 1000000085
		                     LEFT JOIN custom_values cv86 ON cv86.customized_id = iss.id AND cv86.custom_field_id = 1000000086
		                     LEFT JOIN custom_values cv87 ON cv87.customized_id = iss.id AND cv87.custom_field_id = 1000000087
		                     LEFT JOIN custom_values cv88 ON cv88.customized_id = iss.id AND cv88.custom_field_id = 1000000088
		                     LEFT JOIN custom_values cv89 ON cv89.customized_id = iss.id AND cv89.custom_field_id = 1000000089
		                     LEFT JOIN custom_values cv90 ON cv90.customized_id = iss.id AND cv90.custom_field_id = 1000000090
		                     LEFT JOIN custom_values cv91 ON cv91.customized_id = iss.id AND cv91.custom_field_id = 1000000091
		                     LEFT JOIN custom_values cv92 ON cv92.customized_id = iss.id AND cv92.custom_field_id = 1000000092
		                     LEFT JOIN custom_values cv93 ON cv93.customized_id = iss.id AND cv93.custom_field_id = 1000000093
		                     LEFT JOIN custom_values cv94 ON cv94.customized_id = iss.id AND cv94.custom_field_id = 1000000094
		                     LEFT JOIN custom_values cv95 ON cv95.customized_id = iss.id AND cv95.custom_field_id = 1000000095
		                     LEFT JOIN custom_values cv96 ON cv96.customized_id = iss.id AND cv96.custom_field_id = 1000000096
		                     LEFT JOIN custom_values cv97 ON cv97.customized_id = iss.id AND cv97.custom_field_id = 1000000097
		                     LEFT JOIN custom_values cv98 ON cv98.customized_id = iss.id AND cv98.custom_field_id = 1000000098
		                     LEFT JOIN custom_values cv99 ON cv99.customized_id = iss.id AND cv99.custom_field_id = 1000000099
		                     LEFT JOIN custom_values cv100 ON cv100.customized_id = iss.id AND cv100.custom_field_id = 1000000100
		                     LEFT JOIN custom_values cv101 ON cv101.customized_id = iss.id AND cv101.custom_field_id = 1000000101
		                     LEFT JOIN custom_values cv102 ON cv102.customized_id = iss.id AND cv102.custom_field_id = 1000000102
		                     LEFT JOIN custom_values cv103 ON cv103.customized_id = iss.id AND cv103.custom_field_id = 1000000103
		                     LEFT JOIN custom_values cv104 ON cv104.customized_id = iss.id AND cv104.custom_field_id = 1000000104
		                     LEFT JOIN custom_values cv105 ON cv105.customized_id = iss.id AND cv105.custom_field_id = 1000000105
		                     LEFT JOIN custom_values cv106 ON cv106.customized_id = iss.id AND cv106.custom_field_id = 1000000106
		                     LEFT JOIN custom_values cv107 ON cv107.customized_id = iss.id AND cv107.custom_field_id = 1000000107
		                     LEFT JOIN custom_values cv108 ON cv108.customized_id = iss.id AND cv108.custom_field_id = 1000000108
		                     LEFT JOIN custom_values cv109 ON cv109.customized_id = iss.id AND cv109.custom_field_id = 1000000109
		                     LEFT JOIN custom_values cv110 ON cv110.customized_id = iss.id AND cv110.custom_field_id = 1000000110
		                     LEFT JOIN custom_values cv111 ON cv111.customized_id = iss.id AND cv111.custom_field_id = 1000000111
		                     LEFT JOIN custom_values cv112 ON cv112.customized_id = iss.id AND cv112.custom_field_id = 1000000112
		                     LEFT JOIN custom_values cv113 ON cv113.customized_id = iss.id AND cv113.custom_field_id = 1000000113
		                     LEFT JOIN custom_values cv114 ON cv114.customized_id = iss.id AND cv114.custom_field_id = 1000000114
		                     LEFT JOIN custom_values cv115 ON cv115.customized_id = iss.id AND cv115.custom_field_id = 1000000115
		                     LEFT JOIN custom_values cv116 ON cv116.customized_id = iss.id AND cv116.custom_field_id = 1000000116
		                     LEFT JOIN custom_values cv117 ON cv117.customized_id = iss.id AND cv117.custom_field_id = 1000000117
		                     LEFT JOIN custom_values cv118 ON cv118.customized_id = iss.id AND cv118.custom_field_id = 1000000118
		                     LEFT JOIN custom_values cv119 ON cv119.customized_id = iss.id AND cv119.custom_field_id = 1000000119
		                     LEFT JOIN custom_values cv120 ON cv120.customized_id = iss.id AND cv120.custom_field_id = 1000000120
		                     LEFT JOIN custom_values cv121 ON cv121.customized_id = iss.id AND cv121.custom_field_id = 1000000121
		                     LEFT JOIN custom_values cv122 ON cv122.customized_id = iss.id AND cv122.custom_field_id = 1000000122
		                     LEFT JOIN custom_values cv123 ON cv123.customized_id = iss.id AND cv123.custom_field_id = 1000000123
		                     LEFT JOIN custom_values cv124 ON cv124.customized_id = iss.id AND cv124.custom_field_id = 1000000124
		                     LEFT JOIN custom_values cv125 ON cv125.customized_id = iss.id AND cv125.custom_field_id = 1000000125
		                     LEFT JOIN custom_values cv126 ON cv126.customized_id = iss.id AND cv126.custom_field_id = 1000000126
		                     LEFT JOIN custom_values cv127 ON cv127.customized_id = iss.id AND cv127.custom_field_id = 1000000127
		                     LEFT JOIN custom_values cv128 ON cv128.customized_id = iss.id AND cv128.custom_field_id = 1000000128
		                     LEFT JOIN custom_values cv129 ON cv129.customized_id = iss.id AND cv129.custom_field_id = 1000000129
		                     LEFT JOIN custom_values cv130 ON cv130.customized_id = iss.id AND cv130.custom_field_id = 1000000130
		                     LEFT JOIN custom_values cv131 ON cv131.customized_id = iss.id AND cv131.custom_field_id = 1000000131
		                     LEFT JOIN custom_values cv132 ON cv132.customized_id = iss.id AND cv132.custom_field_id = 1000000132
		                     LEFT JOIN custom_values cv133 ON cv133.customized_id = iss.id AND cv133.custom_field_id = 1000000133
		                     LEFT JOIN custom_values cv134 ON cv134.customized_id = iss.id AND cv134.custom_field_id = 1000000134
		                     LEFT JOIN custom_values cv135 ON cv135.customized_id = iss.id AND cv135.custom_field_id = 1000000135
		                     LEFT JOIN custom_values cv136 ON cv136.customized_id = iss.id AND cv136.custom_field_id = 1000000136
		                     LEFT JOIN custom_values cv137 ON cv137.customized_id = iss.id AND cv137.custom_field_id = 1000000137
		                     LEFT JOIN custom_values cv138 ON cv138.customized_id = iss.id AND cv138.custom_field_id = 1000000138
		                     LEFT JOIN custom_values cv139 ON cv139.customized_id = iss.id AND cv139.custom_field_id = 1000000139
		                     LEFT JOIN custom_values cv140 ON cv140.customized_id = iss.id AND cv140.custom_field_id = 1000000140
		                     LEFT JOIN custom_values cv141 ON cv141.customized_id = iss.id AND cv141.custom_field_id = 1000000141
		                     LEFT JOIN custom_values cv142 ON cv142.customized_id = iss.id AND cv142.custom_field_id = 1000000142
		                     LEFT JOIN custom_values cv143 ON cv143.customized_id = iss.id AND cv143.custom_field_id = 1000000143
		                     LEFT JOIN custom_values cv144 ON cv144.customized_id = iss.id AND cv144.custom_field_id = 1000000144) t
		             LEFT JOIN custom_field_links cfl ON cfl.id = t.tu_category_id AND cfl.project_id = 1593 AND cfl.custom_field_id = 1000000002
		             LEFT JOIN custom_field_links cfl1 ON cfl1.id = t.cut_method_id AND cfl1.project_id = 1593 AND cfl1.custom_field_id = 1000000003
		             LEFT JOIN custom_field_links cfl2 ON cfl2.id = t.supervision_id AND cfl2.project_id = 1593 AND cfl2.custom_field_id = 1000000007
		             LEFT JOIN custom_field_links cfl3 ON cfl3.id = t.headquarters_id AND cfl3.project_id = 1593 AND cfl3.custom_field_id = 1000000008
		             LEFT JOIN custom_field_links cfl4 ON cfl4.id = t.superdepart_id AND cfl4.project_id = 1593 AND cfl4.custom_field_id = 1000000009
		             LEFT JOIN custom_field_links cfl5 ON cfl5.id = t.department_id AND cfl5.project_id = 1593 AND cfl5.custom_field_id = 1000000010
		             LEFT JOIN custom_field_links cfl8 ON cfl8.id = t.area_name_id AND cfl8.project_id = 1593 AND cfl8.custom_field_id = 1000000014
		             LEFT JOIN custom_field_links cfl9 ON cfl9.id = t.facility_id AND cfl9.project_id = 1593 AND cfl9.custom_field_id = 1000000015
		             LEFT JOIN custom_field_links cfl10 ON cfl10.id = t.service_name_id AND cfl10.project_id = 1593 AND cfl10.custom_field_id = 1000000016
		             LEFT JOIN custom_field_links cfl11 ON cfl11.id = t.pjname_constant_id AND cfl11.project_id = 1593 AND cfl11.custom_field_id = 1000000017
		             LEFT JOIN custom_field_links cfl16 ON cfl16.id = t.work_category_id AND cfl16.project_id = 1593 AND cfl16.custom_field_id = 1000000019
		             LEFT JOIN custom_field_links cfl17 ON cfl17.id = t.work_name_id AND cfl17.project_id = 1593 AND cfl17.custom_field_id = 1000000020) temp
	</insert>
	<delete id="deleteMyPageInfo" parameterType="java.util.Map">
		<![CDATA[
			DELETE FROM my_page_list
			WHERE user_id = #{user_id}
		]]>
	</delete>
	<delete id="delStudyInfo" parameterType="java.util.Map">
		<![CDATA[
			DELETE FROM v_tu
			WHERE TO_CHAR(tu_created_on,'YYYYMMDDHH24MISS') = #{id}
		]]>
	</delete>
	<delete id="deleteStudyInfo" parameterType="java.util.Map">
		DELETE FROM v_tu
		WHERE name = '0'
			AND TO_CHAR(tu_created_on,'YYYYMMDDHH24MISS') = (SELECT TO_CHAR(MIN(tu_created_on),'YYYYMMDDHH24MISS') FROM v_tu WHERE name = '0')
	</delete>
	<update id="upStudyNameInfo" parameterType="java.util.HashMap">
		UPDATE "v_tu" 
		SET name = #{name}
		WHERE TO_CHAR(tu_created_on,'YYYYMMDDHH24MISS') = #{tu_created_on}
	</update>
	
	<select id="getNewDateInfo" resultType="java.util.Map">
		<![CDATA[
			SELECT 
				TO_CHAR(
					tu_created_on,
					'YYYYMMDDHH24MISS'
				) AS "new_date"
			FROM 
				v_tu
			WHERE 
				name = '0'
			GROUP BY tu_created_on,name
			ORDER BY 
				tu_created_on DESC
		]]>
	</select>
</mapper>