<beans xmlns="http://www.springframework.org/schema/beans"
	xmlns:xsi="http://www.w3.org/2001/XMLSchema-instance" 
	xsi:schemaLocation="  
	http://www.springframework.org/schema/beans 
	http://www.springframework.org/schema/beans/spring-beans.xsd">
	
	<!--  login  -->
	<bean id="login" class="co.jp.softbank.qqmx.logic.application.common.LoginLogic" parent="abstractBaseLogic" scope="prototype">
	</bean>
	
	<!--  login  -->
	<bean id="loginNormal" class="co.jp.softbank.qqmx.logic.application.common.LoginNormalLogic" parent="abstractBaseLogic" scope="prototype">
	</bean>
	
	<!--  main  -->
	<bean id="main" class="co.jp.softbank.qqmx.logic.application.common.MainLogic" parent="abstractBaseLogic" scope="prototype">
	</bean>
	
	<!--  common  -->
	<bean id="common" class="co.jp.softbank.qqmx.logic.application.common.CommonLogic" parent="abstractBaseLogic" scope="prototype">
	</bean>
	
	<!--  main  -->
	<bean id="commonDaoService" class="co.jp.softbank.qqmx.dao.common.CommonDaoService" scope="prototype">
	</bean>
	
	<!--  main  -->
	<bean id="dbMemoryMonitorDaoService" class="co.jp.softbank.qqmx.dao.common.DbMemoryMonitorDaoService" scope="prototype">
	</bean>
	
	<!--  sessionFilter  -->
	<bean id="abstractCommonFilter" class="co.jp.softbank.qqmx.filter.AbstractCommonFilter" abstract="true">
		<property name="db" ref="db" />
	</bean>
	
	<!--  sessionFilter  -->
	<bean id="sessionFilter" class="co.jp.softbank.qqmx.filter.SessionCheckFilter" parent="abstractCommonFilter" scope="prototype">
	</bean>
	
	<!--  rolesFilter  -->
	<bean id="rolesFilter" class="co.jp.softbank.qqmx.filter.RolesCheckFilter" parent="abstractCommonFilter" scope="prototype">
	</bean>
	
	<!--  HistoryRecordFilter  -->
	<bean id="historyRecordFilter" class="co.jp.softbank.qqmx.filter.HistoryRecordFilter" parent="abstractCommonFilter" scope="prototype">
	</bean>
	
</beans>