<?xml version="1.0" encoding="UTF-8" ?>
<!DOCTYPE mapper PUBLIC "-//mybatis.org//DTD Mapper 3.0//EN" "http://mybatis.org/dtd/mybatis-3-mapper.dtd" >
<mapper namespace="backlog_history">

	<insert id="addBacklogHistory" parameterType="java.util.Map" keyProperty="id" useGeneratedKeys="true">
    	INSERT INTO backlog_history (
    		SELECT 
    			id, 
	    		TO_CHAR(
	    			now(), 
	    			'YYYY-MM-DD'
	    		), 
	    		estimated_hours, 
	    		remaining_hours, 
	    		story_points, 
	    		done_ratio
    		FROM 
    			issues 
    		WHERE 
    			id IN 
				<foreach collection="issue_ids" item="issue_id" open="(" separator="," close=")">
	                #{issue_id}::int
	        	</foreach>
    	)
	</insert>
	
	<delete id="deleteBacklogHistory" parameterType="java.util.Map">
        DELETE FROM
            backlog_history
        WHERE
            issue_id IN 
				<foreach collection="issue_ids" item="issue_id" open="(" separator="," close=")">
	                #{issue_id}::int
	        	</foreach>
	    AND
	    	updated_on = TO_CHAR(
    			now(), 
    			'YYYY-MM-DD'
    		)
    </delete>
    
    <delete id="deleteBacklogHistoryByIssueId" parameterType="java.util.Map">
        DELETE FROM
            backlog_history
        WHERE
            issue_id IN (
			WITH RECURSIVE TEMP AS (
				SELECT 
					id, parent_id
				FROM 
					issues
				WHERE 
					id = #{issue_id}
               	UNION ALL
               	SELECT 
               		issues.id, 
               		issues.parent_id
               	FROM 
               		temp, 
               		issues
               	WHERE 
               		issues.parent_id = temp.id
			)
			SELECT 
				id 
			FROM 
				temp
		)
    </delete>
    
    <select id="selectBacklogHistoryBySprintId" resultType="java.util.Map" parameterType="java.util.Map">
        SELECT 
        	issue_id, 
        	COALESCE(
				remaining_hours,
                estimated_hours
			) remaining_hours, 
        	COALESCE(
				story_points,
                0
			) story_points, 
			CASE WHEN
				done_ratio = 100
			THEN
				0
			ELSE
				COALESCE(
					story_points,
	                0
				)
			END AS "remaining_points",
			estimated_hours,
			updated_on 
		FROM 
			backlog_history
        WHERE 
        	issue_id IN (
        		SELECT 
        			id 
        		FROM 
        			issues 
        		WHERE 
        			fixed_version_id = #{sprint_id}::int
        		AND 
        			tracker_id IN 
					<foreach collection="story_trackers" item="tracker_id" open="(" separator="," close=")">
		                #{tracker_id}::int
		        	</foreach>
        	)
    	<![CDATA[
        	AND 
        		TO_DATE(
        			updated_on, 
        			'YYYY-MM-DD'
        		) >= TO_DATE(
        			#{startDate}, 
        			'YYYY-MM-DD'
        		)
        	AND 
        		TO_DATE(
        			updated_on, 
        			'YYYY-MM-DD'
        		) <= TO_DATE(
        			#{endDate}, 
        			'YYYY-MM-DD'
        		)
        	AND 
				TO_DATE(
		  			updated_on, 
		  			'YYYY-MM-DD'
		  		) <= TO_DATE(
		  			to_char(now(), 'YYYY-MM-DD'), 
		  			'YYYY-MM-DD'
		  		)
        ]]>
		ORDER BY 
			updated_on, 
			issue_id
    </select>
    
    <select id="selectBacklogBeforeHistoryBySprintId" resultType="java.util.Map" parameterType="java.util.Map">
		SELECT 
			backlog_history.issue_id, 
			backlog_history.updated_on, 
			COALESCE(
				story_points,
                0
			) AS "story_points", 
			COALESCE(
				estimated_hours,
                0
			) AS "estimated_hours", 
			COALESCE(
				backlog_history.remaining_hours,
                backlog_history.estimated_hours
			) AS "remaining_hours",
			CASE WHEN
				done_ratio = 100
			THEN
				0
			ELSE
				COALESCE(
					story_points,
	                0
				)
			END AS "remaining_points"
		FROM 
			backlog_history,
			(
				SELECT 
					MAX(
						updated_on
					) AS "updated_on", 
					issue_id 
				FROM 
					backlog_history
			<![CDATA[
				WHERE 
					TO_DATE(
			  			backlog_history.updated_on, 
			  			'YYYY-MM-DD'
			  		) < TO_DATE(
			  			#{startDate}, 
			  			'YYYY-MM-DD'
			  		)
				AND 
					TO_DATE(
			  			backlog_history.updated_on, 
			  			'YYYY-MM-DD'
			  		) <= TO_DATE(
			  			to_char(now(), 'YYYY-MM-DD'), 
			  			'YYYY-MM-DD'
			  		)
			]]>
				GROUP BY 
					issue_id
			) m
		WHERE
			backlog_history.issue_id IN (
        		SELECT 
        			id 
        		FROM 
        			issues 
        		WHERE 
        			fixed_version_id = #{sprint_id}::int
        		AND 
        			tracker_id IN 
					<foreach collection="story_trackers" item="tracker_id" open="(" separator="," close=")">
		                #{tracker_id}::int
		        	</foreach>
        	)
        AND
			m.issue_id = backlog_history.issue_id
		AND 
			backlog_history.updated_on = m.updated_on
		ORDER BY 
			backlog_history.issue_id
    </select>
    
    <select id="selectBacklogBeforeHistoryBySprintIdForIdeals" resultType="java.lang.Double" parameterType="java.util.Map">
		SELECT
			COALESCE(
				SUM(
					backlog_history.estimated_hours
				),
                0
			) estimated_hours
		FROM 
			backlog_history,
			(
				SELECT 
					MAX(
						updated_on
					) AS "updated_on", 
					issue_id 
				FROM 
					backlog_history
			<![CDATA[
				WHERE 
					TO_DATE(
			  			backlog_history.updated_on, 
			  			'YYYY-MM-DD'
			  		) <= TO_DATE(
			  			#{startDate}, 
			  			'YYYY-MM-DD'
			  		)
				AND 
					TO_DATE(
			  			backlog_history.updated_on, 
			  			'YYYY-MM-DD'
			  		) <= TO_DATE(
			  			to_char(now(), 'YYYY-MM-DD'), 
			  			'YYYY-MM-DD'
			  		)
			]]>
				GROUP BY 
					issue_id
			) m
		WHERE
			backlog_history.issue_id IN (
        		SELECT 
        			id 
        		FROM 
        			issues 
        		WHERE 
        			fixed_version_id = #{sprint_id}::int
        		AND 
        			tracker_id IN 
					<foreach collection="story_trackers" item="tracker_id" open="(" separator="," close=")">
		                #{tracker_id}::int
		        	</foreach>
        	)
        AND
			m.issue_id = backlog_history.issue_id
		AND 
			backlog_history.updated_on = m.updated_on
    </select>
	
</mapper>