<?xml version="1.0" encoding="UTF-8" ?>
<!DOCTYPE mapper PUBLIC "-//mybatis.org//DTD Mapper 3.0//EN" "http://mybatis.org/dtd/mybatis-3-mapper.dtd" >
<mapper namespace="boards">

	<insert id="addBoardsInfo" parameterType="java.util.Map" keyProperty="id" useGeneratedKeys="true">
		<![CDATA[
		INSERT INTO boards(
			project_id,
			name,
			description,
			position,
			topics_count,
			messages_count,
			last_message_id
        )
    	VALUES (
    		#{project_id},
    		#{name},
    		#{description},
    		(select COALESCE(max(position), 0) + 1 from boards),
    		#{topics_count},
    		#{messages_count},
    		null
    	);
  		]]>
	</insert>
	
    <delete id="deleteBoardsById" parameterType="java.util.Map">
        DELETE FROM
            boards
        WHERE
            id = #{boardsId} 
    </delete>
	
	<select id="getBoardsInfo" resultType="java.util.Map" parameterType="java.util.Map">
		<![CDATA[
			SELECT 
				id,
				project_id,
				name,
				description,
				position,
				topics_count,
				messages_count,
				last_message_id
			FROM "boards"
			WHERE boards.id  = #{id}::int
		]]>
	</select>
	
	<update id="updateBoardsInfo" parameterType="java.util.Map">
    	UPDATE 
			boards
   		SET 
   			name = #{name},
   			description = #{description}
 		WHERE 
 			id = #{id}::int
	</update>	
	
	<update id="updateLastMessageId" parameterType="java.util.Map">
    	UPDATE 
			boards
   		SET 
   			topics_count = (
   			   	SELECT count(*) FROM messages
				WHERE board_id=#{board_id}
				and messages.parent_id is null
   			),
   			messages_count = (
   				SELECT count(*) FROM messages
				WHERE board_id=#{board_id}
   			),
   			last_message_id = 
			(
				SELECT id FROM messages
				WHERE board_id = #{board_id}
				ORDER BY created_on DESC
				LIMIT 1
			)
			
 		WHERE 
 			id = #{board_id}
	</update>	
	
	<update id="updatePositionById" parameterType="java.util.Map">
    	UPDATE 
			boards
   		SET 
   			position = #{position}
 		WHERE 
 			id = #{id}
	</update>	
</mapper>