<?xml version="1.0" encoding="UTF-8" ?>
<!DOCTYPE mapper PUBLIC "-//mybatis.org//DTD Mapper 3.0//EN" "http://mybatis.org/dtd/mybatis-3-mapper.dtd" >
<mapper namespace="issue_statuses">

	<select id="getIssueStatuses" resultType="java.util.Map" parameterType="java.util.Map">
		SELECT 
			DISTINCT t1.id old_status_id,
			t1.name old_status_name,
			t1.position old_status_position,
			t1.is_closed old_is_closed,
			t1.default_done_ratio old_default_done_ratio,
			t1.default_selected old_default_selected,
			t4.id new_status_id,
			t4.name new_status_name,
			t4.position new_status_position, 
			t4.is_closed new_is_closed,
			t4.default_done_ratio new_default_done_ratio,
			t4.default_selected new_default_selected,
			t2.new_status_id, 
			t3.id tracker_id,
			t3.name tracker_name 
		FROM 
			issue_statuses t1, 
			workflows t2, 
			trackers t3, 
			issue_statuses t4, 
			projects_trackers t5
		WHERE
			t1.id = t2.old_status_id
		AND 
			t2.tracker_id = t3.id
		<if test="story_trackers!=null">
		AND 
			t2.tracker_id in 
			<foreach collection="story_trackers" item="tracker_id" open="(" separator="," close=")">
                #{tracker_id}::int
        	</foreach>
        </if>
		AND 
			t4.id = t2.new_status_id
		AND 
			t5.tracker_id = t3.id
		AND 
			t5.project_id = #{project_id}
		AND 
			t2.role_id IN (
	            SELECT 
	                roles.id
	            FROM 
	                members
	            LEFT OUTER JOIN 
	            	projects 
	            ON 
	            	projects.id = members.project_id
	            LEFT OUTER JOIN 
	            	member_roles 
	            ON 
	            	members.id = member_roles.member_id
	            LEFT OUTER JOIN 
	            	roles 
	            ON 
	            	roles.id = member_roles.role_id
	            WHERE 
	                members.user_id = #{user_id}
	            AND 
	            	projects.status = 1 
	            AND 
	            	projects.id = #{project_id}
			)
		ORDER BY 
			t3.id, 
			t1.id, 
			t4.position,
			t2.new_status_id
    </select>

	<select id="getIssueStatusesInfos" resultType="java.util.Map">
		SELECT 
			id, 
			name, 
			is_closed, 
			is_default, 
			position, 
			default_done_ratio,
			default_selected
  		FROM 
  			issue_statuses
    </select>

	<select id="getIssueStatusesInfosForMapping" resultType="java.util.Map">
		SELECT 
			id, 
			name
  		FROM 
  			issue_statuses
  		ORDER BY 
  			id
    </select>

	<select id="getIssueStatusesInfosByProject" resultType="java.util.Map">
		SELECT 
			DISTINCT issue_statuses.id,
			issue_statuses.position,
			issue_statuses.name
		FROM 
			issue_statuses,
		(
			SELECT 
				old_status_id,
				new_status_id
			FROM 
				projects_trackers 
			INNER JOIN 
				workflows
			ON 
				workflows.tracker_id = projects_trackers.tracker_id
			WHERE 
				projects_trackers.project_id = #{project_id}
		) m
		WHERE 
			issue_statuses.id = m.old_status_id 
		OR 
			issue_statuses.id = m.new_status_id
		ORDER BY 
			issue_statuses.position
    </select>

	<select id="getIssueStatusesInfosByTracker" resultType="java.util.Map">
		SELECT 
			DISTINCT issue_statuses.id,
			issue_statuses.position,
			issue_statuses.is_closed,
			issue_statuses.default_done_ratio,
			issue_statuses.name
		FROM 
			issue_statuses,
		(
			SELECT 
				old_status_id,
				new_status_id
			FROM 
				workflows
			WHERE 
				workflows.tracker_id = #{tracker_id}
		) m
		WHERE 
			issue_statuses.id = m.old_status_id 
		OR 
			issue_statuses.id = m.new_status_id
		ORDER BY 
			issue_statuses.position
    </select>

	<select id="getIssueStatusesInfosForTracker" resultType="java.util.Map">
		SELECT 
			DISTINCT issue_statuses.id,
			issue_statuses.position,
			issue_statuses.is_closed,
			issue_statuses.default_done_ratio,
			issue_statuses.default_selected,
			m.tracker_id,
			issue_statuses.name
		FROM 
			issue_statuses,
		(
			SELECT 
				old_status_id,
				new_status_id,
				tracker_id
			FROM 
				workflows
		) m
		WHERE 
			issue_statuses.id = m.old_status_id 
		OR 
			issue_statuses.id = m.new_status_id
		ORDER BY 
			issue_statuses.position
    </select>
	
</mapper>