<?xml version="1.0" encoding="UTF-8" ?>
<!DOCTYPE mapper PUBLIC "-//mybatis.org//DTD Mapper 3.0//EN" "http://mybatis.org/dtd/mybatis-3-mapper.dtd" >
<mapper namespace="issue_update_timestamp">

	<select id="getIssueUpdateTimestamp" resultType="java.util.Map" parameterType="java.util.Map">
		<![CDATA[
        SELECT 
        	updated_on
        FROM 
        	issue_update_timestamp 
        WHERE 
        	project_id = #{project_id} 
        AND 
        	disable = 0
        ORDER BY 
        	updated_on
        Limit 1
        ]]>
	</select>
	
	<select id="getMaxIssueUpdateTimestampForProject" resultType="java.util.Date" parameterType="java.util.Map">
		<![CDATA[
        SELECT 
        	MAX(
        		updated_on
        	)
        FROM 
        	issue_update_timestamp 
        WHERE 
        	project_id = #{project_id} 
        AND 
        	disable = 0
        ]]>
	</select>
	
	<select id="getNotFinishUserId" resultType="java.lang.Integer" parameterType="java.util.Map">
		<![CDATA[
        SELECT 
        	user_id
        FROM 
        	issue_update_timestamp 
        WHERE 
        	project_id = #{project_id} 
        AND 
        	disable = 0
        AND 
        	refresh_state = 0
        AND 
        	user_id <> 0
        ]]>
	</select>
	
	<select id="getIssueUpdateTimestampStatusForUser" resultType="java.lang.Integer" parameterType="java.util.Map">
		<![CDATA[
        SELECT 
        	refresh_state
        FROM 
        	issue_update_timestamp 
        WHERE 
        	user_id = #{user_id} 
        AND 
        	project_id = #{project_id} 
        AND 
        	disable = 0
        ]]>
	</select>
	
	<select id="getProjectParentId" resultType="java.lang.Integer" parameterType="java.util.Map">
		<![CDATA[
        SELECT 
        	parent_id 
        FROM 
        	projects 
        WHERE 
        	id = #{project_id}
        ]]>
	</select>
	
	<update id="updateIssueUpdateTimestamp" parameterType="java.util.Map">
		UPDATE issue_update_timestamp
        SET
            refresh_state = 1
        WHERE
            project_id = #{project_id}
        AND
        	user_id IN 
        	<foreach collection="users" item="userId" open="(" separator="," close=")">
                #{userId}
        	</foreach>
	</update>
	
	<update id="updateIssueUpdateTimestampForUser" parameterType="java.util.Map">
		UPDATE issue_update_timestamp
        SET
            refresh_state = 1
        WHERE
            project_id = #{project_id}
        AND
        	user_id = #{user_id}
	</update>

</mapper>