<?xml version="1.0" encoding="UTF-8" ?>
<!DOCTYPE mapper PUBLIC "-//mybatis.org//DTD Mapper 3.0//EN" "http://mybatis.org/dtd/mybatis-3-mapper.dtd" >
<mapper namespace="issue_relations">
    
	<select id="getIssueRelationsForProject" resultType="java.util.Map" parameterType="java.util.Map">
        <![CDATA[
		SELECT 
			issue_relations.id
			, issue_relations.issue_from_id AS "source"
			, issue_relations.issue_to_id AS "target"
			, CASE WHEN 
				issue_relations.relation_type = 'precedes' 
				THEN 
					0 
				WHEN 
					issue_relations.relation_type = 'blocks' 
				THEN 
					1
				WHEN 
					issue_relations.relation_type = 'duplicates' 
				THEN 
					2
				ELSE 
					3 
				END AS "kind"
			, issue_relations.delay AS "count"
			, '0' AS "type"
			, issue_relations.check_holiday "check"
  		FROM 
  			issue_relations, 
  			issues
		WHERE 
			issues.id = issue_relations.issue_from_id
		AND 
			issues.project_id = #{project_id}
        ]]>
    </select>
    
    <update id="deleteLinkDatasByProjectId" parameterType="java.util.Map">
        DELETE FROM 
        	issue_relations 
		WHERE 
			id IN (
			SELECT 
				issue_relations.id
	  		FROM 
	  			issue_relations, 
	  			issues
			WHERE 
				issues.id = issue_relations.issue_from_id
			AND 
				issues.project_id = #{project_id}
		)
    </update>
    
    <insert id="insertLinkData" parameterType="java.util.Map">
        INSERT INTO issue_relations (
			issue_from_id
			, issue_to_id
			, relation_type
			<if test="delay!=null">, delay </if>
			, check_holiday
		)
    	VALUES (
    		#{issue_from_id}::int
    		, #{issue_to_id}::int
    		<choose>
            	<when test="relation_type == 0">
            		,'precedes'
            	</when>
            	<when test="relation_type == 1">
            		,'blocks'
            	</when>
            	<when test="relation_type == 2">
            		,'duplicates'
            	</when>
            	<otherwise>
            		,'relates'
            	</otherwise>
            </choose>
    		<if test="delay!=null">, #{delay}::int </if>
    		, #{check}
    	)
    </insert>
    
    <delete id="deleteRelationData" parameterType="java.util.Map">
        DELETE FROM
            issue_relations
        WHERE
            id = #{relation_id}
    </delete>
</mapper>