<?xml version="1.0" encoding="UTF-8" ?>
<!DOCTYPE mapper PUBLIC "-//mybatis.org//DTD Mapper 3.0//EN" "http://mybatis.org/dtd/mybatis-3-mapper.dtd" >
<mapper namespace="members">

	<insert id="insertMemberInfo" parameterType="java.util.HashMap" useGeneratedKeys="true" keyProperty="id">
		INSERT INTO members (
			created_on, 
			project_id,
			user_id,
			mail_notification
		) 
		VALUES(
			now(),
			#{project_id}, 
			#{user_id}, 
			false
		)
	</insert>
	
	<select id="checkMemberExist" resultType="java.lang.Integer" parameterType="java.util.Map">
    	SELECT 
    		id
    	FROM 
    		members
    	WHERE
    		project_id = #{project_id}
    	AND
    		user_id = #{user_id}
    </select>
    
    <delete id="deleteMemberInfo" parameterType="java.util.Map">
		<![CDATA[
		DELETE FROM 
			members
		WHERE 
			id = #{member_id}
		AND 
			members.id NOT IN (
			SELECT 
				member_id 
			FROM 
				member_roles 
			WHERE 
				inherited_from IS NOT NULL
		)
		
		]]>
	</delete>
    
    <delete id="deleteMemberInfoByGroup" parameterType="java.util.Map">
		<![CDATA[
		DELETE FROM 
			members
		WHERE 
			project_id = #{project_id}
		AND 
			members.user_id IN (
			SELECT 
				user_id 
			FROM 
				groups_users 
			WHERE 
				group_id = #{group_id}
		)
		AND 
			members.id NOT IN (
			SELECT 
				member_id 
			FROM 
				member_roles 
			WHERE 
				inherited_from IS NULL
		)
		]]>
	</delete>
	
</mapper>