<?xml version="1.0" encoding="UTF-8" ?>
<!DOCTYPE mapper PUBLIC "-//mybatis.org//DTD Mapper 3.0//EN" "http://mybatis.org/dtd/mybatis-3-mapper.dtd" >
<mapper namespace="messages">

	<insert id="addMessagesInfo" parameterType="java.util.Map" keyProperty="id" useGeneratedKeys="true">
		<![CDATA[
		INSERT INTO messages(
			board_id,
			parent_id,
			subject,
			content,
			author_id,
			replies_count,
			last_reply_id,
			created_on,
			updated_on,
			locked,
			sticky
        )
    	VALUES (
    		#{board_id},
    		#{parent_id},
    		#{subject},
    		#{content},
    		#{user_id},
    		0,
    		#{last_reply_id},
    		now(),
    		now(),
    		#{locked},
    		#{sticky} :: int
    	);
  		]]>
	</insert>
	
	<update id="updateRepliesCountUp" parameterType="java.util.Map">
		UPDATE 
			messages
   		SET 
   		    last_reply_id = #{last_reply_id},
   			replies_count = replies_count + 1, 
   			updated_on = now()
 		WHERE 
 			id = #{id}::int
	</update>
	
	<update id="updateRepliesCountDown" parameterType="java.util.Map">
		UPDATE 
			messages
   		SET 
   			replies_count = replies_count - 1, 
   			updated_on = now()
 		WHERE 
 			id = #{id}::int
	</update>
	
    <delete id="deleteMessagesById" parameterType="java.util.Map">
        DELETE FROM
            messages
        WHERE
            id = #{messages_id} 
    </delete>
    
    <delete id="deleteMessagesByParentId" parameterType="java.util.Map">
        DELETE FROM
            messages
        WHERE
            parent_id = #{messages_id} 
    </delete>
    
	<update id="updateMessagesInfo" parameterType="java.util.Map">
    	UPDATE 
			messages
   		SET 
   			<if test="subject!=null">subject = #{subject}, </if>
   			content = #{content},
   			<if test="locked!=null">locked = #{locked}, </if>
   			<if test="sticky!=null">sticky = #{sticky}, </if>
   			<if test="board_id!=null">board_id = #{board_id}, </if>
   			updated_on = now()
 		WHERE 
 			id = #{news_id}::int
	</update>
	
	<update id="updateMessagesForum" parameterType="java.util.Map">
    	UPDATE 
			messages
   		SET 
   			<if test="board_id!=null">board_id = #{board_id} </if>
 		WHERE 
 			parent_id = #{news_id}::int
	</update>
	
	<select id="getMessagesInfo" resultType="java.util.Map" parameterType="java.util.Map">
		<![CDATA[
			SELECT 
				 messages.id,
				 messages.subject,
				 users.lastname || ' ' || users.firstname AS user_name,
				 TO_CHAR(
	                messages.created_on, 
	                'YYYY-MM-DD HH24:MI'
		         ) AS created_on,
				 messages.content,
				 messages.board_id,
				 messages.sticky,
				 messages.locked
				 
				 			
			FROM "messages"
			INNER JOIN users ON users.id = messages.author_id
			WHERE messages.id = #{id}::int
		]]>
	</select>
	
	<select id="getMessagesId" resultType="java.lang.Integer" parameterType="java.util.Map">
		<![CDATA[
			SELECT 
				 messages.id
			FROM "messages"
			WHERE messages.id = #{messages_id}::int 
			OR    messages.parent_id = #{messages_id}::int 
		]]>
	</select>
	
	<select id="getMessagesByBoardId" resultType="java.lang.Integer" parameterType="java.util.Map">
		<![CDATA[
			SELECT 
				 messages.id
			FROM "messages"
			WHERE messages.board_id = #{boardsId}::int 
		]]>
	</select>
</mapper>