<?xml version="1.0" encoding="UTF-8" ?>
<!DOCTYPE mapper PUBLIC "-//mybatis.org//DTD Mapper 3.0//EN" "http://mybatis.org/dtd/mybatis-3-mapper.dtd" >
<mapper namespace="queries">
	
	<select id="selectQueriesInfo" resultType="java.util.Map" parameterType="java.util.Map">
		<![CDATA[
		SELECT 
			queries2.id, 
			project_id, 
			name, 
			filters, 
			user_id,
			is_parent,
			column_names,
			column_width
  		FROM 
  			queries2, (
				SELECT 
					t1.id , 
					t2.id id2
				FROM 
					projects t1
				LEFT JOIN 
					projects t2
				ON 
					t2.id = t1.parent_id
				WHERE 
					t1.id = #{project_id} 
				OR 
					t1.id = t2.id
  			) m
 		WHERE (
 			project_id = 0 
 		AND 
 			user_id = 0
 		)
  		OR (
  			(
  				project_id = m.id 
			OR 
  				project_id = m.id2
  			)
  		AND 
  			user_id = 0
  		)
  		OR (
  			project_id = 0 
  		AND 
  			user_id = #{user_id}
  		)
  		OR (
  			(
  				project_id = m.id 
  			OR 
  				project_id = m.id2
  			)
  		AND 
  			user_id = #{user_id}
  		)
  		ORDER BY 
  			name
  		]]>
	</select>
	
	<select id="selectQueriesInfoById" resultType="java.util.Map" parameterType="java.util.Map">
		<![CDATA[
		SELECT 
			id, 
			project_id, 
			name, 
			filters, 
			user_id,
			is_parent,
			column_names,
			column_width
  		FROM 
  			queries2
 		WHERE 
 			id = #{query_id}::int
  		]]>
	</select>
	
	<insert id="addQueriesInfo" parameterType="java.util.Map" useGeneratedKeys="true" keyProperty="id">
		<![CDATA[
		INSERT INTO queries2(
            project_id, 
            name, 
            filters, 
            user_id,
            is_parent,
            column_names,
            column_width
        )
    	VALUES (
    		#{project_id},
    		#{name},
    		#{filters},
    		#{user_id},
    		#{is_parent},
    		#{column_names},
    		#{column_width}
    	);

  		]]>
	</insert>
	
	<update id="updateQueriesInfo" parameterType="java.util.Map">
		UPDATE 
			queries2
   		SET 
   			project_id=#{project_id}, 
   			name=#{name}, 
   			filters=#{filters}, 
   			user_id=#{user_id},
   			is_parent=#{is_parent},
   			column_names=#{column_names},
   			column_width=#{column_width}
 		WHERE 
 			id = #{query_id}
	</update>
	
	<update id="deleteQueriesInfo" parameterType="java.util.Map">
		DELETE FROM 
			queries2
 		WHERE 
 			id = #{query_id}
	</update>
	
</mapper>