<?xml version="1.0" encoding="UTF-8" ?>
<!DOCTYPE mapper PUBLIC "-//mybatis.org//DTD Mapper 3.0//EN" "http://mybatis.org/dtd/mybatis-3-mapper.dtd" >
<mapper namespace="releases">
	<select id="selectReleasesInfosForProject" resultType="java.util.Map">
		<![CDATA[
		SELECT 
			id, 
			name, 
			TO_CHAR(
				release_start_date, 
				'YYYY-MM-DD'
			) AS release_start_date, 
			TO_CHAR(
				release_end_date, 
				'YYYY-MM-DD'
			) AS release_end_date, 
			project_id, 
       		sharing, 
       		status, 
       		description, 
       		planned_velocity
  		FROM 
  			releases
  		WHERE
  			project_id = #{project_id}
  		AND
  			status = 'open'
		]]>
	</select>
	
	<insert id="addReleaseInfo" parameterType="java.util.Map" keyProperty="id" useGeneratedKeys="true">
		INSERT INTO releases(
            project_id, 
            name, 
            release_start_date, 
            release_end_date,
            sharing,
            description,
            status,
            planned_velocity
        )
    	VALUES (
    		#{project_id},
    		#{name},
    		TO_DATE(#{release_start_date}, 'YYYY-MM-DD'),
    		TO_DATE(#{release_end_date}, 'YYYY-MM-DD'),
    		#{sharing},
    		#{description},
    		#{status},
    		<choose>
            	<when test="planned_velocity != null and planned_velocity != ''">
            		#{planned_velocity}::int
            	</when>
            	<otherwise>
            		null
            	</otherwise>
            </choose>
    	)

	</insert>
	
	<update id="updateReleaseInfo" parameterType="java.util.Map">
        UPDATE releases
        SET
            name = #{name},
            release_start_date = TO_DATE(#{release_start_date}, 'YYYY-MM-DD'),
            release_end_date = TO_DATE(#{release_end_date}, 'YYYY-MM-DD'),
            sharing = #{sharing},
            description = #{description},
            status = #{status},
            <choose>
            	<when test="planned_velocity != null and planned_velocity != ''">
            		planned_velocity = #{planned_velocity}::int
            	</when>
            	<otherwise>
            		planned_velocity = null
            	</otherwise>
            </choose>
        WHERE
            id = #{id}::int
    </update>
    
    <update id="changeReleaseToSprint" parameterType="java.util.Map">
        UPDATE issues
        SET
            fixed_version_id = #{id},
            updated_on = now()
        WHERE
            release_id = #{release_id}::int
    </update>
    
    <select id="hasIssuesInRelease" resultType="java.util.Map">
		<![CDATA[
		SELECT 
			id
  		FROM 
  			issues
  		WHERE
  			release_id = #{release_id}::int
		]]>
	</select>
	
	<delete id="deleteReleaseInfoById" parameterType="java.util.Map">
        DELETE FROM
            releases
        WHERE
            id = #{release_id}::int
    </delete>
</mapper>