<?xml version="1.0" encoding="UTF-8" ?>
<!DOCTYPE mapper PUBLIC "-//mybatis.org//DTD Mapper 3.0//EN" "http://mybatis.org/dtd/mybatis-3-mapper.dtd" >
<mapper namespace="roles">
	<select id="selectUserRolesForProject" resultType="java.util.Map">
		<![CDATA[
		SELECT 
			roles.permissions,
			roles.issues_visibility 
		FROM 
			members 
		INNER JOIN 
			member_roles
		ON 
			member_roles.member_id = members.id
		INNER JOIN 
			roles
		ON 
			roles.id = member_roles.role_id
		WHERE 
			user_id = #{user_id}
		AND 
			project_id = #{project_id}
		]]>
	</select>
	
	<select id="selectUserRolesForPublic" resultType="java.util.Map">
		<![CDATA[
		SELECT 
			roles.permissions
		FROM 
			user_roles
		INNER JOIN 
			roles 
		ON 
			roles.id = user_roles.role_id
		WHERE 
			user_roles.user_id = #{user_id}
		GROUP BY 
			roles.id
		]]>
	</select>
	
	<select id="selectNonmemberRoles" resultType="java.util.Map">
		<![CDATA[
		SELECT 
			permissions 
		FROM 
			roles 
		WHERE 
			id = 1
		]]>
	</select>
	
	<select id="selectBaseRolesForRole" parameterType="java.util.Map" resultType="java.util.Map">
		<![CDATA[
		WITH RECURSIVE apup1 AS (
			SELECT
				t1.id ,
				t1.name,
				t1.type_id,
				t1.value,
				TO_CHAR(
					t1.position,
					'0000'
				) path
             FROM
				roles_base t1
             WHERE
				t1.type_id IS NULL
             UNION ALL
             SELECT
				t2.id ,
				t2.name,
				t2.type_id,
				t2.value,
				c.path
				||
				TO_CHAR(
					t2.position,
					'0000'
				) AS path
			FROM
				roles_base t2
			INNER JOIN
				apup1 c
			ON
				c.id = t2.type_id
		)
        SELECT 
        	apup1.id, 
        	apup1.name, 
        	apup1.type_id, 
        	apup1.value, 
        	apup1.path, 
        	count(roles.id) AS "role_count"
        FROM 
        	apup1
        LEFT JOIN 
        	roles
        ON 
        	roles.permissions like '%:' || apup1.value || chr(13) || '%'
        AND 
        	roles.id = #{role_id}::int
		GROUP BY 
			apup1.id, 
			apup1.name, 
			apup1.type_id, 
			apup1.value, 
			apup1.path
		ORDER BY 
			apup1.path
		]]>
	</select>
	
	<select id="selectBaseRolesForPublic" parameterType="java.util.Map" resultType="java.util.Map">
		<![CDATA[
		SELECT 
			roles_base.id, 
			roles_base.name,
			roles_base.value,
			count(roles.id) AS "role_count" 
		FROM 
			roles_base 
		LEFT JOIN 
        	roles
        ON 
        	roles.permissions LIKE '%:' || roles_base.value || chr(13) || '%'
        AND 
        	roles.id = #{role_id}::int
		WHERE 
			roles_base.type_id = 0
		GROUP BY 
			roles_base.id, 
			roles_base.name, 
			roles_base.value, 
			roles_base.position
		ORDER BY 
			roles_base.position
		]]>
	</select>
	
	<select id="getPublicRoleList" resultType="java.util.Map" parameterType="java.util.Map">
		<![CDATA[
		SELECT 
			id, 
			name, 
			position, 
			assignable, 
			builtin, 
			permissions, 
			issues_visibility
		FROM 
			roles
		WHERE
			is_public IS TRUE
		]]>
	</select>
	
	<select id="getMemberRoleList" resultType="java.util.Map" parameterType="java.util.Map">
		<![CDATA[
		SELECT 
			id, 
			name, 
			position, 
			assignable, 
			builtin, 
			permissions, 
			issues_visibility
		FROM 
			roles
		WHERE
			is_public IS NOT TRUE
		]]>
	</select>
	
	<select id="getPublicRoleListForUser" resultType="java.util.Map" parameterType="java.util.Map">
		<![CDATA[
		SELECT 
			roles.id,
			roles.name, 
			CASE WHEN 
				user_roles.id IS NULL 
			THEN 
				FALSE 
			ELSE 
				TRUE 
			END AS flg,
			CASE WHEN 
				user_roles.inherited_from IS NULL 
			THEN 
				FALSE 
			ELSE 
				TRUE 
			END AS inherited 
		FROM 
			roles
		LEFT JOIN (
			SELECT 
				roles.id, 
				SUM(
					user_roles.inherited_from
				) inherited_from 
			FROM 
				roles 
			INNER JOIN 
				user_roles 
			ON 
				user_roles.role_id = roles.id
			WHERE 
				user_roles.user_id = #{user_id}::int
			GROUP BY 
				roles.id
		) user_roles 
		ON 
			roles.id = user_roles.id
		WHERE 
			roles.is_public IS TRUE
		ORDER BY 
			position
		]]>
	</select>
	
	<select id="getMemberRoleListForUser" resultType="java.util.Map" parameterType="java.util.Map">
		<![CDATA[
		SELECT 
			roles.id,
			roles.name, 
			CASE WHEN 
				user_roles.id IS NULL 
			THEN 
				FALSE 
			ELSE 
				TRUE 
			END AS flg,
			CASE WHEN 
				user_roles.inherited_from IS NULL 
			THEN 
				FALSE 
			ELSE 
				TRUE 
			END AS inherited 
		FROM 
			roles
		LEFT JOIN (
			SELECT 
				roles.id, 
				SUM(
					member_roles.inherited_from
				) inherited_from 
			FROM 
				roles 
			INNER JOIN 
				member_roles 
			ON 
				member_roles.role_id = roles.id
			INNER JOIN 
				members
			ON 
				members.user_id = #{user_id}::int
			AND 
				members.project_id = #{projectId}::int
			WHERE 
				member_roles.member_id = members.id
			GROUP BY 
				roles.id
		) user_roles 
		ON 
			roles.id = user_roles.id
		WHERE 
			roles.is_public IS NOT TRUE
		AND 
			roles.builtin = 0
		ORDER BY 
			position
		]]>
	</select>
</mapper>