<?xml version="1.0" encoding="UTF-8" ?>
<!DOCTYPE mapper PUBLIC "-//mybatis.org//DTD Mapper 3.0//EN" "http://mybatis.org/dtd/mybatis-3-mapper.dtd" >
<mapper namespace="user_roles">

	<insert id="insertUserPublicRole" parameterType="java.util.HashMap" useGeneratedKeys="true" keyProperty="id">
		INSERT INTO user_roles (
			user_id, 
			role_id,
			inherited_from
		) 
		VALUES(
			#{user_id}, 
			#{role_id}, 
			#{inherited_from}
		)
	</insert>
	
	<select id="getUserPublicRoleList" resultType="java.util.Map" parameterType="java.util.Map">
		<![CDATA[
			SELECT
	  			users.lastname || ' ' || users.firstname AS user_name
				, users.id
				, users.type
				, ARRAY_TO_STRING ( ARRAY_AGG ( DISTINCT roles.name ),', ' ) AS name
				, CASE WHEN 
					users.type = 'Group'
			    THEN 
			    	SUM ( user_roles.id )
			    ELSE 
			    	SUM ( inherited_from )
				END AS inherited_from
			FROM 
				user_roles
			LEFT JOIN 
				users
			ON 
				users.id = user_roles.user_id
			LEFT JOIN 
				roles
			ON 
				roles.id = user_roles.role_id
			GROUP BY 
				user_name , 
				users.id , 
				users.type
			ORDER BY 
				users.type , 
				inherited_from
		]]>
	</select>
	
	<delete id="deleteUserRoleByGroupId" parameterType="java.util.Map">
		<![CDATA[
			DELETE FROM 
				user_roles
			WHERE 
				inherited_from = (
					SELECT 
						id 
					FROM 
						user_roles 
					WHERE 
						user_id = #{user_id}
					AND 
						inherited_from IS NULL
				)
			OR
				user_id = #{user_id}
		]]>
	</delete>
	
	<delete id="deleteUserRoleByUserId" parameterType="java.util.Map">
		<![CDATA[
			DELETE FROM 
				user_roles
			WHERE 
				inherited_from IS NULL
			AND
				user_id = #{user_id}
		]]>
	</delete>
	
</mapper>