<?xml version="1.0" encoding="UTF-8" ?>
<!DOCTYPE mapper PUBLIC "-//mybatis.org//DTD Mapper 3.0//EN" "http://mybatis.org/dtd/mybatis-3-mapper.dtd" >
<mapper namespace="users">

	<select id="getUserInfoByLogin" resultType="java.util.Map" parameterType="java.util.Map">
        <![CDATA[
  		SELECT 
  			users.lastname || ' ' || users.firstname AS "userName", 
  			users.id, 
			login, 
			hashed_password, 
			users.firstname, 
			users.lastname, 
			mail, 
			admin, 
       		status, 
       		last_login_on, 
       		language, 
       		auth_source_id, 
       		users.created_on, 
       		users.updated_on, 
       		type, 
       		identity_url, 
       		mail_notification, 
       		salt, 
       		landing_page,
       		tokens.value AS "apiToken",
       		employee_datas.employee_type_cd,
       		employee_datas.employee_type_name,
  			common_employee_number AS "commonEmployeeNumber"
  		FROM 
  			users 
  		LEFT JOIN 
  			account_datas 
  		ON 
  			users.login = account_datas.account
  		LEFT JOIN 
  			tokens 
  		ON 
  			users.id = tokens.user_id
  		AND
  			tokens.action = 'api'
  		LEFT JOIN 
  			employee_datas 
  		ON 
  			account_datas.personal_id = employee_datas.personal_id
  		WHERE 
  			lower(login) = #{login}
        ]]>
    </select>

	<select id="getMembers" resultType="java.util.Map" parameterType="java.util.Map">
        <![CDATA[
		SELECT 
		    users.*,
		    users.lastname || ' ' || users.firstname AS name 
		FROM 
			users
		INNER JOIN 
			members 
		ON 
			users.id = members.user_id    
		WHERE 
		    members.project_id = #{project_id}
	    AND (
	    	users.type='Group' 
		    OR (
		    	users.type='User' 
		    AND 
		    	users.status=1
		    )
	    )
        ORDER BY
            users.type,
            users.lastname
        ]]>
    </select>
    
	<select id="getMembersForCmb" resultType="java.util.Map" parameterType="java.util.Map">
        <![CDATA[
		SELECT 
			users.id AS value,
			users.lastname || ' ' || users.firstname AS label 
		FROM 
			users
		INNER JOIN 
			(SELECT 
				m.id, 
				m.user_id, 
				m.project_id
			FROM 
				members m 
			INNER JOIN 
				member_roles mr ON m.id = mr.member_id
			INNER JOIN 
				roles r ON r.id = mr.role_id
			WHERE
				m.project_id = #{project_id}
			GROUP BY
				m.id, 
				m.user_id, 
				m.project_id
			HAVING
				bool_or(r.assignable)
			) members 
		ON 
			users.id = members.user_id	
		AND (
			users.type='Group' 
			OR (
				users.type='User' 
			AND 
				users.status=1
			)
		)
		ORDER BY
			users.type,
			users.lastname,
			users.firstname
        ]]>
    </select>
    
	<select id="getBacklogMembersForCmb" resultType="java.util.Map" parameterType="java.util.Map">
        <![CDATA[
		SELECT 
			users.id AS value,
			users.lastname || ' ' || users.firstname AS label ,
			user_preferences.backlogs_task_color
		FROM 
			users
		LEFT JOIN
            user_preferences
        ON
            user_preferences.user_id = users.id
		INNER JOIN 
			(SELECT 
				m.id, 
				m.user_id, 
				m.project_id
			FROM 
				members m 
			INNER JOIN 
				member_roles mr ON m.id = mr.member_id
			INNER JOIN 
				roles r ON r.id = mr.role_id
			WHERE
				m.project_id = #{project_id}
			GROUP BY
				m.id, 
				m.user_id, 
				m.project_id
			HAVING
				bool_or(r.assignable)
			) members 
		ON 
			users.id = members.user_id	
		AND (
			users.type='Group' 
			OR (
				users.type='User' 
			AND 
				users.status=1
			)
		)
		ORDER BY
			users.type,
			users.lastname,
			users.firstname
        ]]>
    </select>
    
	<select id="getMembersProsForCmb" resultType="java.util.Map" parameterType="java.util.Map">
		SELECT 
		    users.id AS value,
		    users.lastname || ' ' || users.firstname AS label 
		FROM 
			users
		INNER JOIN 
			members 
		ON 
			users.id = members.user_id    
		WHERE 
		    members.project_id in 
		    <foreach collection="proIds" item="id" open="(" separator="," close=")">
                ${id}
            </foreach>
	    AND (
	    	users.type='Group' 
		    OR (
		    	users.type='User' 
		    AND 
		    	users.status=1
		    )
	    )
        ORDER BY
            users.type,
            users.lastname
    </select>
    
	<select id="doUserLogin" resultType="java.util.Map" parameterType="java.util.Map">
		SELECT 
			users.id, 
			users.login, 
			users.firstname, 
			users.lastname, 
			users.mail, 
			users.admin, 
			users.status, 
			users.last_login_on, 
			users.language, 
			users.auth_source_id, 
			users.created_on, 
			users.updated_on, 
			users.type, 
			users.identity_url, 
			users.mail_notification, 
			users.salt, 
			tokens.value AS "apiToken",
			users.landing_page
  		FROM 
  			users
  		LEFT JOIN 
  			tokens 
  		ON 
  			users.id = tokens.user_id
  		AND
  			tokens.action = 'api'
  		WHERE
  			hashed_password = #{password}
  		AND
  			login = #{username}
  		AND 
  			status = 1
    </select>
    
    <select id="getUserInfosForPublicRole" resultType="java.util.Map" parameterType="java.util.Map">
		<![CDATA[
			SELECT 
				users.id,
				lastname || ' ' || firstname AS user_name,
				login,
				mail
			FROM 
				users 
			LEFT JOIN 
				user_roles
			ON 
				user_roles.user_id = users.id
			WHERE 
				(
					users.type = 'Group' 
				OR 
					(
						users.type = 'User' 
					AND 
						users.status = 1
					)
				)  
			AND 
				user_roles.id IS NULL
			ORDER BY 
				users.type, 
				login, 
				lastname, 
				firstname, 
				mail 
		]]>
	</select>
    
    <select id="getUserInfosForMemberRole" resultType="java.util.Map" parameterType="java.util.Map">
		<![CDATA[
			SELECT 
				users.id,
				lastname || ' ' || firstname AS user_name,
				login,
				mail
			FROM 
				users
			WHERE 
				(
					users.type = 'Group' 
				OR 
					(
						users.type = 'User' 
					AND 
						users.status = 1
					)
				)  
			AND 
				users.id NOT IN (
					SELECT 
						user_id AS id 
					FROM 
						members 
					WHERE 
						project_id = #{projectId}::int
				)
			ORDER BY 
				type, 
				login, 
				lastname, 
				firstname, 
				mail 
		]]>
	</select>
	
	<select id="selectTypeByUserId" resultType="java.lang.String" parameterType="java.util.Map">
		<![CDATA[
			SELECT 
				users.type
			FROM 
				users 
			WHERE 
				users.id = #{userId}
		]]>
	</select>
	
	<select id="selectUserMemberInfo" resultType="java.util.Map" parameterType="java.util.Map">
		<![CDATA[
			SELECT 
				users.type,
				members.id
			FROM 
				users
			INNER JOIN 
				members 
			ON 
				members.user_id = users.id
			WHERE 
				members.user_id = #{user_id} 
			AND 
				members.project_id = #{project_id}
		]]>
	</select>
</mapper>