<?xml version="1.0" encoding="UTF-8" ?>
<!DOCTYPE mapper PUBLIC "-//mybatis.org//DTD Mapper 3.0//EN" "http://mybatis.org/dtd/mybatis-3-mapper.dtd" >
<mapper namespace="versions">
	<select id="selectVersionInfosForProject" resultType="java.util.Map">
		<![CDATA[
		SELECT 
			id AS "sprint_id", 
			project_id, 
			name, 
			description, 
			CASE WHEN 
				effective_date IS NULL 
			THEN 
				'' 
			ELSE
				TO_CHAR(
					effective_date, 
					'YYYY-MM-DD'
				) 
			END AS effective_date, 
       		wiki_page_title, 
       		status, 
       		sharing, 
       		CASE WHEN 
				sprint_start_date IS NULL 
			THEN 
				'' 
			ELSE
				TO_CHAR(
					sprint_start_date, 
					'YYYY-MM-DD'
				)
			END AS sprint_start_date
  		FROM 
  			versions
  		WHERE
  			project_id = #{project_id}
  		ORDER BY 
  			sprint_start_date
		]]>
	</select>
	<select id="checkVersionNotExistForProject" resultType="java.util.Map">
		<![CDATA[
		SELECT 
			id
  		FROM 
  			versions
  		WHERE
  			project_id = #{project_id}
  		AND
  			name = #{sprint_name}
		]]>
	</select>
	<select id="hasIssuesInVersion" resultType="java.util.Map">
		<![CDATA[
		SELECT 
			id
  		FROM 
  			issues
  		WHERE
  			fixed_version_id = #{version_id}::int
		]]>
	</select>
	<select id="hasNotFinishedIssuesInVersion" resultType="java.util.Map">
		SELECT 
			issues.id
  		FROM 
  			issues
  		INNER JOIN 
  			issue_statuses 
  		ON
			issues.status_id = issue_statuses.id
  		WHERE
  			fixed_version_id = #{version_id}::int
  			
  		AND
  			issue_statuses.is_closed IS NOT TRUE
  		AND 
  			tracker_id IN 
			<foreach collection="story_trackers" item="tracker_id" open="(" separator="," close=")">
                #{tracker_id}::int
        	</foreach>
	</select>
	
	<select id="countVersionNumberForProject" resultType="java.util.Map">
		<![CDATA[
		SELECT 
			COUNT(1) AS "version_count"
		FROM 
			versions 
		WHERE 
			project_id = #{project_id} 
		]]>
	</select>
	
	<insert id="addVersionInfo" parameterType="java.util.Map" keyProperty="id" useGeneratedKeys="true">
		<![CDATA[
		INSERT INTO versions(
            project_id, 
            name, 
            effective_date, 
            sprint_start_date,
            created_on
        )
    	VALUES (
    		#{project_id},
    		#{sprint_name},
    		TO_DATE(#{effective_date}, 'YYYY-MM-DD'),
    		TO_DATE(#{sprint_start_date}, 'YYYY-MM-DD'),
    		now()
    	)

  		]]>
	</insert>
	
	<update id="updateVersionInfo" parameterType="java.util.Map">
        UPDATE versions
        SET
            name = #{sprint_name},
            effective_date = TO_DATE(#{effective_date}, 'YYYY-MM-DD'),
            sprint_start_date = TO_DATE(#{sprint_start_date}, 'YYYY-MM-DD'),
            updated_on = now()
        WHERE
            id = #{id}::int
    </update>
	
	<update id="closeVersion" parameterType="java.util.Map">
        UPDATE versions
        SET
            status = 'closed',
            updated_on = now()
        WHERE
            id = #{version_id}::int
    </update>
	
	<update id="openVersion" parameterType="java.util.Map">
        UPDATE versions
        SET
            status = 'open',
            updated_on = now()
        WHERE
            id = #{version_id}::int
    </update>
	
	<delete id="deleteVersionInfoById" parameterType="java.util.Map">
        DELETE FROM
            versions
        WHERE
            id = #{version_id}::int
    </delete>
</mapper>