<beans xmlns="http://www.springframework.org/schema/beans"
	xmlns:xsi="http://www.w3.org/2001/XMLSchema-instance" 
	xsi:schemaLocation="  
	http://www.springframework.org/schema/beans 
	http://www.springframework.org/schema/beans/spring-beans.xsd">

	<!--  製造規模 -->
	<bean id="sourceScaleCountGitLogic" class="co.jp.softbank.qqmx.logic.application.batch.SourceScaleCountGitLogic" parent="abstractBaseLogic" scope="prototype">
    </bean>
    
    <bean id="sourceDiffCountGitLogic" class="co.jp.softbank.qqmx.logic.application.batch.SourceDiffCountGitLogic" parent="abstractBaseLogic" scope="prototype">
    </bean>
    
    <!--  gitファイルチェック -->
    <bean id="gitFileCheckLogic" class="co.jp.softbank.qqmx.logic.application.batch.GitFileCheckLogic" parent="abstractBaseLogic" scope="prototype">
    </bean>
    
    <!--  deployBatch -->
    <bean id="deployBatchLogic" class="co.jp.softbank.qqmx.logic.application.batch.DeployBatchLogic" parent="abstractBaseLogic" scope="prototype">
    </bean>
    
    <bean id="deployBatchApi" class="co.jp.softbank.qqmx.logic.application.batch.DeployBatchApi" parent="abstractBaseLogic" scope="prototype">
    </bean>

</beans>