<?xml version="1.0" encoding="UTF-8" ?>
<!DOCTYPE mapper PUBLIC "-//mybatis.org//DTD Mapper 3.0//EN" "http://mybatis.org/dtd/mybatis-3-mapper.dtd" >
<mapper namespace="co.jp.softbank.qqmx.dao.common.CommonDao">

	<sql id="selectAllProjectIdUnderParent">
		WITH RECURSIVE apup AS (
	 		SELECT 
	 			t1.id 
	 		FROM 
	 			projects t1 
	 		WHERE 
	 			t1.id = #{project_id}
	 		UNION ALL
	 		SELECT 
	 			t2.id 
	 		FROM 
	 			projects t2 
	 		INNER JOIN 
	 			apup c 
	 		ON 
	 			c.id = t2.parent_id
		)
		SELECT 
			id 
		FROM 
			apup
		ORDER BY 
			id
	</sql>
	
	<select id="selectHolidaysInfo" resultType="co.jp.softbank.qqmx.dao.common.bean.HolidaysBean">
		<![CDATA[
		SELECT 
			holiday, 
			to_char(holiday, 'YYYY-MM-DD') holidayStr, 
			name 
  		FROM 
  			holidays
  		ORDER BY 
  			holiday
  		]]>
	</select>
	
	<select id="selectPluginInfo" resultType="co.jp.softbank.qqmx.dao.common.bean.PluginInfoBean">
		<![CDATA[
		SELECT 
			id, 
			name,
			value
  		FROM 
  			plugin_info
  		]]>
	</select>
	
	<select id="executeSqlForPage" resultType="java.util.Map" parameterType="java.util.Map">
		SELECT 
			page_sql.*
  		FROM (
			${sqlContent}
		) page_sql
		<if test="page_orders != null">
			<foreach collection="page_orders" item="order" open="" separator="," close="">
					#{order}
			</foreach>
		</if>
		limit ${pageRowNumber} offset ${startPageRow}
	</select>
	
	<select id="executeSqlForPageCount" resultType="java.lang.Long" parameterType="java.util.Map">
		<![CDATA[
		SELECT 
			count(1) datacount
  		FROM (
  			${sqlContent}
  		) page_sql
  		]]>
	</select>
	
	<insert id="saveLoginInfos" parameterType="java.util.HashMap" useGeneratedKeys="true" keyProperty="id">
		<![CDATA[
		INSERT INTO 
			login_infos(login_id, login_type, created_on)
		VALUES( 
			#{login_id}, 
			'watchable', 
			CURRENT_TIMESTAMP 
		 ) 
  		]]>
	</insert>
	
	<select id="getEnabledScmInfos" resultType="java.util.Map">
		<![CDATA[
		SELECT 
			id, 
			name, 
			position, 
			is_default, 
			type, 
			active, 
			project_id, 
			parent_id 
		FROM 
			enumerations 
		WHERE 
			project_id IS NULL
		AND 
			type = 'TimeEntryActivity'
		ORDER BY 
			position ASC
  		]]>
	</select>
	
</mapper>