<beans xmlns="http://www.springframework.org/schema/beans"
	xmlns:xsi="http://www.w3.org/2001/XMLSchema-instance" 
	xsi:schemaLocation="  
	http://www.springframework.org/schema/beans 
	http://www.springframework.org/schema/beans/spring-beans.xsd">
	
	<!--  settingsInfo  -->
	<bean id="settingsInfo" class="co.jp.softbank.qqmx.logic.application.project.settings.InfoLogic" parent="abstractBaseLogic" scope="prototype">
	</bean>
	
	<!--  settingsAction  -->
	<bean id="settingsAction" class="co.jp.softbank.qqmx.logic.application.project.settings.ActionLogic" parent="abstractBaseLogic" scope="prototype">
	</bean>
	
	<!--  settingsWiki  -->
	<bean id="settingsWiki" class="co.jp.softbank.qqmx.logic.application.project.settings.WikiLogic" parent="abstractBaseLogic" scope="prototype">
	</bean>
	
	<!--  normalInsert  -->
	<bean id="settingsNormalInsert" class="co.jp.softbank.qqmx.logic.application.project.settings.NormalInsertLogic" parent="abstractBaseLogic" scope="prototype">
	</bean>
	
	<!--  allInsert  -->
	<bean id="settingsAllInsert" class="co.jp.softbank.qqmx.logic.application.project.settings.AllInsertLogic" parent="abstractBaseLogic" scope="prototype">
	</bean>
	<!--  allInsertUser  -->
	<bean id="settingsAllInsertUser" class="co.jp.softbank.qqmx.logic.application.project.settings.AllInsertUserLogic" parent="abstractBaseLogic" scope="prototype">
	</bean>
	
	<!--  settingsAccountSingleInsert  -->
	<bean id="settingsAccountSingleInsert" class="co.jp.softbank.qqmx.logic.application.project.settings.AccountSingleInsertLogic" parent="abstractBaseLogic" scope="prototype">
	</bean>
			
	<!--  settingsNewProject  -->
	<bean id="settingsNewProject" class="co.jp.softbank.qqmx.logic.application.project.settings.NewProjectLogic" parent="abstractBaseLogic" scope="prototype">
	</bean>
	
	<!--  settingsPrjectList  -->
	<bean id="settingsPrjectList" class="co.jp.softbank.qqmx.logic.application.project.settings.PrjectListLogic" parent="abstractBaseLogic" scope="prototype">
	</bean>
	
	<!--  prjectSetting  -->
	<bean id="prjectUserSetting" class="co.jp.softbank.qqmx.logic.application.project.settings.PrjectSettingLogic" parent="abstractBaseLogic" scope="prototype">
	</bean>
	
	<!--  userRoleSetting  -->
	<bean id="userRoleSetting" class="co.jp.softbank.qqmx.logic.application.project.settings.UserRoleSettingLogic" parent="abstractBaseLogic" scope="prototype">
	</bean>
	
	<!--  addUserRole  -->
	<bean id="addUserRole" class="co.jp.softbank.qqmx.logic.application.project.settings.AddUserRoleLogic" parent="abstractBaseLogic" scope="prototype">
	</bean>
	
	<!--  editUserRole  -->
	<bean id="editUserRole" class="co.jp.softbank.qqmx.logic.application.project.settings.EditUserRoleLogic" parent="abstractBaseLogic" scope="prototype">
	</bean>
	
	<!--  groupListSetting  -->
	<bean id="groupListSetting" class="co.jp.softbank.qqmx.logic.application.project.settings.GroupListLogic" parent="abstractBaseLogic" scope="prototype">
	</bean>
	
	<!--  newGroupSetting  -->
	<bean id="newGroupSetting" class="co.jp.softbank.qqmx.logic.application.project.settings.NewGroupLogic" parent="abstractBaseLogic" scope="prototype">
	</bean>
	
	<!--  repositorySetting  -->
	<bean id="repositorySetting" class="co.jp.softbank.qqmx.logic.application.project.settings.RepositoryLogic" parent="abstractBaseLogic" scope="prototype">
	</bean>
	
	<!--  roleListSetting  -->
	<bean id="roleListSetting" class="co.jp.softbank.qqmx.logic.application.project.settings.RoleListLogic" parent="abstractBaseLogic" scope="prototype">
	</bean>
	
	<!--  newRoleSetting  -->
	<bean id="newRoleSetting" class="co.jp.softbank.qqmx.logic.application.project.settings.NewRoleLogic" parent="abstractBaseLogic" scope="prototype">
	</bean>
	
	<!--  roleReportSetting  -->
	<bean id="roleReportSetting" class="co.jp.softbank.qqmx.logic.application.project.settings.RoleReportLogic" parent="abstractBaseLogic" scope="prototype">
	</bean>
	
	<!--  categoryListSetting  -->
	<bean id="categoryListSetting" class="co.jp.softbank.qqmx.logic.application.project.settings.CategoryListLogic" parent="abstractBaseLogic" scope="prototype">
	</bean>
	
	<!--  trackerListSetting  -->
	<bean id="trackerListSetting" class="co.jp.softbank.qqmx.logic.application.project.settings.TrackerListLogic" parent="abstractBaseLogic" scope="prototype">
	</bean>
	
	<!--  newTrackerSetting  -->
	<bean id="newTrackerSetting" class="co.jp.softbank.qqmx.logic.application.project.settings.NewTrackerLogic" parent="abstractBaseLogic" scope="prototype">
	</bean>
<!-- 	GXT -->
	<!--  NewGroupRoleLogic  -->
	<bean id="newGroupRole" class="co.jp.softbank.qqmx.logic.application.project.settings.NewGroupRoleLogic" parent="abstractBaseLogic" scope="prototype">
	</bean>
		<!--  NewUsersLogic  -->
	<bean id="newUsers" class="co.jp.softbank.qqmx.logic.application.project.settings.NewUsersLogic" parent="abstractBaseLogic" scope="prototype">
	</bean>
		<!--  NewProjectsAccessLogic  -->
	<bean id="newProjectAccess" class="co.jp.softbank.qqmx.logic.application.project.settings.NewProjectsAccessLogic" parent="abstractBaseLogic" scope="prototype">
	</bean>
	
<!-- 	GXT -->
	<!--  statuseListSetting  -->
	<bean id="statuseListSetting" class="co.jp.softbank.qqmx.logic.application.project.settings.StatuseListLogic" parent="abstractBaseLogic" scope="prototype">
	</bean>
	
	<!--  customFieldListSetting  -->
	<bean id="customFieldListSetting" class="co.jp.softbank.qqmx.logic.application.project.settings.CustomFieldListLogic" parent="abstractBaseLogic" scope="prototype">
	</bean>

	<!--  setting  -->
	<bean id="setting" class="co.jp.softbank.qqmx.logic.application.project.settings.SettingLogic" parent="abstractBaseLogic" scope="prototype">
	</bean>

	<!--  settingIssues  -->
	<bean id="settingIssues" class="co.jp.softbank.qqmx.logic.application.project.settings.SettingIssuesLogic" parent="abstractBaseLogic" scope="prototype">
	</bean>

	<!--  settingProjects  -->
	<bean id="settingProjects" class="co.jp.softbank.qqmx.logic.application.project.settings.SettingProjectsLogic" parent="abstractBaseLogic" scope="prototype">
	</bean>

	<!--  projectVersion  -->
	<bean id="projectVersion" class="co.jp.softbank.qqmx.logic.application.project.settings.ProjectVersionLogic" parent="abstractBaseLogic" scope="prototype">
	</bean>
	
	<!--  workflowList  -->
	<bean id="workflowList" class="co.jp.softbank.qqmx.logic.application.project.settings.WorkflowListLogic" parent="abstractBaseLogic" scope="prototype">
	</bean>
	
	<!--  settingInfo  -->
	<bean id="settingInfo" class="co.jp.softbank.qqmx.logic.application.project.settings.SettingInfoLogic" parent="abstractBaseLogic" scope="prototype">
	</bean>
	
	<!--  privateSetting  -->
	<bean id="privateSetting" class="co.jp.softbank.qqmx.logic.application.project.settings.PrivateSettingLogic" parent="abstractBaseLogic" scope="prototype">
	</bean>
	
	<!--  projectRepository  -->
	<bean id="projectRepository" class="co.jp.softbank.qqmx.logic.application.project.settings.ProjectRepositoryLogic" parent="abstractBaseLogic" scope="prototype">
	</bean>
	
</beans>