<beans xmlns="http://www.springframework.org/schema/beans"
	xmlns:xsi="http://www.w3.org/2001/XMLSchema-instance" 
	xsi:schemaLocation="  
	http://www.springframework.org/schema/beans 
	http://www.springframework.org/schema/beans/spring-beans.xsd">
	
	<!--  メニュー画面  -->
	<bean id="mitMenu" class="co.jp.softbank.qqmx.logic.application.mit.MitMenuLogic" parent="abstractBaseLogic" scope="prototype">
	</bean>
	
	<!--  MIT一覧  -->
	<bean id="mitlist" class="co.jp.softbank.qqmx.logic.application.mit.MitListLogic" parent="abstractBaseLogic" scope="prototype">
	</bean>
	<!-- mit のdashboard -->
	<bean id="mitDashboard" class="co.jp.softbank.qqmx.logic.application.mit.MitDashboardLogic" parent="abstractBaseLogic" scope="prototype">
	</bean>
	
	<!-- mit のAccess -->
<!-- 	<bean id="mitAccess" class="co.jp.softbank.qqmx.logic.application.mit.MitAccessLogic" parent="abstractBaseLogic" scope="prototype">
	</bean>
	 -->
	<!-- mit のAccessGraph -->
	<bean id="mitAccessGraph" class="co.jp.softbank.qqmx.logic.application.mit.MitAccessGraphLogic" parent="abstractBaseLogic" scope="prototype">
	</bean>
	
	<!--  メニュー画面(Half&Twice)  -->
	<bean id="mitMenuHT" class="co.jp.softbank.qqmx.logic.application.mit.MitMenuHTLogic" parent="abstractBaseLogic" scope="prototype">
	</bean>
	
	<!--  MIT一覧(Half&Twice)  -->
	<bean id="mitlistHT" class="co.jp.softbank.qqmx.logic.application.mit.MitListHTLogic" parent="abstractBaseLogic" scope="prototype">
	</bean>
</beans>