<?xml version="1.0" encoding="UTF-8" ?>
<!DOCTYPE mapper PUBLIC "-//mybatis.org//DTD Mapper 3.0//EN" "http://mybatis.org/dtd/mybatis-3-mapper.dtd" >
<mapper namespace="actionProject">
	
	<select id="getEnabledModules" resultType="java.util.Map">
		<![CDATA[
		SELECT 
			* 
		FROM 
			enabled_modules 
		WHERE (
			project_id = #{project_id}
		)  
  		]]>
	</select>
	
	<insert id="insertEnabledModulesAction" parameterType="java.util.HashMap">
		INSERT INTO enabled_modules(
			name, 
			project_id
		)
    	VALUES 
	    <foreach collection="enabledModulesInfos" item="info" open="" separator="," close="">
			(
				#{info.name}, 
				#{info.project_id}
			)
		</foreach>
	</insert>
	
	<delete id="deleteAction" parameterType="java.util.HashMap">
		delete from enabled_modules where project_id = #{project_id} 
	</delete>
</mapper>