<?xml version="1.0" encoding="UTF-8" ?>
<!DOCTYPE mapper PUBLIC "-//mybatis.org//DTD Mapper 3.0//EN" "http://mybatis.org/dtd/mybatis-3-mapper.dtd" >
<mapper namespace="categoryList">
	<select id="getCategoryListInfo" resultType="java.util.Map" parameterType="java.util.Map">
		<![CDATA[
			SELECT 				
				issue_categories.name,lastname || ' ' || firstname AS user_name,
				'<a id="' || issue_categories.id || '" href="#" class="icon edit">編集</a><a id="del-' || issue_categories.id || '" href="#" class="icon del">削除</a>' AS btn
			FROM "issue_categories" 
				LEFT JOIN users ON issue_categories.assigned_to_id = users.id
			WHERE ("issue_categories".project_id = #{project_id})  
			ORDER BY issue_categories.name
		]]>
	</select>
	<select id="getProjectCategoryUserList" resultType="java.util.Map" parameterType="java.util.Map">
		<![CDATA[
			SELECT users.id ,lastname || ' ' || firstname AS user_name
			FROM members
				INNER JOIN users ON users.id = members.user_id
			WHERE project_id = #{project_id}
		]]>
	</select>
	<select id="getProjectCategoryId" resultType="java.util.Map" parameterType="java.util.Map">
		<![CDATA[
			SELECT *
			FROM issue_categories
			WHERE id = #{id}
		]]>
	</select>
	<insert id="saveProjectCategory" parameterType="java.util.HashMap">
		INSERT INTO issue_categories (
			project_id, 
			name,
			assigned_to_id
		) 
		VALUES(
			#{project_id}, 
			#{name}, 
			#{assigned_to_id}
		)
	</insert>
	<delete id="delProjectCategory" parameterType="java.util.Map">
		<![CDATA[
			DELETE FROM "issue_categories"
			WHERE "issue_categories".id = #{id}
				AND "issue_categories".project_id = #{project_id}
		]]>
	</delete>
	<update id="updateProjectCategory" parameterType="java.util.Map">
		<![CDATA[
			UPDATE issue_categories 
			SET name = #{name}, assigned_to_id = #{assigned_to_id} 
			WHERE id = #{id} AND project_id = #{project_id} 
		]]>
	</update>
</mapper>