<?xml version="1.0" encoding="UTF-8" ?>
<!DOCTYPE mapper PUBLIC "-//mybatis.org//DTD Mapper 3.0//EN" "http://mybatis.org/dtd/mybatis-3-mapper.dtd" >
<mapper namespace="customFieldList">
	<select id="getCustomFieldListInfo" resultType="java.util.Map"
		parameterType="java.util.Map">
		<![CDATA[
			SELECT 
				* ,
				'<a id="name_' || custom_fields.id || '" href="#" class="icon custom_fields_name">'|| name ||'</a>' AS custom_fields_name,
				CASE 
				  WHEN field_format = 'text' THEN '本文'
				  WHEN field_format = 'string' THEN 'テキスト'
				  WHEN field_format = 'int' THEN '整数'
				  WHEN field_format = 'float' THEN '小数'
				  WHEN field_format = 'float' THEN 'リストから選択'
				  WHEN field_format = 'date' THEN '日付'
				  WHEN field_format = 'bool' THEN '真偽値'
				  WHEN field_format = 'user' THEN 'ユーザ'
				  WHEN field_format = 'version' THEN 'バージョン'
				  WHEN field_format = 'phase' THEN '対象フェーズ'
				  WHEN field_format = 'testphase' THEN 'テスト工程'
				  WHEN field_format = 'list' THEN 'リストから選択'
				  ELSE 'リストから選択' END AS field_format_name,
				CASE WHEN is_required = false THEN ''
				ELSE '<img alt="Toggle_check" src="img/project/settings/toggle_check.png">' END AS is_required_img,
				CASE WHEN is_for_all = false THEN ''
				ELSE '<img alt="Toggle_check" src="img/project/settings/toggle_check.png">' END AS is_for_all_img,
				count_all || 'プロジェクト' AS count,
				'' AS btn,
				count(*)over() AS total_count,
				min(position)over() AS position_start,
				max(position)over() AS position_end
			FROM "custom_fields" 
			LEFT JOIN (
			SELECT count(*) AS count_all, "custom_fields_projects".custom_field_id 
			FROM "projects"  
			INNER JOIN "custom_fields_projects" 
			ON "projects".id = "custom_fields_projects".project_id
			GROUP BY "custom_fields_projects".custom_field_id 
			) cfp on cfp.custom_field_id = custom_fields.id
			WHERE type = #{custom_field_type}
			ORDER BY position
		]]>
	</select>
	<select id="getTrackersInfo" resultType="java.util.Map"
		parameterType="java.util.Map">
		<![CDATA[
			SELECT trackers.*, CASE WHEN cft.tracker_id IS NULL THEN 0 ELSE cft.tracker_id END AS tracker_id
			FROM "trackers"
			LEFT JOIN (SELECT tracker_id FROM custom_fields_trackers WHERE custom_field_id = #{id})cft ON  cft.tracker_id = trackers.id
			ORDER BY position
		]]>
	</select>
	<select id="getCustomFieldIdInfo" resultType="java.util.Map"
		parameterType="java.util.Map">
		<![CDATA[
			SELECT * 
			FROM "custom_fields"  
			WHERE id = #{custom_field_id}
		]]>
	</select>
	<select id="getStatusInfo" resultType="java.util.Map"
		parameterType="java.util.Map">
		<![CDATA[
			SELECT issue_statuses.* ,CASE WHEN custom_fields.id IS NOT NULL OR custom_fields.is_for_all THEN issue_statuses.id ELSE 0 END AS status_id
			FROM "issue_statuses"
				LEFT JOIN custom_fields ON custom_fields.required_issue_status_ids iLIKE '%"' || issue_statuses.id || '"%' AND custom_fields.id = #{id}
			ORDER BY issue_statuses.position
		]]>
	</select>
	<select id="getEditIssueCustomField" resultType="java.util.Map"
		parameterType="java.util.Map">
		<![CDATA[
			SELECT *
			FROM "custom_fields"
			LEFT JOIN (
				SELECT custom_field_id, ARRAY_TO_STRING(ARRAY_AGG(tracker_id),',') AS trackers_id
				FROM custom_fields_trackers 
				GROUP BY custom_field_id) pt ON pt.custom_field_id = custom_fields.id  
			WHERE id = #{id}
			ORDER BY id
		]]>
	</select>

	<delete id="delCustomFieldIdInfo" parameterType="java.util.HashMap">
		DELETE FROM
		"custom_fields"
		WHERE "id" = #{id}
	</delete>
	<update id="upCommonMSort" parameterType="java.util.HashMap">
		<![CDATA[
			UPDATE "custom_fields" 
				SET position = (position - 1) 
			WHERE position <= #{end_pos} 
				AND position > #{start_pos}
				AND type = #{custom_field_type}
		]]>
	</update>
	<update id="upCommonPSort" parameterType="java.util.HashMap">
		<![CDATA[
			UPDATE "custom_fields" 
				SET position = (position + 1) 
			WHERE position < #{end_pos}
				AND position >= #{start_pos} 
				AND type = #{custom_field_type}
		]]>
	</update>
	<update id="upCommonSort" parameterType="java.util.HashMap">
		UPDATE "custom_fields"
		SET position = #{end_pos}
		WHERE id = #{custom_field_id}
	</update>
	<select id="getCustomFieldName" resultType="java.lang.Integer"
		parameterType="java.util.Map">
		<![CDATA[
			SELECT count(*)
			FROM "custom_fields"
			WHERE name = #{name}
			  AND type = #{type}
			  AND id <> #{custom_field_id}
		]]>
	</select>
	<insert id="insertCustomFields" parameterType="java.util.HashMap"
		useGeneratedKeys="true" keyProperty="id">
		INSERT INTO "custom_fields" (
		"name",
		"regexp",
		"is_required",
		"position",
		"min_length",
		"default_value",
		"is_for_all",
		"searchable",
		"max_length",
		"type",
		"is_filter",
		"editable",
		"required_issue_status_ids",
		"possible_values",
		"field_format",
		"visible",
		"gantt_copy",
		"not_for_backlog")
		SELECT
		#{name},
		#{regexp},
		#{is_required},
		MAX(position) + 1 AS position,
		#{min_length},
		#{default_value},
		#{is_for_all},
		#{searchable},
		#{max_length},
		#{type},
		#{is_filter},
		#{editable},
		#{required_issue_status_ids},
		#{possible_values},
		#{field_format},
		#{visible},
		#{gantt_copy},
		#{not_for_backlog}
		FROM custom_fields
	</insert>
	<insert id="insertCustomFieldsTrackers" parameterType="java.util.HashMap"
		useGeneratedKeys="true" keyProperty="id">
		INSERT INTO
		"custom_fields_trackers" (
		"custom_field_id",
		"tracker_id")
		VALUES(
		#{custom_field_id},
		#{tracker_id}
		)
	</insert>
	<delete id="deleteCustomFieldsTrackers" parameterType="java.util.HashMap">
		DELETE FROM "custom_fields_trackers"
		WHERE "custom_field_id" = #{custom_field_id}
	</delete>
	<update id="updataCustomFields" parameterType="java.util.HashMap">
		UPDATE
		"custom_fields"
		SET min_length = #{min_length},
		default_value = #{default_value},
		is_for_all = #{is_for_all},
		searchable = #{searchable},
		max_length = #{max_length},
		is_filter = #{is_filter},
		editable = #{editable},
		name = #{name},
		regexp = #{regexp},
		is_required = #{is_required},
		required_issue_status_ids = #{required_issue_status_ids},
		possible_values = #{possible_values},
		field_format = #{field_format},
		visible = #{visible},
		gantt_copy = #{gantt_copy},
		not_for_backlog = #{not_for_backlog}
		WHERE id = #{custom_field_id}
	</update>
	
	<update id="updatePosition" parameterType="java.util.HashMap">
 		UPDATE "custom_fields" cf
		SET "position" = sort1.row_number
		FROM
			(SELECT
				row_number()over(),position
			FROM(
				SELECT position
				FROM "custom_fields" 
				LEFT JOIN (
				SELECT count(*) AS count_all, "custom_fields_projects".custom_field_id 
				FROM "projects"  
				INNER JOIN "custom_fields_projects" 
				ON "projects".id = "custom_fields_projects".project_id
				GROUP BY "custom_fields_projects".custom_field_id 
				) cfp on cfp.custom_field_id = custom_fields.id
				WHERE type = #{custom_field_type}
				ORDER BY position
			) sort) sort1
		WHERE cf."position" = sort1."position"
		AND cf.type = #{custom_field_type}
	</update>
</mapper>