<?xml version="1.0" encoding="UTF-8" ?>
<!DOCTYPE mapper PUBLIC "-//mybatis.org//DTD Mapper 3.0//EN" "http://mybatis.org/dtd/mybatis-3-mapper.dtd" >
<mapper namespace="groupList">
	
	<select id="getGroupCount" resultType="java.lang.Integer" parameterType="java.util.HashMap">
		<![CDATA[
			SELECT count(*)
			FROM "users"  
			WHERE users.type = 'Group'
			AND lastname = '${group_name}'
			and id <> #{group_id}
		]]>
	</select>
	
	<select id="getGroupList" resultType="java.util.Map" parameterType="java.util.HashMap">
		<![CDATA[
			SELECT users.id,
				users.lastname,count(user_id) AS count,
				'' AS btn
			FROM "users"  
			LEFT JOIN "groups_users" ON "users".id = "groups_users".group_id 
			WHERE users.type = 'Group'
			AND (login iLIKE '%${group_name}%' 
				OR lastname iLIKE '%${group_name}%'
				OR mail iLIKE '%${group_name}%' )
			GROUP BY users.id,users.lastname
			ORDER BY users.lastname
		]]>
	</select>
	<insert id="saveGroup" parameterType="java.util.HashMap">
		INSERT INTO "users" 
			("salt", 
			"created_on", 
			"landing_page", 
			"hashed_password", 
			"admin", 
			"language", 
			"lastname", 
			"mail", 
			"updated_on", 
			"type", 
			"firstname", 
			"mail_notification", 
			"login", 
			"status", 
			"identity_url", 
			"last_login_on", 
			"auth_source_id") 
		VALUES(
			NULL, 
			now(),  
			NULL, 
			'', 
			'f', 
			'', 
			#{group_name}, 
			'', 
			now(), 
			'Group', 
			'', 
			'', 
			'', 
			1, 
			NULL, 
			NULL, 
			NULL)
	</insert>
	<delete id="deleteGroup" parameterType="java.util.Map">
		<![CDATA[
			DELETE FROM "users"
			WHERE "users".id = #{group_id}
		]]>
	</delete>
	<delete id="deleteGroupUsers" parameterType="java.util.Map">
		<![CDATA[
			DELETE FROM "groups_users"
			WHERE "groups_users".group_id = #{group_id}
		]]>
	</delete>
	<delete id="deleteProjectSettingMemberUsers" parameterType="java.util.Map">
		<![CDATA[
			DELETE FROM "member_roles"
			WHERE "member_roles".member_id = #{member_id}
		]]>
	</delete>
	<delete id="deleteProjectSettingUser" parameterType="java.util.Map">
		<![CDATA[
			DELETE FROM "members"
			WHERE "members".id = #{member_id}
		]]>
	</delete>
	<select id="selectProjectSettingMembers" resultType="java.util.Map" parameterType="java.util.Map">
		<![CDATA[
			SELECT members.id
			FROM "members" 
			WHERE members.user_id = #{user_id}
		]]>
	</select>
</mapper>