<?xml version="1.0" encoding="UTF-8" ?>
<!DOCTYPE mapper PUBLIC "-//mybatis.org//DTD Mapper 3.0//EN" "http://mybatis.org/dtd/mybatis-3-mapper.dtd" >
<mapper namespace="newGroup">
	<select id="getGroupUserList" resultType="java.util.Map" parameterType="java.util.Map">
		<![CDATA[
			SELECT users.lastname || ' ' || users.firstname AS user_name,
			groups_users.user_id AS user_id,
				'' AS btn
			FROM "groups_users"
			INNER JOIN users ON groups_users.user_id = users.id
			WHERE group_id = #{group_id}
		]]>
	</select>
	<select id="getGroupName" resultType="java.util.Map" parameterType="java.util.Map">
		<![CDATA[
			SELECT lastname
			FROM users
			WHERE id = #{group_id}
		]]>
	</select>
	<select id="getGroupProjectList" resultType="java.util.Map" parameterType="java.util.Map">
		<![CDATA[
			SELECT "members"."id" AS members_id, 
			"projects"."id" AS projects_id, 
			"projects"."name" AS projects_name, 
			"roles"."name" AS roles_name,
			'' AS btn
			FROM "members"  
			LEFT OUTER JOIN "projects" ON "projects".id = "members".project_id  
			LEFT OUTER JOIN ( SELECT member_roles.member_id, ARRAY_TO_STRING(ARRAY_AGG(roles.name),',') AS name 
					FROM "roles" 
					INNER JOIN "member_roles" ON "member_roles"."role_id" = "roles"."id"
					WHERE member_roles.inherited_from IS NULL
					GROUP BY member_roles.member_id
					) roles ON ("members"."id" = "roles"."member_id") 
			WHERE ("members".user_id = #{group_id} AND (projects.status=1))  
			GROUP BY "members"."id","members"."user_id","members"."project_id","projects"."id","projects"."name","roles"."name"
			ORDER BY projects.name
		]]>
	</select>
	<insert id="insertProjectSettingMembers" parameterType="java.util.HashMap" useGeneratedKeys="true" keyProperty="id">
		INSERT INTO member_roles (
			member_id, 
			role_id,
			inherited_from
		) 
		VALUES(
			#{member_id}, 
			#{role_id}, 
			#{inherited_from}
		)
	</insert>
	<update id="updateGroupName" parameterType="java.util.HashMap">
		UPDATE users
		SET lastname = #{name}
		WHERE id = #{group_id}
	</update>
	<insert id="saveGroupNewUser" parameterType="java.util.HashMap">
		INSERT INTO groups_users (
			group_id, 
			user_id
		) 
		VALUES(
			#{group_id}, 
			#{user_id}
		)
	</insert>
	<select id="selectProjectSettingMembers" resultType="java.util.Map" parameterType="java.util.Map">
		<![CDATA[
			SELECT users.type,members.id
			FROM "users" 
				INNER JOIN members ON members.user_id = users.id
			WHERE members.user_id = #{user_id} AND members.project_id = #{project_id}
		]]>
	</select>
	<select id="selectProjectGroupMembers" resultType="java.util.Map" parameterType="java.util.Map">
		<![CDATA[
			SELECT members.id
			FROM members
			WHERE members.user_id = #{user_id} AND members.project_id = #{project_id}
		]]>
	</select>
	<select id="selectProjectGroupMemberId" resultType="java.util.Map" parameterType="java.util.Map">
		<![CDATA[
			SELECT members.id
			FROM members
			WHERE members.user_id = #{user_id}
		]]>
	</select>
	<select id="selectProjectSettingGroupMemberUsers" resultType="java.util.Map" parameterType="java.util.Map">
		<![CDATA[
			SELECT groups_users.user_id 
			FROM "groups_users" 
			INNER JOIN users ON groups_users.user_id = users.id
			WHERE "groups_users".group_id IN 
				(SELECT user_id
				FROM members
				WHERE id = #{member_id}
				)
		]]>
	</select>
	<select id="selectProjectSettingMemberUsers" resultType="java.util.Map" parameterType="java.util.Map">
		<![CDATA[
			SELECT * ,members.project_id
			FROM "member_roles" 
			INNER JOIN members ON members.id = "member_roles".member_id
			WHERE "member_roles".member_id = #{member_id}
		]]>
	</select>
	<select id="selectProjectMemberRoles" resultType="java.util.Map" parameterType="java.util.Map">
		<![CDATA[
			SELECT * FROM "member_roles"
			WHERE "member_roles".member_id = #{member_id} AND role_id = #{role_id}
		]]>
	</select>
	<delete id="deleteProjectSettingMemberUsers" parameterType="java.util.Map">
		<![CDATA[
			DELETE FROM "member_roles"
			WHERE "member_roles".member_id = #{member_id}
		]]>
	</delete>
	<delete id="deleteProjectSettingUser" parameterType="java.util.Map">
		<![CDATA[
			DELETE FROM "members"
			WHERE "members".id = #{member_id}
		]]>
	</delete>
	<delete id="deleteGroupListUsers" parameterType="java.util.Map">
		<![CDATA[
			DELETE FROM "groups_users"
			WHERE group_id = #{group_id} AND user_id = #{user_id}
		]]>
	</delete>
	<select id="selectProjectSettingGroupUsers" resultType="java.util.Map" parameterType="java.util.Map">
		<![CDATA[
			SELECT groups_users.user_id 
			FROM "groups_users" 
			INNER JOIN users ON groups_users.user_id = users.id
			WHERE "groups_users".group_id = #{group_id}
		]]>
	</select>
	<select id="getProjectSettingRoleList" resultType="java.util.Map" parameterType="java.util.Map">
		<![CDATA[
			SELECT roles.id,roles.name,CASE WHEN roles2.id IS NULL THEN FALSE ELSE TRUE END AS flg
			FROM "roles" 
			LEFT JOIN (
				SELECT roles.id
				FROM "roles" 
				INNER JOIN "member_roles" ON ("roles"."id" = "member_roles"."role_id")
				INNER JOIN "members" ON ("members"."id" = "member_roles"."member_id") AND members.id = #{member_id}
				WHERE ("roles"."builtin" = 0) 
				GROUP BY roles.id,roles.name
			)roles2 ON roles2.id = roles.id
			WHERE ("roles"."builtin" = 0)
			ORDER BY position
		]]>
	</select>
	<select id="selectUserList" resultType="java.util.Map" parameterType="java.util.Map">
		<![CDATA[
			SELECT id,lastname || ' ' || firstname AS lastname 
			FROM "users" 
			WHERE (users.type='User' AND users.status = 1)  
			AND users.id NOT IN (SELECT user_id AS id FROM groups_users WHERE group_id = #{group_id})
			AND (LOWER(login) iLIKE '%${input_date}%' OR LOWER(firstname) iLIKE '%${input_date}%' OR LOWER(lastname) LIKE '%${input_date}%' OR LOWER(mail) LIKE '%${input_date}%')
			ORDER BY lastname ASC
			LIMIT 100
		]]>
	</select>
	<select id="getProjectList" resultType="java.util.Map" parameterType="java.util.Map">
		<![CDATA[
			SELECT name,projects.id
			FROM projects
			WHERE id NOT IN (
				SELECT project_id AS id FROM members WHERE user_id = #{group_id}
			)
			AND (LOWER(name) iLIKE '%${input_date}%')
			AND projects.status=1
			ORDER BY parent_id DESC, lft, name
			LIMIT 200
		]]>
	</select>
	<select id="selectProjectMember" resultType="java.util.Map" parameterType="java.util.Map">
		<![CDATA[
			SELECT members.project_id,members.id,MAX(member_roles.id) AS member_roles_id,role_id
			FROM "users" 
				INNER JOIN members ON members.user_id = users.id
				LEFT JOIN member_roles ON member_roles.member_id = members.id
			WHERE members.user_id = #{group_id}
				AND members.project_id = #{project_id}
			GROUP BY members.project_id,members.id,role_id
		]]>
	</select>
	<select id="selectMember" resultType="java.util.Map" parameterType="java.util.Map">
		<![CDATA[
			SELECT members.project_id
			FROM members
			WHERE members.user_id = #{group_id}
		]]>
	</select>
	<insert id="insertProjectSettingUser" parameterType="java.util.HashMap" useGeneratedKeys="true" keyProperty="id">
		INSERT INTO members (
			created_on, 
			project_id,
			user_id,
			mail_notification
		) 
		VALUES(
			now(),
			#{project_id}, 
			#{user_id}, 
			false
		)
	</insert>

</mapper>