<?xml version="1.0" encoding="UTF-8" ?>
<!DOCTYPE mapper PUBLIC "-//mybatis.org//DTD Mapper 3.0//EN" "http://mybatis.org/dtd/mybatis-3-mapper.dtd" >
<mapper namespace="newGroupRole">

	
<!-- 	GXT -->
	<select id="getProjectSettingRoleList" resultType="java.util.Map" parameterType="java.util.Map">
		<![CDATA[
			SELECT roles.id,roles.name,CASE WHEN roles2.id IS NULL THEN FALSE ELSE TRUE END AS flg
			FROM "roles" 
			LEFT JOIN (
				SELECT roles.id
				FROM "roles" 
				INNER JOIN "member_roles" ON ("roles"."id" = "member_roles"."role_id")
				INNER JOIN "members" ON ("members"."id" = "member_roles"."member_id") AND members.id = #{member_id}
				WHERE ("roles"."builtin" = 0) 
				GROUP BY roles.id,roles.name
			)roles2 ON roles2.id = roles.id
			WHERE ("roles"."builtin" = 0)
			ORDER BY position
		]]>
	</select>
	<select id="selectProjectSettingMemberUsers" resultType="java.util.Map" parameterType="java.util.Map">
		<![CDATA[
			SELECT * ,members.project_id
			FROM "member_roles" 
			INNER JOIN members ON members.id = "member_roles".member_id
			WHERE "member_roles".member_id = #{member_id}
		]]>
	</select>
	<delete id="deleteProjectSettingMemberUsers" parameterType="java.util.Map">
		<![CDATA[
			DELETE FROM "member_roles"
			WHERE "member_roles".member_id = #{member_id}
		]]>
	</delete>
		<insert id="insertProjectSettingMembers" parameterType="java.util.HashMap" useGeneratedKeys="true" keyProperty="id">
		INSERT INTO member_roles (
			member_id, 
			role_id,
			inherited_from
		) 
		VALUES(
			#{member_id}, 
			#{role_id}, 
			#{inherited_from}
		)
	</insert>
		<select id="selectProjectSettingGroupMemberUsers" resultType="java.util.Map" parameterType="java.util.Map">
		<![CDATA[
			SELECT groups_users.user_id 
			FROM "groups_users" 
			INNER JOIN users ON groups_users.user_id = users.id
			WHERE "groups_users".group_id IN 
				(SELECT user_id
				FROM members
				WHERE id = #{member_id}
				)
		]]>
	</select>
		<select id="selectProjectGroupMembers" resultType="java.util.Map" parameterType="java.util.Map">
		<![CDATA[
			SELECT members.id
			FROM members
			WHERE members.user_id = #{user_id} AND members.project_id = #{project_id}
		]]>
	</select>
</mapper>