<?xml version="1.0" encoding="UTF-8" ?>
<!DOCTYPE mapper PUBLIC "-//mybatis.org//DTD Mapper 3.0//EN" "http://mybatis.org/dtd/mybatis-3-mapper.dtd" >
<mapper namespace="newProjectsAccess">
	<select id="getProjectSettingRoleList" resultType="java.util.Map" parameterType="java.util.Map">
		<![CDATA[
			SELECT roles.id,roles.name,CASE WHEN roles2.id IS NULL THEN FALSE ELSE TRUE END AS flg
			FROM "roles" 
			LEFT JOIN (
				SELECT roles.id
				FROM "roles" 
				INNER JOIN "member_roles" ON ("roles"."id" = "member_roles"."role_id")
				INNER JOIN "members" ON ("members"."id" = "member_roles"."member_id") AND members.id = #{member_id}
				WHERE ("roles"."builtin" = 0) 
				GROUP BY roles.id,roles.name
			)roles2 ON roles2.id = roles.id
			WHERE ("roles"."builtin" = 0)
			ORDER BY position
		]]>
	</select>
	<select id="getProjectList" resultType="java.util.Map" parameterType="java.util.Map">
		<![CDATA[
			SELECT name,projects.id
			FROM projects
			WHERE id NOT IN (
				SELECT project_id AS id FROM members WHERE user_id = #{group_id}
			)
			AND (LOWER(name) iLIKE '%${input_date}%')
			AND projects.status=1
			ORDER BY parent_id DESC, lft, name
			LIMIT 200
		]]>
	</select>
	<select id="selectProjectSettingGroupUsers" resultType="java.util.Map" parameterType="java.util.Map">
		<![CDATA[
			SELECT groups_users.user_id 
			FROM "groups_users" 
			INNER JOIN users ON groups_users.user_id = users.id
			WHERE "groups_users".group_id = #{group_id}
		]]>
	</select>
	<select id="selectProjectSettingMembers" resultType="java.util.Map" parameterType="java.util.Map">
		<![CDATA[
			SELECT users.type,members.id
			FROM "users" 
				INNER JOIN members ON members.user_id = users.id
			WHERE members.user_id = #{user_id} AND members.project_id = #{project_id}
		]]>
	</select>
	<insert id="insertProjectSettingUser" parameterType="java.util.HashMap" useGeneratedKeys="true" keyProperty="id">
		INSERT INTO members (
			created_on, 
			project_id,
			user_id,
			mail_notification
		) 
		VALUES(
			now(),
			#{project_id}, 
			#{user_id}, 
			false
		)
	</insert>
	<select id="selectProjectMemberRoles" resultType="java.util.Map" parameterType="java.util.Map">
		<![CDATA[
			SELECT * FROM "member_roles"
			WHERE "member_roles".member_id = #{member_id} AND role_id = #{role_id}
		]]>
	</select>
		<insert id="insertProjectSettingMembers" parameterType="java.util.HashMap" useGeneratedKeys="true" keyProperty="id">
		INSERT INTO member_roles (
			member_id, 
			role_id,
			inherited_from
		) 
		VALUES(
			#{member_id}, 
			#{role_id}, 
			#{inherited_from}
		)
	</insert>
</mapper>