<?xml version="1.0" encoding="UTF-8" ?>
<!DOCTYPE mapper PUBLIC "-//mybatis.org//DTD Mapper 3.0//EN" "http://mybatis.org/dtd/mybatis-3-mapper.dtd" >
<mapper namespace="newProject">
	<select id="getCustomFieldsBeanValues" resultType="co.jp.softbank.qqmx.dao.project.settings.bean.CustomFieldsBean">
		<![CDATA[
		SELECT 
			custom_fields.*, custom_values.value
		FROM 
			custom_fields
			LEFT JOIN custom_values 
			ON custom_fields.id = custom_values.custom_field_id 
			AND custom_values.customized_id = #{project_id}
		WHERE (
			type = 'ProjectCustomField'
		)  
		ORDER BY 
			position
  		]]>
	</select>
	<select id="getCustomFieldsBeans" resultType="co.jp.softbank.qqmx.dao.project.settings.bean.CustomFieldsBean">
		<![CDATA[
		SELECT 
			* 
		FROM 
			custom_fields 
		WHERE (
			type = 'ProjectCustomField'
		)  
		ORDER BY 
			position
  		]]>
	</select>
	
	<select id="getSettings" resultType="java.util.Map">
		<![CDATA[
		SELECT 
			* 
		FROM 
			settings 
		WHERE (
			name = 'default_projects_modules'
		)  
		LIMIT 1
  		]]>
	</select>
	
	<select id="getTrackers" resultType="java.util.Map">
		<![CDATA[
		SELECT 
			* ,id AS tracker_id
		FROM 
			trackers 
		ORDER BY 
			position
  		]]>
	</select>
	
	<select id="getEnabledModules" resultType="java.util.Map">
		<![CDATA[
		SELECT 
			* 
		FROM 
			enabled_modules 
		WHERE 
			project_id = #{project_id}
  		]]>
	</select>
	
	<select id="getIssuesCustomFields" resultType="java.util.Map">
		<![CDATA[
		SELECT 
			id,
			is_for_all,
			name,
			position
		FROM 
			custom_fields 
		WHERE
			type = 'IssueCustomField'
		ORDER BY 
			custom_fields.position
  		]]>
	</select>
	
	<select id="getProjectIssuesCustomFields" resultType="java.util.Map">
		<![CDATA[
		SELECT 
			id,
			CASE WHEN custom_fields_projects.custom_field_id IS NOT NULL THEN true
			ELSE false END AS is_custom_field,
			is_for_all,
			name
		FROM 
			custom_fields 
			LEFT JOIN custom_fields_projects
			ON "custom_fields".id = "custom_fields_projects".custom_field_id 
			AND "custom_fields_projects".project_id = #{project_id}
		WHERE
			type = 'IssueCustomField'
		ORDER BY 
			custom_fields.position
  		]]>
	</select>
	
	<select id="getProjectTrackers" resultType="java.util.Map">
		<![CDATA[
		SELECT * 
		FROM "trackers"  
		LEFT JOIN "projects_trackers" 
			ON "trackers".id = "projects_trackers".tracker_id 
			AND ("projects_trackers".project_id = #{project_id} )  
		ORDER BY trackers.position
  		]]>
	</select>
	
	<select id="checkProjectIdentifierExist" resultType="java.util.Map" parameterType="java.util.Map">
		<![CDATA[
		SELECT 
			id 
		FROM 
			projects
		WHERE 
			identifier = #{project_identifier}
		LIMIT 1
  		]]>
	</select>
	
	<select id="getProjectInfo" resultType="java.util.Map" parameterType="java.util.Map">
		<![CDATA[
		SELECT
			lft,
			rgt,
			parent_id
		FROM 
			projects
		WHERE 
			id = #{project_id}
		LIMIT 1
  		]]>
	</select>
	
	<select id="getMaxProjectInfo" resultType="java.util.Map" parameterType="java.util.Map">
		<![CDATA[
		SELECT 
			lft,
			rgt 
		FROM 
			projects
		ORDER BY lft DESC
		LIMIT 1
  		]]>
	</select>
	
	<update id="upProjectInfos" parameterType="java.util.HashMap">
		<![CDATA[
		UPDATE projects
		SET
			rgt =  #{project_rgt} + 2
		WHERE id = #{project_id}
  		]]>
	</update>
	
	<update id="upLftProjectInfos" parameterType="java.util.HashMap">
		<![CDATA[
		UPDATE projects
		SET lft =  lft + 2,
		rgt =  rgt + 2
		WHERE lft > #{project_rgt}
  		]]>
	</update>
	
	<update id="upEditLftProjectInfos" parameterType="java.util.HashMap">
		<![CDATA[
		UPDATE projects
		SET lft =  lft + 2,
		rgt =  rgt + 2
		WHERE lft > #{project_rgt} AND lft < #{project_rgt_bak}
  		]]>
	</update>
	
	<update id="upDelProjectInfos" parameterType="java.util.HashMap">
		<![CDATA[
		UPDATE projects
		SET
			rgt =  #{project_rgt} - 2
		WHERE id = #{project_id}
  		]]>
	</update>
	
	<update id="upEditDelLftProjectInfos" parameterType="java.util.HashMap">
		<![CDATA[
		UPDATE projects
		SET lft =  lft - 2,
		rgt =  rgt - 2
		WHERE lft > #{project_rgt} AND lft < #{project_rgt_bak}
  		]]>
	</update>
	
	<select id="checkProjectNameExist" resultType="java.util.Map" parameterType="java.util.Map">
		<![CDATA[
		SELECT 
			id 
		FROM 
			projects
		WHERE 
			name = #{project_name}
		LIMIT 1
  		]]>
	</select>
	
	<insert id="insertProjectInfo" parameterType="java.util.Map" useGeneratedKeys="true" keyProperty="id">
		INSERT INTO projects (
			name, 
			created_on, 
			landing_page,
			updated_on, 
			homepage, 
			parent_id, 
			description, 
			is_public, 
			identifier,
			status,
			lft,
			rgt
		) 
		VALUES(
			#{project_name}, 
			now(), 
			#{project_landingpage}, 
			now(), 
			#{project_homepage}, 
			#{project_parent_id}, 
			#{project_description}, 
			#{project_is_public}, 
			#{project_identifier},
			#{project_status},
			#{project_lft},
			#{project_rgt}
		)
	</insert>
	
	<update id="upProjectRelation" parameterType="java.util.HashMap">
		<![CDATA[
		UPDATE project_relation
		SET
			parent_id =  #{project_organization_id}
		WHERE project_id = #{project_id}
  		]]>
	</update>
	
	<insert id="insertProjectRelation" parameterType="java.util.Map" useGeneratedKeys="true">
		INSERT INTO project_relation (
			project_id,
			identifier,
			project_name,
			pm_name,
			parent_id,
			project_parent_id,
			project_type,
			ticket_mail_tracker,
			test_summary_date_time,
			version_disp_flag,
			stay_disp_flag,
			anken_display_flag,
			evaluated_disp_flag,
			graph_flag,
			plan_bag_flag,
			release_date,
			end_date,
			project_mail,
			custom_field_id,
			soqos_project_id,
			add_line_ratio,
			mod_line_ratio,
			apply_line_ratio,
			del_line_ratio,
			no_display_ct,
			no_display_st,
			no_display_all_st,
			pj_list_display,
			nda_flag,
			bug_count_ct,
			bug_count_st,
			bug_count_all_st,
			bug_count_y_ct,
			bug_count_y_st,
			bug_count_y_all_st,
			bug_count_r_ct,
			bug_count_r_st,
			bug_count_r_all_st,
			test_count_ct,
			test_count_st,
			test_count_all_st,
			test_count_y_ct,
			test_count_y_st,
			test_count_y_all_st,
			test_count_r_ct,
			test_count_r_st,
			test_count_r_all_st,
			priority_rate_ct,
			priority_rate_st,
			priority_rate_all_st,
			h4_rate_ct,
			h4_rate_st,
			h4_rate_all_st,
			d1_rate_ct,
			d1_rate_st,
			d1_rate_all_st,
			d2_rate_ct,
			d2_rate_st,
			d2_rate_all_st,
			s1_rate_ct,
			s1_rate_st,
			s1_rate_all_st,
			s2_rate_ct,
			s2_rate_st,
			s2_rate_all_st,
			s3_rate_ct,
			s3_rate_st,
			s3_rate_all_st,
			j1_rate_ct,
			j1_rate_st,
			j1_rate_all_st,
			j2_rate_ct,
			j2_rate_st,
			j2_rate_all_st,
			j3_rate_ct,
			j3_rate_st,
			j3_rate_all_st,
			reduction_rate_ct,
			reduction_rate_st,
			reduction_rate_all_st,
			wbs_rate_ct,
			wbs_rate_st,
			wbs_rate_all_st,
			stay_rate_ct,
			stay_rate_st,
			stay_rate_all_st,
			avg_days_ct,
			avg_days_st,
			avg_days_all_st,
			bug_ranking_ct,
			bug_ranking_st,
			bug_ranking_all_st,
			project_maintenance_type,
			n110_rate_ct,
			n110_rate_st,
			n110_rate_all_st,
			n120_rate_ct,
			n120_rate_st,
			n120_rate_all_st,
			n130_rate_ct,
			n130_rate_st,
			n130_rate_all_st,
			n140_rate_ct,
			n140_rate_st,
			n140_rate_all_st,
			n210_rate_ct,
			n210_rate_st,
			n210_rate_all_st,
			n220_rate_ct,
			n220_rate_st,
			n220_rate_all_st,
			n230_rate_ct,
			n230_rate_st,
			n230_rate_all_st
		) 
		VALUES(
			#{project_id}::int,
			#{project_identifier},
			#{project_name},
			'1',
			#{project_organization_id},
			#{project_relation_parent_id},
			#{project_type},
			null,
			CURRENT_TIMESTAMP,
			0,
			null,
			0,
			1,
			'21,22,24,25,26,27,28,29',
			1,
			null,
			null,
			null,
			2037,
			null,
			1.0,
			1.2,
			0.06,
			0,
			0,
			0,
			0,
			0,
			0,
			1.48,
			0.42,
			0.08,
			1.7020,
			0.4830,
			0.0920,
			1.924,
			0.546,
			0.104,
			23.5,
			5.7,
			2.4,
			19.975,
			4.845,
			2.040,
			16.45,
			3.99,
			1.68,
			20,
			20,
			20,
			5,
			15,
			20,
			10,
			20,
			25,
			10,
			15,
			20,
			30,
			20,
			15,
			20,
			15,
			10,
			10,
			5,
			5,
			5,
			10,
			15,
			5,
			10,
			15,
			5,
			10,
			15,
			45,
			45,
			45,
			70,
			70,
			70,
			0,
			0,
			0,
			5,
			5,
			5,
			5,
			5,
			5,
			1,
			null,
			null,
			null,
			null,
			null,
			null,
			null,
			null,
			null,
			null,
			null,
			null,
			null,
			null,
			null,
			null,
			null,
			null,
			null,
			null,
			null
		)
	</insert>	
	
	<insert id="insertEnabledModulesInfos" parameterType="java.util.HashMap">
		INSERT INTO enabled_modules(
			name, 
			project_id
		)
    	VALUES 
	    <foreach collection="enabledModulesInfos" item="info" open="" separator="," close="">
			(
				#{info.name}, 
				#{info.project_id}
			)
		</foreach>
	</insert>
	
	<insert id="insertWikisInfos" parameterType="java.util.HashMap" useGeneratedKeys="true" keyProperty="id">
		INSERT INTO wikis (
			project_id, 
			start_page
		) 
		VALUES(
			#{project_id}, 
			#{start_page}
		)
	</insert>
	
	<insert id="insertProjectsTrackersInfos" parameterType="java.util.HashMap">
		INSERT INTO projects_trackers(
			project_id, 
			tracker_id
		)
    	VALUES 
	    <foreach collection="projectsTrackers" item="info" open="" separator="," close="">
			(
				#{info.project_id}, 
				#{info.tracker_id}
			)
		</foreach>
	</insert>
	
	<insert id="insertProjectsCustomFields" parameterType="java.util.HashMap">
		INSERT INTO custom_fields_projects(
			project_id, 
			custom_field_id
		)
    	VALUES 
	    <foreach collection="customFields" item="info" open="" separator="," close="">
			(
				#{info.project_id}, 
				#{info.custom_field_id}
			)
		</foreach>
	</insert>
	
	<insert id="insertProjectsCustomValues" parameterType="java.util.HashMap">
		INSERT INTO custom_values(
			customized_id, 
			customized_type, 
			custom_field_id, 
			value
		)
    	VALUES 
	    <foreach collection="customValues" item="info" open="" separator="," close="">
			(
				#{info.customized_id}, 
				'Project', 
				#{info.custom_field_id},
				#{info.value}
			)
		</foreach>
	</insert>
	
		<select id="getCopyInfo" resultType="java.util.Map">
		<![CDATA[
		SELECT 
			projects.id,membs.member,vrs.version,issc.ticket_category,iss.ticket,qu.queries,bods.forum, wks.wikis
		from 
			projects
		left join(
			select
				project_id,
				count(*) as member
			from
				members
			INNER JOIN users
			ON members.user_id = users.id
			where project_id = #{project_id}
			AND users.type = 'User'
			group by project_id
		) membs on projects.id = membs.project_id
			
		left join(
			select
				project_id,
				count(*) as version
			from 
				versions
			where project_id = #{project_id}
			group by project_id
		) vrs on projects.id = vrs.project_id

		left join(
			select
				project_id,
				count(*) as ticket_category
			from 
				issue_categories
			where project_id = #{project_id}
			group by project_id
		) issc on projects.id = issc.project_id

		left join(
			select
				project_id,
				count(*) as ticket
			from 
				issues
			where project_id = #{project_id}
			group by project_id
		) iss on projects.id = iss.project_id

		left join(
			select
				project_id,
				count(*) as queries
			from
				queries
			where project_id = #{project_id}
			group by project_id
		) qu on projects.id = qu.project_id

		left join(
			select
				project_id,
				count(id) as forum
			from
				boards
			where project_id = #{project_id}
			group by project_id
		) bods on projects.id = bods.project_id

		left join(
			select
				project_id,
				count(wikis.id) as wikis
			from
				wikis
			INNER JOIN wiki_pages
			ON wikis.id = wiki_pages.wiki_id
			where project_id = #{project_id}
			group by project_id
		) wks on projects.id = wks.project_id
		
		where projects.id = #{project_id}
  		]]>
	</select>
	
	
	<insert id="insertProjectCopyMember" parameterType="java.util.HashMap">
		INSERT INTO 
			members(user_id, project_id, created_on, mail_notification)
		SELECT
			members.user_id,
			#{project_id},
			now(),
			members.mail_notification
		FROM
			members
		INNER JOIN 
			users
		ON 
			members.user_id = users.id
		WHERE
			project_id = #{copy_project_id}
		AND
			users.type = 'User'
		ORDER BY members.id
	</insert>
	
	<insert id="insertProjectCopyVersion" parameterType="java.util.HashMap">
		INSERT INTO 
			versions(project_id, name, description, effective_date, created_on,
			updated_on, wiki_page_title, status, sharing, sprint_start_date)
		SELECT
			#{project_id}, name, description, effective_date, now(), 
			now(), wiki_page_title, status, sharing, sprint_start_date
		FROM
			versions
		WHERE
			project_id = #{copy_project_id}
		ORDER BY id
	</insert>
	
	
	<insert id="insertProjectCopyCategory" parameterType="java.util.HashMap">
		INSERT INTO 
			issue_categories(project_id, name, assigned_to_id)
		SELECT
			#{project_id}, name, assigned_to_id
		FROM
			issue_categories
		WHERE
			project_id = #{copy_project_id}
		ORDER BY id
	</insert>
	
	
	<insert id="insertProjectCopyTicket" parameterType="java.util.HashMap">
		INSERT INTO 
			issues(tracker_id, project_id, subject, description, due_date, category_id, 
			status_id, assigned_to_id, priority_id, fixed_version_id, author_id, 
			lock_version, created_on, updated_on, start_date, done_ratio, 
			estimated_hours, parent_id, root_id, lft, rgt, is_private, "position", 
			remaining_hours, root_seq, organization_cd, story_points, release_id, 
			release_relationship, updater_id)
		SELECT
			tracker_id, #{project_id}, subject, description, due_date, category_id, 
			status_id, assigned_to_id, priority_id, fixed_version_id, author_id, 
			lock_version, now(), now(), start_date, done_ratio, 
			estimated_hours, parent_id, root_id, lft, rgt, is_private, "position", 
			remaining_hours, root_seq, organization_cd, story_points, release_id, 
			release_relationship, updater_id
		FROM
			issues
		WHERE
			project_id = #{copy_project_id}
		ORDER BY id
	</insert>
	
	
	<insert id="insertProjectCopyCustomquery" parameterType="java.util.HashMap">
		INSERT INTO 
			queries(project_id, name, filters, user_id, is_public, column_names, 
			sort_criteria, group_by)
		SELECT
			#{project_id}, name, filters, user_id, is_public, column_names, 
			sort_criteria, group_by
		FROM
			queries
		WHERE
			project_id = #{copy_project_id}
		ORDER BY id
	</insert>
	
	
	<insert id="insertProjectCopyForum" parameterType="java.util.HashMap">
		INSERT INTO 
			boards(project_id, name, description, "position", topics_count, 
			messages_count, last_message_id)
		SELECT
			#{project_id}, name, description, "position", topics_count, 
			messages_count, last_message_id
		FROM
			boards
		WHERE
			project_id = #{copy_project_id}
		ORDER BY id
	</insert>
	
	
	<select id="getProjectCopyWikiId" resultType="java.util.Map" parameterType="java.util.Map">
		<![CDATA[
		select
			distinct wikis.id
		from
			wikis
		INNER JOIN wiki_pages
		ON wikis.id = wiki_pages.wiki_id
		where wikis.project_id = #{copy_project_id}
		]]>
	</select>
	
	<insert id="insertProjectCopyWikiPage" parameterType="java.util.HashMap" useGeneratedKeys="true" keyProperty="id">
		INSERT INTO 
			wiki_pages(wiki_id, title, created_on, protected, parent_id)
		SELECT
			#{wiki_id}, title, now(), protected, parent_id
		FROM
			wiki_pages
		WHERE
			wiki_id = #{copy_wiki_id}
		ORDER BY id
	</insert>
	
</mapper>