<?xml version="1.0" encoding="UTF-8" ?>
<!DOCTYPE mapper PUBLIC "-//mybatis.org//DTD Mapper 3.0//EN" "http://mybatis.org/dtd/mybatis-3-mapper.dtd" >
<mapper namespace="newRoleDao">
	<select id="getRolesBaseList" resultType="java.util.Map" parameterType="java.util.Map">
		<![CDATA[
			SELECT *
			FROM roles_base
			WHERE type_id IS NULL
			ORDER BY position
		]]>
	</select>
	<select id="getRolesBaseSubList" resultType="java.util.Map" parameterType="java.util.Map">
		<![CDATA[
			SELECT *
			FROM roles_base
			WHERE type_id IS NOT NULL
				AND type_id = #{id}
			ORDER BY position
		]]>
	</select>
	<select id="getRolesCheckFlg" resultType="java.util.Map" parameterType="java.util.Map">
		<![CDATA[
			SELECT *
			FROM roles
			WHERE id = #{id}
				AND permissions ilike '%:${value}%'
		]]>
	</select>
	<select id="selectRolePermissionList" resultType="java.util.Map" parameterType="java.util.Map">
		<![CDATA[
			SELECT permissions
			FROM roles
			WHERE id = #{id}
		]]>
	</select>
	<select id="getRoleIdInfo" resultType="java.util.Map" parameterType="java.util.Map">
		<![CDATA[
			SELECT * 
			FROM "roles" 
			WHERE ("roles"."id" = #{id}) 
		]]>
	</select>
	<select id="getRoleList" resultType="java.util.Map" parameterType="java.util.Map">
		<![CDATA[
			SELECT *
			FROM "roles"  
			ORDER BY builtin, position 
		]]>
	</select>
	<select id="selectTrackers" resultType="java.util.Map" parameterType="java.util.Map">
		<![CDATA[
			SELECT *
			FROM "trackers"  
		]]>
	</select>
	<select id="getRolesCount" resultType="java.lang.Integer" parameterType="java.util.HashMap">
		<![CDATA[
			SELECT count(*)
			FROM "roles"  
			WHERE name = '${name}'
			and id <> #{id}
		]]>
	</select>	
	<insert id="saveRole" parameterType="java.util.HashMap" useGeneratedKeys="true" keyProperty="id">
		INSERT INTO "roles" (
			"name", 
		 	"position", 
		 	"issues_visibility", 
		 	"builtin", 
		 	"permissions", 
		 	"assignable",
		 	"is_public"
		) 
	 	SELECT
			#{name}, 
			MAX(position) + 1 AS position,
			#{issues_visibility}, 
			0, 
			#{permissions}, 
			#{assignable},
			#{is_public}
		FROM roles
	</insert>
	<update id="updateRole" parameterType="java.util.HashMap">
		UPDATE 
			roles
		SET 
			name = #{name},
			issues_visibility = #{issues_visibility},
			permissions = #{permissions},
			assignable = #{assignable},
			is_public = #{is_public}
		WHERE 
			id = #{id}
	</update>
	<insert id="inserWorkflows" parameterType="java.util.HashMap" useGeneratedKeys="true" keyProperty="id">
		 INSERT INTO workflows (
		 	tracker_id, 
		 	role_id, 
		 	old_status_id, 
		 	new_status_id, 
		 	author, 
		 	assignee) 
		 SELECT #{tracker_id}, #{new_role_id}, old_status_id, new_status_id, author, assignee 
		 FROM workflows 
		 WHERE tracker_id = #{tracker_id} 
		 	AND role_id = #{bak_role_id}
	</insert>
	<delete id="deleteWorkflows" parameterType="java.util.HashMap">
		DELETE FROM "workflows" 
		WHERE ("workflows"."role_id" = #{new_role_id} AND "workflows"."tracker_id" = #{tracker_id} ) 
	</delete>
	
</mapper>