<?xml version="1.0" encoding="UTF-8" ?>
<!DOCTYPE mapper PUBLIC "-//mybatis.org//DTD Mapper 3.0//EN" "http://mybatis.org/dtd/mybatis-3-mapper.dtd" >
<mapper namespace="newTracker">
	<select id="getTrackerListInfo" resultType="java.util.Map" parameterType="java.util.Map">
		<![CDATA[
			SELECT * ,
				'<a id="' || trackers.id || '" href="#" class="icon del">削除</a>' AS btn,
				'<a id="name_' || trackers.id || '" href="#" class="icon name">'|| name ||'</a>' AS tracker_name
			FROM "trackers"  
			ORDER BY position
		]]>
	</select>
	<select id="getTrackerListIdInfo" resultType="java.util.Map" parameterType="java.util.Map">
		<![CDATA[
			SELECT *
			FROM "trackers"
			LEFT JOIN (
				SELECT tracker_id, ARRAY_TO_STRING(ARRAY_AGG(project_id),',') AS projects_trackers_id
				FROM projects_trackers 
				GROUP BY tracker_id) pt ON pt.tracker_id = id
			LEFT JOIN (
				SELECT tracker_id, ARRAY_TO_STRING(ARRAY_AGG(custom_field_id),',')  AS custom_fields_trackers_id
				FROM custom_fields_trackers 
				GROUP BY tracker_id) cft ON cft.tracker_id = id
			WHERE id = #{tracker_id}::int
			ORDER BY position
		]]>
	</select>
	<select id="selectRoles" resultType="java.util.Map" parameterType="java.util.Map">
		<![CDATA[
			SELECT * 
			FROM "roles"
		]]>
	</select>
	<select id="getTrackerListCustomFields" resultType="java.util.Map" parameterType="java.util.Map">
		<![CDATA[
			SELECT 
				id, 
				name,
				position
			FROM 
				"custom_fields" 
			WHERE 
				"custom_fields"."type" = 'IssueCustomField' 
			AND 
				name iLIKE '%${name}%'
			ORDER BY 
				position
		]]>
	</select>
	<select id="getTrackersName" resultType="java.lang.Integer" parameterType="java.util.Map">
		<![CDATA[
			SELECT count(*)
			FROM "trackers"
			WHERE name = #{name}
			  AND id <> #{tracker_id}
		]]>
	</select>	
	<select id="getUpdateTrackers" resultType="java.util.Map" parameterType="java.util.Map">
		<![CDATA[
			SELECT id
			FROM "trackers" 
			WHERE name = ${name}
		]]>
	</select>
	<select id="getTrackerListProjects" resultType="java.util.Map" parameterType="java.util.Map">
		<![CDATA[
			SELECT 
				id,
				CASE WHEN parent_id IS NOT NULL THEN '<i class="fa fa-chevron-right" style="margin-right:5px;margin-left:10px;"></i>' || name ELSE name END AS sub_name,
				lft
			FROM 
				"projects"
			WHERE 
				name iLIKE '%${name}%'
			ORDER BY 
				lft
		]]>
	</select>
	<delete id="delTrackerListId" parameterType="java.util.HashMap">
		DELETE FROM trackers 
		WHERE id = #{tracker_id} 
	</delete>
	<insert id="insertTrackers" parameterType="java.util.HashMap" useGeneratedKeys="true" keyProperty="id">
		 INSERT INTO "trackers" 
		 ("name", 
		 "position", 
		 "is_in_roadmap", 
		 "is_in_chlog") 
		 	SELECT
				#{name}, 
				MAX(position) + 1 AS position,
				#{is_in_roadmap}, 
				#{is_in_chlog}
			FROM trackers
	</insert>
	<update id="updateTrackers" parameterType="java.util.HashMap">
		UPDATE "trackers" 
		SET name = #{name},
		 is_in_roadmap = #{is_in_roadmap}
		WHERE id = #{tracker_id}   
	</update>
	<update id="upCommonMSort" parameterType="java.util.HashMap">
		<![CDATA[
			UPDATE "trackers" 
				SET position = (position - 1) 
			WHERE position <= #{end_pos} 
				AND position > #{start_pos}
		]]>
	</update>
	<update id="upCommonPSort" parameterType="java.util.HashMap">
		<![CDATA[
			UPDATE "trackers" 
				SET position = (position + 1) 
			WHERE position < #{end_pos}
				AND position >= #{start_pos} 
		]]>
	</update>
	<update id="upCommonSort" parameterType="java.util.HashMap">
		UPDATE "trackers" 
		SET position = #{end_pos}
		WHERE id = #{tracker_id} 
	</update>
	<insert id="insertProjectsTrackers" parameterType="java.util.HashMap">
		 INSERT INTO "projects_trackers" 
		 (
		 "project_id", 
		 "tracker_id"
		 ) 
		VALUES(
			#{project_id}, 
			#{tracker_id}
		)
	</insert>
	<insert id="insertCustomFieldsTrackers" parameterType="java.util.HashMap">
		 INSERT INTO "custom_fields_trackers" 
		 (
		 "custom_field_id", 
		 "tracker_id"
		 ) 
		VALUES(
			#{custom_field_id}, 
			#{tracker_id}
		)
	</insert>
	<insert id="inserWorkflowsAllroles" parameterType="java.util.HashMap">
		 INSERT INTO workflows (
		 	tracker_id, 
		 	role_id, 
		 	old_status_id, 
		 	new_status_id, 
		 	author, 
		 	assignee) 
		 SELECT #{new_tracker_id}, role_id, old_status_id, new_status_id, author, assignee 
		 FROM workflows 
		 WHERE tracker_id = #{bak_tracker_id} 
	</insert>
	<insert id="inserWorkflows" parameterType="java.util.HashMap">
		 INSERT INTO workflows (
		 	tracker_id, 
		 	role_id, 
		 	old_status_id, 
		 	new_status_id, 
		 	author, 
		 	assignee) 
		 SELECT #{new_tracker_id}, #{role_id}, old_status_id, new_status_id, author, assignee 
		 FROM workflows 
		 WHERE tracker_id = #{bak_tracker_id} 
		 	AND role_id = #{role_id}
	</insert>
	<delete id="deleteWorkflows" parameterType="java.util.HashMap">
		DELETE FROM "workflows" 
		WHERE ("workflows"."role_id" = #{role_id} AND "workflows"."tracker_id" = #{new_tracker_id} ) 
	</delete>
	<delete id="delWorkflows" parameterType="java.util.HashMap">
		DELETE FROM "workflows" WHERE ((tracker_id = #{tracker_id}))  
	</delete>
	<delete id="delProjectsTrackers" parameterType="java.util.HashMap">
		DELETE FROM "projects_trackers" 
		WHERE tracker_id = #{tracker_id} 
	</delete>
	<delete id="delCustomFieldsTrackers" parameterType="java.util.HashMap">
		DELETE FROM "custom_fields_trackers" 
		WHERE tracker_id = #{tracker_id} 
	</delete>
	<update id="updataTrackers" parameterType="java.util.HashMap">
		UPDATE "trackers" SET position = (position - 1) WHERE position > #{position_id}   
	</update>

</mapper>