<?xml version="1.0" encoding="UTF-8" ?>
<!DOCTYPE mapper PUBLIC "-//mybatis.org//DTD Mapper 3.0//EN" "http://mybatis.org/dtd/mybatis-3-mapper.dtd" >
<mapper namespace="newUsers">
	
	<insert id="insertProjectSettingMembers" parameterType="java.util.HashMap" useGeneratedKeys="true" keyProperty="id">
		INSERT INTO member_roles (
			member_id, 
			role_id,
			inherited_from
		) 
		VALUES(
			#{member_id}, 
			#{role_id}, 
			#{inherited_from}
		)
	</insert>
	<select id="selectProjectSettingMembers" resultType="java.util.Map" parameterType="java.util.Map">
		<![CDATA[
			SELECT users.type,members.id
			FROM "users" 
				INNER JOIN members ON members.user_id = users.id
			WHERE members.user_id = #{user_id} AND members.project_id = #{project_id}
		]]>
	</select>
		<select id="selectProjectMember" resultType="java.util.Map" parameterType="java.util.Map">
		<![CDATA[
			SELECT members.project_id,members.id,MAX(member_roles.id) AS member_roles_id,role_id
			FROM "users" 
				INNER JOIN members ON members.user_id = users.id
				LEFT JOIN member_roles ON member_roles.member_id = members.id
			WHERE members.user_id = #{group_id}
				AND members.project_id = #{project_id}
			GROUP BY members.project_id,members.id,role_id
		]]>
	</select>
	
	<select id="selectProjectMemberRoles" resultType="java.util.Map" parameterType="java.util.Map">
		<![CDATA[
			SELECT * FROM "member_roles"
			WHERE "member_roles".member_id = #{member_id} AND role_id = #{role_id}
		]]>
	</select>

	
	
	
	<select id="selectProjectSettingGroupUsers" resultType="java.util.Map" parameterType="java.util.Map">
		<![CDATA[
			SELECT groups_users.user_id 
			FROM "groups_users" 
			INNER JOIN users ON groups_users.user_id = users.id
			WHERE "groups_users".group_id = #{group_id}
		]]>
	</select>

	<select id="selectUserList" resultType="java.util.Map" parameterType="java.util.Map">
		<![CDATA[
			SELECT id,lastname || ' ' || firstname AS lastname 
			FROM "users" 
			WHERE (users.type='User' AND users.status = 1)  
			AND users.id NOT IN (SELECT user_id AS id FROM groups_users WHERE group_id = #{group_id})
			AND (LOWER(login) iLIKE '%${input_date}%' OR LOWER(firstname) iLIKE '%${input_date}%' OR LOWER(lastname) LIKE '%${input_date}%' OR LOWER(mail) LIKE '%${input_date}%')
			ORDER BY lastname ASC
		]]>
	</select>
	
	<insert id="insertProjectSettingUser" parameterType="java.util.HashMap" useGeneratedKeys="true" keyProperty="id">
		INSERT INTO members (
			created_on, 
			project_id,
			user_id,
			mail_notification
		) 
		VALUES(
			now(),
			#{project_id}, 
			#{user_id}, 
			false
		)
	</insert>
	
		<insert id="saveGroupNewUser" parameterType="java.util.HashMap">
		INSERT INTO groups_users (
			group_id, 
			user_id
		) 
		VALUES(
			#{group_id}, 
			#{user_id}
		)
	</insert>
		<select id="selectMember" resultType="java.util.Map" parameterType="java.util.Map">
		<![CDATA[
			SELECT members.project_id
			FROM members
			WHERE members.user_id = #{group_id}
		]]>
	</select>

</mapper>