<?xml version="1.0" encoding="UTF-8" ?>
<!DOCTYPE mapper PUBLIC "-//mybatis.org//DTD Mapper 3.0//EN" "http://mybatis.org/dtd/mybatis-3-mapper.dtd" >
<mapper namespace="projectNormalInsert">
	
	<select id="getGroupList" resultType="java.util.Map" parameterType="java.util.Map">
		<![CDATA[
			SELECT id,lastname FROM "users" WHERE ( ("users"."type" = 'Group' ) ) 
		]]>
	</select>
	<select id="getStatusList" resultType="java.util.Map" parameterType="java.util.Map">
		<![CDATA[
			SELECT count(*) AS count, status AS status FROM "users" WHERE ( ("users"."type" = 'User' OR "users"."type" = 'AnonymousUser' ) )  GROUP BY status  
		]]>
	</select>
	<select id="getUserList" resultType="java.util.Map" parameterType="java.util.Map">
		<![CDATA[
			SELECT 
				id,
				login,
				firstname,
				lastname,
				mail,
				status,
				CASE WHEN admin = false THEN ''
				ELSE '<img alt="Toggle_check" src="img/project/settings/toggle_check.png">' END AS admin,
				to_char(created_on,'YYYY-MM-DD HH24:MI') AS created_on,
				to_char(last_login_on,'YYYY-MM-DD HH24:MI') AS last_login_on 
			FROM users 
			WHERE (status = #{status} OR 0 = #{status}) 
				AND (LOWER(login) iLIKE '%${users_name}%' 
				OR LOWER(firstname) iLIKE '%${users_name}%'
				OR LOWER(lastname) iLIKE '%${users_name}%'
				OR LOWER(mail) iLIKE '%${users_name}%' )
				AND ( users.id IN (SELECT gu.user_id FROM groups_users gu WHERE gu.group_id = #{group_id} ) OR 0=#{group_id} ) 
				AND ( (users.type = 'User' OR users.type = 'AnonymousUser' ) )  
			ORDER BY login --LIMIT 100 OFFSET 0
		]]>
	</select>
	
	<update id="updateUsersLock" parameterType="java.util.HashMap">
		UPDATE "users" SET "status" = 3, "updated_on" = current_timestamp WHERE "id" = #{id}
	</update>
	<update id="updateMembers" parameterType="java.util.HashMap">
		UPDATE "members" SET mail_notification = 'f' WHERE user_id = #{id}
	</update>
	<update id="updateUsersUnlock" parameterType="java.util.HashMap">
		UPDATE "users" SET "status" = 1, "updated_on" = current_timestamp WHERE "id" = #{id}
	</update>
	
	<update id="updateNormalInsertUsersIssueCategories" parameterType="java.util.HashMap">
		UPDATE "issue_categories" SET assigned_to_id = NULL WHERE assigned_to_id = #{id}
	</update>
	<update id="updateNormalInsertUsersChangesets" parameterType="java.util.HashMap">
		UPDATE "changesets" SET user_id = NULL WHERE user_id = #{id}
	</update>
	<update id="updateNormalInsertUsersAttachments" parameterType="java.util.HashMap">
		UPDATE "attachments" SET author_id = 12 WHERE (author_id = #{id}) 
	</update>
	<update id="updateNormalInsertUsersComments" parameterType="java.util.HashMap">
		UPDATE "comments" SET author_id = 12 WHERE (author_id = #{id}) 
	</update>
	<update id="updateNormalInsertUsersIssuesAuthor" parameterType="java.util.HashMap">
		UPDATE "issues" SET author_id = 12 WHERE (author_id = #{id}) 
	</update>
	<update id="updateNormalInsertUsersIssuesAssigned" parameterType="java.util.HashMap">
		UPDATE "issues" SET assigned_to_id = NULL WHERE (assigned_to_id = #{id}) 
	</update>
	<update id="updateNormalInsertUsersJournals" parameterType="java.util.HashMap">
		UPDATE "journals" SET user_id = 12 WHERE (user_id = #{id}) 
	</update>
	<update id="updateNormalInsertUsersJournalDetailsOld" parameterType="java.util.HashMap">
		UPDATE "journal_details" SET old_value = '12' WHERE property = 'attr' AND prop_key = 'assigned_to_id' AND old_value = '${id}'
	</update>
	<update id="updateNormalInsertUsersJournalDetails" parameterType="java.util.HashMap">
		UPDATE "journal_details" SET value = '12' WHERE (property = 'attr' AND prop_key = 'assigned_to_id' AND value = '${id}') 
	</update>
	<update id="updateNormalInsertUsersMessages" parameterType="java.util.HashMap">
		UPDATE "messages" SET author_id = 12 WHERE (author_id = #{id}) 
	</update>
	<update id="updateNormalInsertUsersNews" parameterType="java.util.HashMap">
		UPDATE "news" SET author_id = 12 WHERE (author_id = #{id}) 
	</update>
	<update id="updateNormalInsertUsersQueries" parameterType="java.util.HashMap">
		UPDATE "queries" SET user_id = 12 WHERE (user_id = #{id}) 
	</update>
	<update id="updateNormalInsertUsersTimeEntries" parameterType="java.util.HashMap">
		UPDATE "time_entries" SET user_id = 12 WHERE (user_id = #{id}) 
	</update>
	<update id="updateNormalInsertUsersWikiContents" parameterType="java.util.HashMap">
		UPDATE "wiki_contents" SET author_id = 12 WHERE (author_id = #{id}) 
	</update>
	<update id="updateNormalInsertUsersWikiContentVersions" parameterType="java.util.HashMap">
		UPDATE "wiki_content_versions" SET author_id = 12 WHERE (author_id = #{id}) 
	</update>
	
	<delete id="deleteNormalInsertUserPreferences" parameterType="java.util.HashMap">
		DELETE FROM "user_preferences" WHERE "id" in (SELECT id FROM "user_preferences" WHERE ("user_preferences".user_id = #{id})  LIMIT 1)
	</delete>
	<delete id="deleteNormalInsertCustomValues" parameterType="java.util.HashMap">
		DELETE FROM "custom_values" WHERE ((customized_id = #{id}) AND (customized_type = 'User')) 
	</delete>
	<delete id="deleteNormalInsertQueries" parameterType="java.util.HashMap">
		DELETE FROM "queries" WHERE (user_id = #{id} AND is_public = 'f') 
	</delete>
	<delete id="deleteNormalInsertTokens" parameterType="java.util.HashMap">
		DELETE FROM "tokens" WHERE (user_id = #{id}) 
	</delete>
	<delete id="deleteNormalInsertWatchers" parameterType="java.util.HashMap">
		DELETE FROM "watchers" WHERE (user_id = #{id}) 
	</delete>
	<delete id="deleteNormalInsertUsers" parameterType="java.util.HashMap">
		DELETE FROM "users" WHERE "id" = #{id}
	</delete>

</mapper>