<?xml version="1.0" encoding="UTF-8" ?>
<!DOCTYPE mapper PUBLIC "-//mybatis.org//DTD Mapper 3.0//EN" "http://mybatis.org/dtd/mybatis-3-mapper.dtd" >
<mapper namespace="prjectSetting">
	<select id="getProjectSettingList" resultType="java.util.Map" parameterType="java.util.Map">
		<![CDATA[
			SELECT distinct
				users.id,	
				members.name,
				type,
				CASE WHEN type = 'Group' THEN '<img alt="group" src="img/project/settings/group.png">' || lastname
				ELSE lastname || ' ' || firstname END AS user_name,
				members.inherited_from,
				'' AS btn
			FROM (SELECT 
					members.user_id,
					members.project_id,
					CASE WHEN users.type = 'Group' THEN SUM(member_roles.id) ELSE SUM(inherited_from) END AS inherited_from,
					ARRAY_TO_STRING(ARRAY_AGG(distinct name),', ') AS name
				FROM "members"  
					LEFT OUTER JOIN (SELECT * FROM member_roles ORDER BY role_id desc) member_roles ON ("members"."id" = "member_roles"."member_id")  
					LEFT OUTER JOIN "roles" ON ("roles"."id" = "member_roles"."role_id")  
					LEFT OUTER JOIN "users" ON "users".id = "members".user_id 
				WHERE "members".project_id = #{project_id}
					AND (users.type='Group' OR (users.type='User' AND users.status=1))
				GROUP BY members.user_id,members.project_id,users.type)members
			    INNER JOIN "users" ON "users".id = "members".user_id 
			ORDER BY type,members.inherited_from,user_name
		]]>
	</select>
	<select id="getProjectSettingGroupList" resultType="java.util.Map" parameterType="java.util.Map">
		<![CDATA[
			SELECT id,lastname || ' ' || firstname AS lastname 
			FROM "users" 
			WHERE (users.type='Group' OR (users.type='User' AND users.status = 1))  
			AND users.id NOT IN (SELECT user_id AS id FROM members WHERE project_id = #{project_id})
			ORDER BY type, login, lastname ASC
			LIMIT 100
		]]>
	</select>
	<select id="getProjectSettingRoleList" resultType="java.util.Map" parameterType="java.util.Map">
		<![CDATA[
			SELECT roles.id,roles.name,CASE WHEN roles2.id IS NULL THEN FALSE ELSE TRUE END AS flg,CASE WHEN roles2.inherited_from IS NULL THEN FALSE ELSE TRUE END AS inherited
			FROM "roles" 
			LEFT JOIN (
				SELECT roles.id,member_roles.inherited_from
				FROM "roles" 
				INNER JOIN "member_roles" ON ("roles"."id" = "member_roles"."role_id")
				INNER JOIN "members" ON ("members"."id" = "member_roles"."member_id") AND members.user_id = #{user_id} AND members.project_id = #{project_id}
				WHERE ("roles"."builtin" = 0) 
				GROUP BY roles.id,roles.name,member_roles.inherited_from
			)roles2 ON roles2.id = roles.id
			WHERE ("roles"."builtin" = 0)
			ORDER BY position
		]]>
	</select>
	<select id="getProjectSettingSelectList" resultType="java.util.Map" parameterType="java.util.Map">
		<![CDATA[
			SELECT id,lastname || ' ' || firstname AS lastname
			FROM "users" 
			WHERE ((LOWER(login) iLIKE '%${input_date}%' OR LOWER(firstname) iLIKE '%${input_date}%' OR LOWER(lastname) iLIKE '%${input_date}%' OR LOWER(mail) iLIKE '%${input_date}%') 
			AND (users.type='Group' OR (users.type='User' AND users.status = 1)))  
			AND users.id NOT IN (SELECT user_id AS id FROM members WHERE project_id = #{project_id})
			ORDER BY type, login, lastname, firstname, mail 
			LIMIT 100
		]]>
	</select>
	<select id="selectProjectSettingMembers" resultType="java.util.Map" parameterType="java.util.Map">
		<![CDATA[
			SELECT users.type,members.id
			FROM "users" 
				INNER JOIN members ON members.user_id = users.id
			WHERE members.user_id = #{user_id} AND members.project_id = #{project_id}
		]]>
	</select>
	<delete id="deleteProjectSettingMemberUsers" parameterType="java.util.Map">
		<![CDATA[
			DELETE FROM "member_roles"
			WHERE "member_roles".member_id = #{member_id}
				AND member_roles.id NOT IN (SELECT id FROM "member_roles" WHERE "member_roles".member_id = #{member_id} AND inherited_from IS NOT NULL)
		]]>
	</delete>
	<delete id="deleteProjectSettingMemberGroupUsers1" parameterType="java.util.Map">
		<![CDATA[
			DELETE FROM "member_roles"
			WHERE member_id IN (SELECT id FROM members WHERE project_id = #{project_id} AND user_id = #{user_id})
		]]>
	</delete>
	<delete id="deleteProjectSettingMemberGroup1" parameterType="java.util.Map">
		<![CDATA[
			DELETE FROM "members"
			WHERE project_id = #{project_id} AND user_id = #{user_id}
		]]>
	</delete>
	<delete id="deleteProjectSettingMemberGroupUsers" parameterType="java.util.Map">
		<![CDATA[
			DELETE FROM "member_roles"
			WHERE "member_roles".member_id = #{member_id} AND inherited_from IS NOT NULL
		]]>
	</delete>
	<delete id="deleteProjectSettingMemberUsersAll" parameterType="java.util.Map">
		<![CDATA[
			DELETE FROM "member_roles"
			WHERE "member_roles".member_id = #{member_id}
		]]>
	</delete>
	<delete id="deleteProjectSettingMemberUsersflg" parameterType="java.util.Map">
		<![CDATA[
			DELETE FROM "member_roles"
			WHERE "member_roles".member_id = #{member_id} AND inherited_from IS NOT NULL
		]]>
	</delete>
	<delete id="deleteProjectSettingUser" parameterType="java.util.Map">
		<![CDATA[
			DELETE FROM "members"
			WHERE "members".id = #{member_id}
		]]>
	</delete>

	<select id="selectProjectSettingGroupUsers" resultType="java.util.Map" parameterType="java.util.Map">
		<![CDATA[
			SELECT groups_users.user_id 
			FROM "groups_users" 
			INNER JOIN users ON groups_users.user_id = users.id
			WHERE "groups_users".group_id = #{group_id}
		]]>
	</select>
		<select id="selectProjectSettingNewGroupUsers" resultType="java.util.Map" parameterType="java.util.Map">
		<![CDATA[
			SELECT groups_users.user_id 
			FROM "groups_users" 
			INNER JOIN users ON groups_users.user_id = users.id
			WHERE "groups_users".group_id = #{group_id}
		]]>
	</select>
	<select id="selectProjectSettingMemberUsers" resultType="java.util.Map" parameterType="java.util.Map">
		<![CDATA[
			SELECT * FROM "member_roles"
			WHERE "member_roles".member_id = #{member_id} --AND inherited_from IS NOT NULL
		]]>
	</select>
	<select id="selectProjectSettingNotMemberUsers" resultType="java.util.Map" parameterType="java.util.Map">
		<![CDATA[
			SELECT member_roles.id FROM "member_roles"
			WHERE "member_roles".member_id = #{member_id} AND inherited_from IS NOT NULL
		]]>
	</select>
	<select id="selectProjectSettingUsers" resultType="java.util.Map" parameterType="java.util.Map">
		<![CDATA[
			SELECT * FROM "member_roles"
			WHERE "member_roles".member_id = #{member_id} AND role_id = #{role_id}
		]]>
	</select>
	<select id="selectProjectSettingMemberInfo" resultType="java.util.Map" parameterType="java.util.Map">
		<![CDATA[
			SELECT * FROM "member_roles"
			WHERE "member_roles".member_id = #{member_id} AND inherited_from IS NULL
		]]>
	</select>
	
	<insert id="insertProjectSettingMembers" parameterType="java.util.HashMap" useGeneratedKeys="true" keyProperty="id">
		INSERT INTO member_roles (
			member_id, 
			role_id,
			inherited_from
		) 
		VALUES(
			#{member_id}, 
			#{role_id}, 
			#{inherited_from}
		)
	</insert>
	<select id="selectProjectSettingMembersUser" resultType="java.util.Map" parameterType="java.util.Map">
		<![CDATA[
			SELECT users.type
			FROM "users" 
			WHERE users.id = #{user_id}
		]]>
	</select>
	<insert id="insertProjectSettingUser" parameterType="java.util.HashMap" useGeneratedKeys="true" keyProperty="id">
		INSERT INTO members (
			created_on, 
			project_id,
			user_id,
			mail_notification
		) 
		VALUES(
			now(),
			#{project_id}, 
			#{user_id}, 
			false
		)
	</insert>

</mapper>