<?xml version="1.0" encoding="UTF-8" ?>
<!DOCTYPE mapper PUBLIC "-//mybatis.org//DTD Mapper 3.0//EN" "http://mybatis.org/dtd/mybatis-3-mapper.dtd" >
<mapper namespace="prjectlist">
	
	<select id="getProjectList" resultType="java.util.Map" parameterType="java.util.Map">
		<![CDATA[
			SELECT projects.*, 
				CASE WHEN projects.parent_id is null THEN '0' ELSE '1' END AS parent_flg,
				CASE WHEN projects.parent_id is not null AND p2.status = 9 THEN '0' ELSE '1' END AS sub_flg,
				CASE WHEN projects.is_public = false THEN '' ELSE '<img alt="Toggle_check" src="img/project/settings/toggle_check.png">' END AS public,
				to_char(projects.created_on, 'YYYY-MM-DD') AS created_on_date 
			FROM "projects" 
			LEFT JOIN projects AS p2 ON projects.parent_id = P2.id
			WHERE ('1' = #{status} AND projects.status = 1 OR '0' = #{status} and projects.status <> 0) AND (LOWER(projects.identifier) iLIKE '%${user_name}%' OR LOWER(projects.name) iLIKE '%${user_name}%')
			ORDER BY projects.lft
		]]>
	</select>
	
	
	<select id="getProjectInfo" resultType="java.util.Map" parameterType="java.util.Map">
		<![CDATA[
		SELECT
			lft,
			rgt,
			parent_id
		FROM 
			projects
		WHERE 
			id = #{id}
		LIMIT 1
  		]]>
	</select>
	
	<update id="updateProjectSave" parameterType="java.util.Map">
		<![CDATA[
			UPDATE projects SET status = #{status}, updated_on = current_timestamp WHERE id = #{id} 
		]]>
	</update>
	
	<update id="upProjectLft" parameterType="java.util.Map">
		<![CDATA[
			UPDATE projects 
			SET lft = lft - #{lft_all},
			rgt = rgt - #{lft_all} 
			WHERE lft > #{lft} 
		]]>
	</update>
	
	<select id="selectProjectIdList" resultType="java.util.Map" parameterType="java.util.Map">
		<![CDATA[
			SELECT id FROM projects WHERE id = #{id} OR parent_id = #{id} ORDER BY parent_id
		]]>
	</select>
	
	<delete id="deleteProjectIssuesJournalDetails" parameterType="java.util.HashMap">
		DELETE FROM "journal_details" WHERE journal_id IN (
			SELECT id 
			FROM "journals" 
			WHERE ("journals".journalized_id IN 
				(SELECT id 
				FROM "issues" 
				WHERE project_id = #{id}  
				ORDER BY issues.created_on DESC) 
				AND "journals".journalized_type = 'Issue') 
		)
	</delete>
	<delete id="deleteProjectIssuesJournals" parameterType="java.util.HashMap">
		DELETE FROM "journals" WHERE "id" IN (
			SELECT id 
			FROM "journals" 
			WHERE ("journals".journalized_id IN 
				(SELECT id 
				FROM "issues" 
				WHERE project_id = #{id}  
				ORDER BY issues.created_on DESC) 
				AND "journals".journalized_type = 'Issue') 
		)
	</delete>
	<delete id="deleteProjectIssuesIssueRelations" parameterType="java.util.HashMap">
		DELETE FROM "issue_relations" 
		WHERE issue_from_id IN (
			SELECT id 
			FROM "issues" 
			WHERE project_id = #{id}  
			ORDER BY issues.created_on DESC
		) OR issue_to_id  IN (
			SELECT id 
			FROM "issues" 
			WHERE project_id = #{id}  
			ORDER BY issues.created_on DESC)
	</delete>
	<delete id="deleteProjectIssuesCustomValues" parameterType="java.util.HashMap">
		DELETE FROM "custom_values" WHERE (customized_id IN (
			SELECT id 
			FROM "issues" 
			WHERE project_id = #{id}  
			ORDER BY issues.created_on DESC)) 
			AND (customized_type = 'Issue')
	</delete>
	<delete id="deleteProjectIssuesWatchers" parameterType="java.util.HashMap">
		DELETE FROM "watchers" WHERE (watchable_id IN (
			SELECT id 
			FROM "issues" 
			WHERE project_id = #{id}  
			ORDER BY issues.created_on DESC
		)) AND (watchable_type = 'Issue')
	</delete>
	<delete id="deleteProjectIssuesAttachments" parameterType="java.util.HashMap">
		DELETE FROM "attachments" WHERE (container_id IN (
			SELECT id 
			FROM "issues" 
			WHERE project_id = #{id}  
			ORDER BY issues.created_on DESC
		)) AND (container_type = 'Issue')
	</delete>
	<delete id="deleteProjectIssuesUserIssueMonths" parameterType="java.util.HashMap">
		DELETE FROM "user_issue_months" WHERE issue IN (
			SELECT id 
			FROM "issues" 
			WHERE project_id = #{id}  
			ORDER BY issues.created_on DESC
		)
	</delete>
	<delete id="deleteProjectIssues" parameterType="java.util.HashMap">
		DELETE FROM "issues" WHERE project_id = #{id}
	</delete>
	
	
	<select id="selectProjectWikis" resultType="java.util.Map" parameterType="java.util.Map">
		<![CDATA[
			SELECT * FROM wikis WHERE (wikis.project_id = #{id})  LIMIT 1
		]]>
	</select>
	<delete id="deleteProjectWikiRedirects" parameterType="java.util.HashMap">
		DELETE FROM wiki_redirects WHERE wiki_id = #{wiki_id} 
	</delete>	
	<delete id="deleteProjectWatchers" parameterType="java.util.HashMap">
		DELETE FROM watchers WHERE (watchable_id = #{wiki_id}) AND (watchable_type = 'Wiki') 
	</delete>	
	<delete id="deleteProjectWikiAttachments" parameterType="java.util.HashMap">
		DELETE FROM wikis WHERE id = #{wiki_id} 
	</delete>
	<delete id="deleteProjectWikiPages" parameterType="java.util.HashMap">
		DELETE FROM wiki_pages WHERE wiki_id = #{wiki_id} 
	</delete>
	<delete id="deleteProjectWikiContents" parameterType="java.util.HashMap">
		DELETE FROM wiki_contents WHERE page_id IN (SELECT id FROM wiki_pages WHERE wiki_id = #{wiki_id}) 
	</delete>
	<delete id="deleteProjectWikis" parameterType="java.util.HashMap">
		DELETE FROM attachments WHERE container_id = #{wiki_id} AND container_type = 'WikiPage'
	</delete>	
	
	
	<delete id="deleteProjectChanges" parameterType="java.util.HashMap">
		DELETE FROM changes WHERE changeset_id IN 
			(SELECT id 
			FROM changesets 
			WHERE repository_id IN 
				(SELECT id 
				FROM repositories 
				WHERE project_id = #{id}))
	</delete>
	<delete id="deleteProjectChangesetsIssues" parameterType="java.util.HashMap">
		DELETE FROM changesets_issues WHERE changeset_id IN 
			(SELECT id 
			FROM changesets 
			WHERE repository_id IN 
				(SELECT id 
				FROM repositories 
				WHERE project_id = #{id}))
	</delete>
	<delete id="deleteProjectChangesets" parameterType="java.util.HashMap">
		DELETE FROM changesets WHERE repository_id IN (SELECT id FROM repositories WHERE project_id = #{id})
	</delete>
	<delete id="deleteProjectRepositories" parameterType="java.util.HashMap">
		DELETE FROM repositories WHERE project_id = #{id}
	</delete>
	
	
	<delete id="deleteProjectWtMemberOrders" parameterType="java.util.HashMap">
		DELETE FROM wt_member_orders WHERE prj_id = #{id} 
	</delete>
	<delete id="deleteProjectGraphPatterns" parameterType="java.util.HashMap">
		DELETE FROM graph_patterns WHERE project_id = #{id} 
	</delete>
	<delete id="deleteProjectDashboards" parameterType="java.util.HashMap">
		DELETE FROM dashboards WHERE project_id = #{id} 
	</delete>
	<delete id="deleteProjectMetricsLinks" parameterType="java.util.HashMap">
		DELETE FROM metrics_links WHERE project_id = #{id} 
	</delete>
	<delete id="deleteProjectBoards" parameterType="java.util.HashMap">
		DELETE FROM boards WHERE project_id = #{id} 
	</delete>
	<delete id="deleteProjectNews" parameterType="java.util.HashMap">
		DELETE FROM news WHERE project_id = #{id} 
	</delete>
	<delete id="deleteProjectDocuments" parameterType="java.util.HashMap">
		DELETE FROM documents WHERE project_id = #{id} 
	</delete>
	<delete id="deleteProjectVersions" parameterType="java.util.HashMap">
		DELETE FROM versions WHERE project_id = #{id} 
	</delete>
	<delete id="deleteProjectEnabledModules" parameterType="java.util.HashMap">
		DELETE FROM enabled_modules WHERE project_id = #{id} 
	</delete>
	<delete id="deleteProjectTimeEntries" parameterType="java.util.HashMap">
		DELETE FROM time_entries WHERE project_id = #{id}  
	</delete>
	<delete id="deleteProjectQueries" parameterType="java.util.HashMap">
		DELETE FROM queries WHERE project_id = #{id} 
	</delete>
	<delete id="deleteProjectIssueCategories" parameterType="java.util.HashMap">
		DELETE FROM issue_categories WHERE project_id = #{id}  
	</delete>
	<delete id="deleteProjectCustomValues" parameterType="java.util.HashMap">
		DELETE FROM custom_values WHERE (customized_id = #{id}) AND (customized_type = 'Project') 
	</delete>
	<delete id="deleteProjectMemberRoles" parameterType="java.util.HashMap">
		DELETE FROM member_roles WHERE member_roles.member_id IN (SELECT members.id FROM members WHERE members.project_id = #{id}) 
	</delete>
	<delete id="deleteProjectMembers" parameterType="java.util.HashMap">
		DELETE FROM members WHERE project_id = #{id} 
	</delete>
	<delete id="deleteProjectCustomFieldsProjects" parameterType="java.util.HashMap">
		DELETE FROM custom_fields_projects WHERE project_id = #{id} AND custom_field_id IN (
			SELECT id 
			FROM custom_fields  
			INNER JOIN custom_fields_projects ON custom_fields.id = custom_fields_projects.custom_field_id 
			WHERE (custom_fields_projects.project_id = #{id} ) AND ( (custom_fields.type = 'IssueCustomField' ) )  
			ORDER BY custom_fields.position
		) 
	</delete>
	<delete id="deleteProjectProjectsTrackers" parameterType="java.util.HashMap">
		DELETE FROM projects_trackers WHERE project_id = #{id} AND tracker_id IN (
			SELECT id 
			FROM trackers  
			INNER JOIN projects_trackers ON trackers.id = projects_trackers.tracker_id 
			WHERE (projects_trackers.project_id = #{id} )  
			ORDER BY trackers.position
		) 
	</delete>
	<delete id="deleteProjectAttachments" parameterType="java.util.HashMap">
		DELETE FROM attachments WHERE container_id = #{id} AND container_type='Project'
	</delete>
	<delete id="deleteProjectProjects" parameterType="java.util.HashMap">
		DELETE FROM projects WHERE id = #{id} 
	</delete>
	<delete id="deleteProjectRelation" parameterType="java.util.HashMap">
		DELETE FROM project_relation WHERE project_parent_id = #{id} 
	</delete>
</mapper>