<?xml version="1.0" encoding="UTF-8" ?>
<!DOCTYPE mapper PUBLIC "-//mybatis.org//DTD Mapper 3.0//EN" "http://mybatis.org/dtd/mybatis-3-mapper.dtd" >
<mapper namespace="projectRepository">

	<select id="getRepositoryInfo" resultType="java.util.Map" parameterType="java.util.Map">
		<![CDATA[
			SELECT 
			    mss.*,
			    mss.file_path || '/' || mss.file_name AS path
			FROM (
				SELECT DISTINCT project_id, repository, ticket_id, revision, file_name, 
					file_type, file_path, change_date, file_size, source_lines, source_lines2, 
					increase_source_lines, increase_source_lines2, add_source_lines, 
					add_source_lines2, change_source_lines, change_source_lines2, 
					delete_source_lines, delete_source_lines2, change_user_id, change_user
				FROM monitoring_source_scale
				) mss
			    INNER JOIN (
			        SELECT file_path, file_name, MAX(change_date) AS change_date
			        FROM (
						SELECT DISTINCT project_id, repository, ticket_id, revision, file_name, 
							file_type, file_path, change_date, file_size, source_lines, source_lines2, 
							increase_source_lines, increase_source_lines2, add_source_lines, 
							add_source_lines2, change_source_lines, change_source_lines2, 
							delete_source_lines, delete_source_lines2, change_user_id, change_user
						FROM monitoring_source_scale
						)monitoring_source_scale
			        WHERE project_id = #{project_id}
			        GROUP BY file_path, file_name
			    )mss1 ON mss.file_path = mss1.file_path 
			    AND mss.file_name = mss1.file_name
			    AND mss.change_date = mss1.change_date
			ORDER BY mss.file_name
		]]>
	</select>
	<select id="getProjectRepositoryInfo" resultType="java.util.Map" parameterType="java.util.Map">
		<![CDATA[
			SELECT * 
			FROM "repositories"  
			WHERE project_id = #{project_id}
		]]>
	</select>
	<select id="getChangesetsInfo" resultType="java.util.Map" parameterType="java.util.Map">
		<![CDATA[
			SELECT MAX(revision) AS revision
			FROM "changesets"  
			WHERE repository_id = #{repository_id}
		]]>
	</select>
	<select id="getUserId" resultType="java.util.Map" parameterType="java.util.Map">
		<![CDATA[
			SELECT id
			FROM users
			WHERE login = #{login}
		]]>
	</select>
	
	<select id="getRepositorieInfos" resultType="java.util.Map" parameterType="java.util.Map">
		<![CDATA[
			SELECT last_scmid
			FROM repositorie_infos
			WHERE repository_id = #{repository_id}
				AND type = #{type}
				AND url = #{url}
		]]>
	</select>
	<update id="updateRepositorieInfos" parameterType="java.util.HashMap">
		UPDATE 
			"repositorie_infos" 
		SET last_scmid = #{last_scmid},
			updated_on = now()
		WHERE repository_id = #{repository_id}
			AND type = #{type}
			AND url = #{url}
	</update>
	
<!-- 	<delete id="delWorkflowRoleTrackerInfo" parameterType="java.util.HashMap">
		<![CDATA[
			DELETE FROM "workflows" 
			WHERE ("workflows"."role_id" = #{target_role_ids} AND "workflows"."tracker_id" = #{target_tracker_ids}) 
		]]>
	</delete> -->

	<insert id="insertRepositorieInfos" parameterType="java.util.HashMap" useGeneratedKeys="true" keyProperty="id">
		<![CDATA[
			INSERT INTO repositorie_infos(
			            repository_id, type, url, last_scmid, created_on, 
			            updated_on)
		    VALUES (#{repository_id}, 
		    		#{type},
		    		#{url},
		    		#{last_scmid},
		    		now(),
		    		now());
		]]>
	</insert>
	
	<insert id="insertChangesetsInfo" parameterType="java.util.HashMap" useGeneratedKeys="true" keyProperty="id">
		<![CDATA[
			INSERT INTO changesets(
			            repository_id, revision, committer, committed_on, comments, 
			            commit_date, scmid, user_id)
		    VALUES (#{repository_id}, 
		    		#{revision},
		    		#{committer},
		    		#{committed_on},
		    		#{comments},
		    		#{commit_date},
		    		#{scmid},
		    		#{user_id});
		]]>
	</insert>

	<insert id="insertChangesInfo" parameterType="java.util.HashMap" useGeneratedKeys="true" keyProperty="id">
		<![CDATA[
			INSERT INTO changes(
			            changeset_id, "action", path, from_path, from_revision, revision, 
			            branch)
		    VALUES (#{changeset_id}, 
		    		#{action},
		    		#{path},
		    		#{from_path},
		    		#{from_revision},
		    		#{revision},
		    		#{branch});
		]]>
	</insert>
	
</mapper>