<?xml version="1.0" encoding="UTF-8" ?>
<!DOCTYPE mapper PUBLIC "-//mybatis.org//DTD Mapper 3.0//EN" "http://mybatis.org/dtd/mybatis-3-mapper.dtd" >
<mapper namespace="projectVersion">
	<select id="getLftRgtInfoList" resultType="java.util.Map" parameterType="java.util.Map">
		<![CDATA[
			SELECT 
			    p1.lft AS project_lft,
			    p1.rgt AS project_rgt,
			    p2.lft AS parent_lft,
			    p2.rgt AS parent_rgt
			FROM projects p1
			LEFT JOIN projects p2 
			    ON p1.parent_id = p2.id
			WHERE p1.id = #{project_id}
		]]>
	</select>
	<select id="getVersionList" resultType="java.util.Map" parameterType="java.util.Map">
		<![CDATA[
			SELECT 
			    versions.name AS version_name,
			    versions.id AS id,
			    versions.description AS version_description,
			    to_char(effective_date,'YYYY-MM-DD') AS version_effective_date,
			    wiki_page_title AS version_wiki_page_title,
			    CASE WHEN versions.status = 'open' THEN '進行中'
			         WHEN versions.status = 'locked' THEN 'ロック中'
			         ELSE '終了' END AS version_status,
			    CASE WHEN sharing = 'none' THEN '共有しない'
			         WHEN sharing = 'descendants' THEN 'サブプロジェクト単位'
			         WHEN sharing = 'hierarchy' THEN 'プロジェクト階層単位'
			         WHEN sharing = 'tree' THEN 'プロジェクトツリー単位'
			         WHEN sharing = 'system' THEN 'すべてのプロジェクト'
			         ELSE '終了' END AS version_sharing,
			         '' AS btn
			FROM "versions"  
			LEFT OUTER JOIN "projects" 
			    ON "projects".id = "versions".project_id 
			WHERE projects.id = #{project_id} OR 
			    (projects.status = 1 AND 
			        (versions.sharing = 'system' OR 
			            (projects.lft >= #{parent_lft} AND projects.rgt <= #{parent_rgt} AND versions.sharing = 'tree') 
			            OR (projects.lft < #{project_lft} AND projects.rgt > #{project_rgt} AND versions.sharing IN ('hierarchy', 'descendants')) 
			            OR (projects.lft > #{project_lft} AND projects.rgt < #{project_rgt} AND versions.sharing = 'hierarchy')
			        )
			    )
		]]>
	</select>
	<select id="getIssuesByVersionId" resultType="java.lang.Integer" parameterType="java.util.Map">
			SELECT 
				count(issues.id)
			FROM
				versions
			INNER JOIN issues
				on versions.id = issues.fixed_version_id
			WHERE versions.id = #{id}
		
	</select>
	<select id="getProjectEditVersionList" resultType="java.util.Map" parameterType="java.util.Map">
		<![CDATA[
			SELECT 
				versions.name,
				versions.description,
				versions.status,
				versions.wiki_page_title,
				to_char(versions.effective_date,'YYYY-MM-DD') AS effective_date,
				versions.sharing,
				cv658.value AS value658,
				cv659.value AS value659,
				cv660.value AS value660
			FROM versions
			LEFT JOIN custom_values cv658 ON versions.id = cv658.customized_id 
			         AND cv658.custom_field_id = 658 AND cv658.customized_type = 'Version'
			LEFT JOIN custom_values cv659 ON versions.id = cv659.customized_id 
			         AND cv659.custom_field_id = 659 AND cv659.customized_type = 'Version'
			LEFT JOIN custom_values cv660 ON versions.id = cv660.customized_id 
			         AND cv660.custom_field_id = 660 AND cv660.customized_type = 'Version'
			WHERE versions.id = #{id}
		]]>
	</select>
	
	<select id="getVersionsName" resultType="java.lang.Integer" parameterType="java.util.Map">
		<![CDATA[
			SELECT count(*)
			FROM "versions"
			WHERE name = #{name}
			AND id <> #{id}
		]]>
	</select>
		
	<insert id="insertVersions" parameterType="java.util.HashMap" useGeneratedKeys="true" keyProperty="id">
		INSERT INTO versions (
			project_id, 
			name,
			description,
			effective_date,
			created_on,
			updated_on,
			wiki_page_title,
			status,
			sharing,
			sprint_start_date
		) 
		VALUES(
			#{project_id}, 
			#{name}, 
			#{description}, 
			#{effective_date}, 
			now(), 
			now(), 
			#{wiki_page_title}, 
			#{status}, 
			#{sharing}, 
			#{sprint_start_date}
		)
	</insert>
	
	<update id="updateVersions" parameterType="java.util.HashMap">
		UPDATE "versions" 
		SET name = #{name}, 
			description = #{description}, 
			effective_date = #{effective_date}, 
			updated_on = now(), 
			wiki_page_title = #{wiki_page_title}, 
			status = #{status}, 
			sharing = #{sharing}, 
			sprint_start_date = #{sprint_start_date}
		WHERE id = #{id}
	</update>
	
	<delete id="deleteVersions" parameterType="java.util.Map">
		<![CDATA[
			DELETE FROM "versions"
			WHERE id = #{id}
		]]>
	</delete>
	
	<insert id="insertCustomValues" parameterType="java.util.HashMap">
		INSERT INTO custom_values (
			customized_type, 
			customized_id, 
			custom_field_id, 
			value
		) 
		VALUES(
			'Version', 
			#{customized_id}, 
			#{custom_field_id}, 
			#{value}
		)
	</insert>
	
	<update id="updateCustomValues" parameterType="java.util.HashMap">
		UPDATE custom_values
		SET value = #{value}
		WHERE custom_field_id = #{custom_field_id} AND
		customized_id = #{customized_id} AND
		customized_type = 'Version'
	</update>
	
	<delete id="deleteCustomValues" parameterType="java.util.Map">
		<![CDATA[
			DELETE FROM "custom_values"
			WHERE custom_field_id = #{custom_field_id} AND
			customized_id = #{customized_id} AND
			customized_type = 'Version'
		]]>
	</delete>
</mapper>