<?xml version="1.0" encoding="UTF-8" ?>
<!DOCTYPE mapper PUBLIC "-//mybatis.org//DTD Mapper 3.0//EN" "http://mybatis.org/dtd/mybatis-3-mapper.dtd" >
<mapper namespace="repository">
	<select id="getRepositoriesList" resultType="java.util.Map" parameterType="java.util.Map">
		<![CDATA[
			SELECT 
			*,
			CASE WHEN is_default = false THEN '' 
				ELSE '<img alt="Toggle_check" src="img/project/settings/toggle_check.png">' END AS is_default_btn,
			'<a id="' || id || '" href="#" class="icon edit">編集</a><a id="del-' || id || '" href="#" class="icon del">削除</a>' AS btn
			FROM "repositories" 
			WHERE ("repositories".project_id = #{project_id}) 
		]]>
	</select>
	<select id="editRepositorie" resultType="java.util.Map" parameterType="java.util.Map">
		<![CDATA[
			SELECT *
			FROM "repositories" 
			WHERE ("repositories".id = #{repository_id}) 
		]]>
	</select>
	<insert id="saveRepositorie" parameterType="java.util.HashMap">
		INSERT INTO repositories(
            project_id,
            url, 
            "login", 
            "password", 
            root_url, 
            "type", 
            path_encoding, 
            log_encoding, 
            extra_info, 
            identifier, 
            is_default)
		VALUES(
			#{project_id},
			#{url},
			#{login},
			#{password},
			#{root_url},
			#{type},
			#{path_encoding},
			#{log_encoding},
			#{extra_info},
			#{identifier}, 
			#{is_default}
		)
	</insert>
	<delete id="deleteRepositorie" parameterType="java.util.Map">
		<![CDATA[
			DELETE FROM "repositories"
			WHERE id = #{repository_id}
		]]>
	</delete>
	<update id="updateRepositorie" parameterType="java.util.Map">
		<![CDATA[
			update "repositories"
			set url = #{url},
            "login" = #{login} , 
            "password" = #{password}, 
            root_url = #{root_url}, 
            "type" = #{type}, 
            path_encoding = #{path_encoding}, 
            log_encoding = #{log_encoding}, 
            extra_info = #{extra_info}, 
            identifier = #{identifier}, 
            is_default = #{is_default}
			WHERE id = #{id}
		]]>
	</update>
	
</mapper>