<?xml version="1.0" encoding="UTF-8" ?>
<!DOCTYPE mapper PUBLIC "-//mybatis.org//DTD Mapper 3.0//EN" "http://mybatis.org/dtd/mybatis-3-mapper.dtd" >
<mapper namespace="roleList">

	<select id="getRoleListInfo" resultType="java.util.Map" parameterType="java.util.Map">
			SELECT * ,
			'' AS btn
			FROM "roles" ro
			LEFT JOIN (
				SELECT id ,
				count(*)over() AS total_count,
				min(position)over() AS position_start,
				max(position)over() AS position_end
				FROM "roles"
				WHERE builtin = 0
			) ro1 on ro.id = ro1.id
			WHERE 1 = 1
			<if test="role_flg != null">
				AND builtin = 0
			</if>
			ORDER BY builtin, position 
	</select>
	<select id="getRoleSortIdInfo" resultType="java.util.Map" parameterType="java.util.Map">
		<![CDATA[
			SELECT *
			FROM "roles"  
			WHERE id = #{role_id} 
		]]>
	</select>
	<delete id="deleteRoleInfo" parameterType="java.util.HashMap">
		DELETE FROM "roles" WHERE "id" = #{role_id} 
	</delete>
	<delete id="deleteWorkflowsInfo" parameterType="java.util.HashMap">
		DELETE FROM "workflows" 
		WHERE role_id = #{role_id} 
	</delete>
	<update id="updateRoleInfo" parameterType="java.util.HashMap">
		UPDATE "roles" 
		SET position = (position - 1) 
		WHERE position > #{role_id}  
	</update>
	
	<update id="updateRoleListInfo" parameterType="java.util.HashMap">
		UPDATE "roles" 
		SET permissions = #{permissions}
		WHERE name = #{name}
	</update>
	
	<select id="getRolesBaseList" resultType="java.util.Map" parameterType="java.util.Map">
		<![CDATA[
			SELECT *
			FROM roles_base
			WHERE type_id IS NULL
			ORDER BY position
		]]>
	</select>
	<select id="getRolesBaseSubList" resultType="java.util.Map" parameterType="java.util.Map">
		<![CDATA[
				SELECT roles_base.id, roles_base.name,  roles_base.type_id, roles_base.value,
					-- ARRAY_AGG(r2.id || '@' || r2.name || '@' || CASE WHEN r2.permissions ilike '%:' || roles_base.value || '%' THEN 't' ELSE 'f' END)
					ARRAY_AGG(CASE WHEN r2.permissions ilike '%:' || roles_base.value || '%' THEN 't' ELSE 'f' END)
					AS value_id
				FROM roles_base
				, (
					SELECT id, permissions, name
					FROM roles
					ORDER BY builtin, position 
				)r2
				WHERE type_id IN (SELECT id
					FROM roles_base
					WHERE type_id IS NULL
					ORDER BY position
				) or roles_base.id IN (SELECT id
					FROM roles_base
					WHERE type_id IS NULL
					ORDER BY position
				)
				GROUP BY roles_base.id, roles_base.name,  roles_base.type_id, roles_base.value
				ORDER BY roles_base.id
		]]>
	</select>
	<select id="getRolesCheckFlg" resultType="java.util.Map" parameterType="java.util.Map">
		<![CDATA[
			select roles.*,r2.id AS value_id
			FROM roles
			LEFT JOIN (
				SELECT id
				FROM roles
				WHERE permissions ilike '%:${value}%'
			)r2 on roles.id = r2.id
			ORDER BY builtin, position 
		]]>
	</select>
	<update id="upCommonMSort" parameterType="java.util.HashMap">
		<![CDATA[
			UPDATE "roles" 
				SET position = (position - 1) 
			WHERE position <= #{end_pos} 
				AND position > #{start_pos}
				AND builtin = 0
		]]>
	</update>
	<update id="upCommonPSort" parameterType="java.util.HashMap">
		<![CDATA[
			UPDATE "roles" 
				SET position = (position + 1) 
			WHERE position < #{end_pos}
				AND position >= #{start_pos} 
				AND builtin = 0
		]]>
	</update>
	<update id="upCommonSort" parameterType="java.util.HashMap">
		UPDATE "roles" 
		SET position = #{end_pos}
		WHERE id = #{role_id} 
		AND builtin = 0
	</update>
	
	<update id="updatePosition" parameterType="java.util.HashMap">
		UPDATE "roles" rol
		SET "position" = sort1.row_number
		FROM
			(SELECT
				row_number()over(),position
			FROM(
				SELECT position
				FROM "roles"
				WHERE  builtin = 0
				ORDER BY position
			) sort ) sort1
		WHERE rol."position" = sort1."position"
		AND rol.builtin = 0
	</update>
	
</mapper>