<?xml version="1.0" encoding="UTF-8" ?>
<!DOCTYPE mapper PUBLIC "-//mybatis.org//DTD Mapper 3.0//EN" "http://mybatis.org/dtd/mybatis-3-mapper.dtd" >
<mapper namespace="roleReport">
	<select id="getRoleListInfo1" resultType="java.util.Map" parameterType="java.util.Map">
		<![CDATA[
			SELECT * ,
			'<a id="' || id || '" href="#" class="icon del">削除</a>' AS btn
			FROM "roles"  
			ORDER BY builtin, position 
		]]>
	</select>
	
	<select id="getRoleBaseListInfo" resultType="java.util.Map" parameterType="java.util.Map">
		<![CDATA[
			SELECT *
			FROM "roles_base"  
			ORDER BY position
		]]>
	</select>
	
	<select id="getRolesBaseSubList1" resultType="java.util.Map" parameterType="java.util.Map">
		<![CDATA[
				SELECT roles_base.id, roles_base.name,  roles_base.type_id, roles_base.value,
					-- ARRAY_AGG(r2.id || '@' || r2.name || '@' || CASE WHEN r2.permissions ilike '%:' || roles_base.value || '%' THEN 't' ELSE 'f' END)
					ARRAY_AGG(CASE WHEN r2.permissions ilike '%:' || roles_base.value || '%' THEN 't' ELSE 'f' END)
					AS value_id
				FROM roles_base
				, (
					SELECT id, permissions, name
					FROM roles
					ORDER BY builtin, position 
				)r2
				WHERE type_id IN (SELECT id
					FROM roles_base
					WHERE type_id IS NULL
					ORDER BY position
				) 
				GROUP BY roles_base.id, roles_base.name,  roles_base.type_id, roles_base.value
				ORDER BY roles_base.id
		]]>
	</select>
	
	<update id="updateRoleListInfo1" parameterType="java.util.HashMap">
		UPDATE "roles" 
		SET permissions = #{permissions}
		WHERE name = #{name}
	</update>
</mapper>