<?xml version="1.0" encoding="UTF-8" ?>
<!DOCTYPE mapper PUBLIC "-//mybatis.org//DTD Mapper 3.0//EN" "http://mybatis.org/dtd/mybatis-3-mapper.dtd" >
<mapper namespace="settingInfo">
	
	<update id="updateProjectInfo" parameterType="java.util.Map">
		UPDATE projects
		SET name = #{project_name},
		    landing_page = #{project_landingpage},
		    updated_on = now(),
		    homepage = #{project_homepage},
		    parent_id = #{project_parent_id},
		    description = #{project_description}, 
		    is_public = #{project_is_public},
		    lft = #{project_lft},
		    rgt = #{project_rgt}
		WHERE id = #{project_id}
	</update>
	<update id="updateProjectsCustomValues" parameterType="java.util.Map">
		UPDATE custom_values
		SET value = #{value}
		WHERE customized_id = #{customized_id} 
		AND customized_type = 'Project' 
		AND custom_field_id = #{custom_field_id}
	</update>
	<select id="getProjectInfo" resultType="java.util.Map" parameterType="java.util.Map">
		SELECT			
			projects.name AS project_name, 
			projects.homepage AS project_homepage, 
			projects.parent_id AS project_parent_id, 
			projects.description AS project_description, 
			projects.is_public AS project_is_public, 
			projects.identifier AS project_identifier,
			project_relation.parent_id AS project_relation_parent_id
		FROM 
			projects
		LEFT JOIN 
			project_relation
		ON 
			projects.id = project_relation.project_id
		WHERE 
			id = #{projectId}
	</select>
	<select id="selectProjectsCustomValues" resultType="java.util.Map" parameterType="java.util.Map">
		SELECT 1
		FROM custom_values
		WHERE customized_id = #{customized_id} 
		AND customized_type = 'Project' 
		AND custom_field_id = #{custom_field_id}
	</select>
	<insert id="insertProjectsCustomValues" parameterType="java.util.HashMap" useGeneratedKeys="true" keyProperty="id">
		INSERT INTO custom_values(
			customized_id, 
			customized_type, 
			custom_field_id, 
			value
		)
    	VALUES 
		(
			#{customized_id}, 
			'Project', 
			#{custom_field_id},
			#{value}
		)
	</insert>
	
	<select id="getProjectWikiInfo" resultType="java.util.Map" parameterType="java.util.Map">
		<![CDATA[
		SELECT 
			wikis.start_page, project_relation.project_name
		FROM 
			wikis 
			left join project_relation on project_relation.project_id = wikis.project_id
		WHERE 
			wikis.project_id = #{project_id}
		]]>
	</select>
	
	<update id="updateWikisInfos" parameterType="java.util.HashMap">
		update wikis
		set start_page = #{start_page}
		where project_id = #{project_id}
	</update>
	
	<insert id="insertWikisInfos" parameterType="java.util.HashMap">
		INSERT INTO wikis (
			project_id, 
			start_page
		) 
		VALUES(
			#{project_id}, 
			#{start_page}
		)
	</insert>
	
	<delete id="deleteWikisInfos" parameterType="java.util.HashMap">
		delete from wikis where project_id = #{project_id} 
	</delete>
	
	<delete id="delProjectTrackerIds" parameterType="java.util.HashMap">
		delete from projects_trackers where project_id = #{project_id} 
	</delete>
	
	<delete id="delProjectIssueCustomFields" parameterType="java.util.HashMap">
		delete from custom_fields_projects where project_id = #{project_id} 
	</delete>

	
	<select id="getRepositoriesList" resultType="java.util.Map" parameterType="java.util.Map">
		<![CDATA[
			SELECT 
			*,
			CASE WHEN is_default = false THEN '' 
				ELSE '<img alt="Toggle_check" src="img/project/settings/toggle_check.png">' END AS is_default_btn,
			'' AS btn
			FROM "repositories" 
			WHERE ("repositories".project_id = #{project_id}) 
		]]>
	</select>
	<select id="editRepositorie" resultType="java.util.Map" parameterType="java.util.Map">
		<![CDATA[
			SELECT *
			FROM "repositories" 
			WHERE ("repositories".id = #{repository_id}) 
		]]>
	</select>
	<insert id="saveRepositorie" parameterType="java.util.HashMap">
		INSERT INTO repositories(
            project_id,
            url, 
            "login", 
            "password", 
            root_url, 
            "type", 
            path_encoding, 
            log_encoding, 
            extra_info, 
            identifier, 
            is_default)
		VALUES(
			#{project_id},
			#{url},
			#{login},
			#{password},
			#{root_url},
			#{type},
			#{path_encoding},
			#{log_encoding},
			#{extra_info},
			#{identifier}, 
			#{is_default}
		)
	</insert>
	<delete id="deleteRepositorie" parameterType="java.util.Map">
		<![CDATA[
			DELETE FROM "repositories"
			WHERE id = #{repository_id}
		]]>
	</delete>
	<update id="updateRepositorie" parameterType="java.util.Map">
		<![CDATA[
			update "repositories"
			set url = #{url},
            "login" = #{login} , 
            "password" = #{password}, 
            root_url = #{root_url}, 
            "type" = #{type}, 
            path_encoding = #{path_encoding}, 
            log_encoding = #{log_encoding}, 
            extra_info = #{extra_info}, 
            identifier = #{identifier}, 
            is_default = #{is_default}
			WHERE id = #{id}
		]]>
	</update>
	
	
	
	
	
</mapper>