<?xml version="1.0" encoding="UTF-8" ?>
<!DOCTYPE mapper PUBLIC "-//mybatis.org//DTD Mapper 3.0//EN" "http://mybatis.org/dtd/mybatis-3-mapper.dtd" >
<mapper namespace="setting">
	
	<select id="getSettingsInfo" resultType="java.util.Map" parameterType="java.util.Map">
		<![CDATA[
			SELECT *
			FROM "settings"
			WHERE name in (${name}) 
		]]>
	</select>
	<select id="getProjectEnabledScmInfos" resultType="java.util.Map" parameterType="java.util.Map">
		<![CDATA[
			SELECT id
			FROM "settings"
			WHERE name = 'enabled_scm' AND value ilike '%${name}%'
		]]>
	</select>
	<select id="getSettings" resultType="java.util.Map">
		<![CDATA[
		SELECT 
			* 
		FROM 
			settings 
		WHERE (
			name = 'default_projects_modules'
		)  
		LIMIT 1
  		]]>
	</select>
	<select id="getIssueListDefaultColumns" resultType="java.util.Map">
		<![CDATA[
		SELECT 
			* 
		FROM 
			settings 
		WHERE (
			name = 'issue_list_default_columns'
		)  
		LIMIT 1
  		]]>
	</select>
	<select id="getProjectNotificationOptionInfos" resultType="java.util.Map">
		<![CDATA[
		SELECT 
			* 
		FROM 
			settings 
		WHERE (
			name = 'notified_events'
		)  
		LIMIT 1
  		]]>
	</select>
	<select id="getProjectRolesInfos" resultType="java.util.Map">
		<![CDATA[
		SELECT roles.*, CASE WHEN settings.id IS NOT NULL THEN 't' ELSE 'f' END AS id_flg
		FROM "roles" 
		LEFT JOIN settings ON roles.id = to_number(settings.value,'99G999D9S') AND settings.name = 'new_project_user_role_id'
		WHERE ("roles"."builtin" = 0)  
		ORDER BY position
  		]]>
	</select>
	<select id="getCustomFieldsList" resultType="java.util.Map">
		<![CDATA[
		SELECT * 
		FROM "custom_fields" 
		WHERE ( ("custom_fields"."type" = 'IssueCustomField' ) ) 
  		]]>
	</select>
	<select id="getProjectIssueStatusesInfos" resultType="java.util.Map">
		<![CDATA[
		SELECT * 
		FROM "issue_statuses" 
  		]]>
	</select>
	<select id="getProjectEnumerationsInfos" resultType="java.util.Map">
		<![CDATA[
		SELECT * 
		FROM "enumerations" 
		WHERE ("enumerations"."project_id" IS NULL) 
		AND ( ("enumerations"."type" = 'TimeEntryActivity' ) )  
		ORDER BY enumerations.position ASC
  		]]>
	</select>
	<update id="updataSettings" parameterType="java.util.HashMap">
		UPDATE "settings" 
		SET value = #{value}
		WHERE name = #{name}
	</update>
</mapper>