<?xml version="1.0" encoding="UTF-8" ?>
<!DOCTYPE mapper PUBLIC "-//mybatis.org//DTD Mapper 3.0//EN" "http://mybatis.org/dtd/mybatis-3-mapper.dtd" >
<mapper namespace="statuseList">
	<select id="getStatuseListInfo" resultType="java.util.Map" parameterType="java.util.Map">
		<![CDATA[
			SELECT
				position,
				issue_statuses.id,
				'' AS btn,
				'<a id="name_' || issue_statuses.id || '" href="#" class="icon statuse_name">'|| name ||'</a>' AS statuse_name,
				CASE WHEN is_closed = false THEN ''
				ELSE '<img alt="Toggle_check" src="img/project/settings/toggle_check.png">' END AS is_closed,
				CASE WHEN is_default = false THEN ''
				ELSE '<img alt="Toggle_check" src="img/project/settings/toggle_check.png">' END AS is_default,
				default_done_ratio,
				count(*)over() AS total_count,
				min(position)over() AS position_start,
				max(position)over() AS position_end
			FROM "issue_statuses"  
			ORDER BY position
		]]>
	</select>
	<select id="getStatuseListIdInfo" resultType="java.util.Map" parameterType="java.util.Map">
		<![CDATA[
			SELECT
				*
			FROM "issue_statuses"  
			WHERE id = #{statuse_id}
			ORDER BY position
		]]>
	</select>
	<delete id="delStatuseListId" parameterType="java.util.HashMap">
		DELETE FROM "issue_statuses" 
		WHERE "id" = #{statuse_id}
	</delete>
	<update id="updataStatuses" parameterType="java.util.HashMap">
		UPDATE "issue_statuses" 
		SET position = (position - 1) 
		WHERE position > #{position}   
	</update>
	<update id="upStatuses" parameterType="java.util.HashMap">
		UPDATE "issue_statuses" 
		SET name = #{name}, 
		 is_default = #{is_default}, 
		 is_closed = #{is_closed},
		 default_done_ratio = #{default_done_ratio}
		WHERE id = #{id} 
	</update>
	
	<select id="getStatusName" resultType="java.lang.Integer" parameterType="java.util.Map">
		<![CDATA[
			SELECT count(*)
			FROM "issue_statuses"
			WHERE name = #{name}
			and id <> #{id} 
		]]>
	</select>	
		
	<insert id="saveStatuses" parameterType="java.util.HashMap" useGeneratedKeys="true" keyProperty="id">
		 INSERT INTO "issue_statuses" 
		 ("name", 
		 "position", 
		 "is_default", 
		 "default_done_ratio",
		 "is_closed") 
		 	SELECT
				#{name}, 
				MAX(position) + 1 AS position,
				#{is_default}, 
				#{default_done_ratio}, 
				#{is_closed}
			FROM issue_statuses
	</insert>
	<update id="upCommonMSort" parameterType="java.util.HashMap">
		<![CDATA[
			UPDATE "issue_statuses" 
				SET position = (position - 1) 
			WHERE position <= #{end_pos} 
				AND position > #{start_pos}
		]]>
	</update>
	<update id="upCommonPSort" parameterType="java.util.HashMap">
		<![CDATA[
			UPDATE "issue_statuses" 
				SET position = (position + 1) 
			WHERE position < #{end_pos}
				AND position >= #{start_pos} 
		]]>
	</update>
	<update id="upCommonSort" parameterType="java.util.HashMap">
		UPDATE "issue_statuses" 
		SET position = #{end_pos}
		WHERE id = #{statuse_id} 
	</update>
	
	<update id="updatePosition" parameterType="java.util.HashMap">
		UPDATE issue_statuses issu
		SET "position" = sort1.row_number
		FROM
			(SELECT
				row_number()over(),position
			FROM(
				SELECT position
				FROM "issue_statuses"  
				ORDER BY position
			) sort ) sort1
		WHERE issu."position" = sort1."position"
	</update>
	
	
</mapper>