<?xml version="1.0" encoding="UTF-8" ?>
<!DOCTYPE mapper PUBLIC "-//mybatis.org//DTD Mapper 3.0//EN" "http://mybatis.org/dtd/mybatis-3-mapper.dtd" >
<mapper namespace="wikiProject">
	
	<select id="getProjectWikiInfo" resultType="java.util.Map" parameterType="java.util.Map">
		<![CDATA[
		SELECT 
			wikis.start_page, project_relation.project_name
		FROM 
			wikis 
			left join project_relation on project_relation.project_id = wikis.project_id
		WHERE 
			wikis.project_id = #{project_id}
		]]>
	</select>
	
	<update id="updateWikisInfos" parameterType="java.util.HashMap">
		update wikis
		set start_page = #{start_page}
		where project_id = #{project_id}
	</update>
	
	<insert id="insertWikisInfos" parameterType="java.util.HashMap">
		INSERT INTO wikis (
			project_id, 
			start_page
		) 
		VALUES(
			#{project_id}, 
			#{start_page}
		)
	</insert>
	
	<delete id="deleteWikisInfos" parameterType="java.util.HashMap">
		delete from wikis where project_id = #{project_id} 
	</delete>

	
</mapper>