<?xml version="1.0" encoding="UTF-8" ?>
<!DOCTYPE mapper PUBLIC "-//mybatis.org//DTD Mapper 3.0//EN" "http://mybatis.org/dtd/mybatis-3-mapper.dtd" >
<mapper namespace="workflowList">

	<select id="getWorkflowRoleInfo" resultType="java.util.Map" parameterType="java.util.Map">
		<![CDATA[
			SELECT * 
			FROM "roles"  
			ORDER BY builtin, position
		]]>
	</select>
	<select id="getWorkflowTrackerInfo" resultType="java.util.Map" parameterType="java.util.Map">
		<![CDATA[
			SELECT * 
			FROM "trackers"  
			ORDER BY position
		]]>
	</select>
	<select id="getWorkflowIssueStatusesInfo" resultType="java.util.Map" parameterType="java.util.Map">
		<![CDATA[
			SELECT * 
			FROM "issue_statuses"  
			WHERE ("issue_statuses"."id" IN (${id}) OR 99999999 IN (${id}))
			ORDER BY position
		]]>
	</select>
	<select id="getWorkflowStatusesInfo" resultType="java.lang.String" parameterType="java.util.Map">
			SELECT 
				ARRAY_TO_STRING(ARRAY_AGG(status_id),',') AS status_id
			FROM(
				SELECT 
					old_status_id AS status_id 
				FROM 
					workflows 
				<if test="tracker_id != 0">
				WHERE 
					tracker_id = #{tracker_id}
				</if>
				UNION
				SELECT 
					new_status_id AS status_id 
				FROM 
					workflows 
				<if test="tracker_id != 0">
				WHERE 
					tracker_id = #{tracker_id}
				</if>
			) wf
	</select>
	<select id="getWorkflowListInfo" resultType="java.util.Map" parameterType="java.util.Map">
			SELECT 
				id, 
				tracker_id, 
				old_status_id, 
				new_status_id, 
				role_id, 
				assignee, 
       			author 
			FROM 
				workflows 
			WHERE 
				role_id = #{role_id} 
			<if test="tracker_id != 0">
				AND tracker_id = #{tracker_id}
			</if>
			
			ORDER BY 
				assignee, 
				author
	</select>
	<select id="getWorkflowRoleTrackerListInfo" resultType="java.util.Map" parameterType="java.util.Map">
		<![CDATA[
			SELECT role_id, tracker_id, count(id) AS c 
			FROM workflows 
			GROUP BY role_id, tracker_id
		]]>
	</select>
	<select id="getWorkflowIdCheckInfo" resultType="java.util.Map" parameterType="java.util.Map">
		<![CDATA[
			select *
			FROM workflows 
			WHERE old_status_id = #{old_status_id} AND 
			new_status_id = #{new_status_id} AND 
			tracker_id = #{target_tracker_ids} AND 
			role_id = #{target_role_ids}
		]]>
	</select>
	<delete id="delWorkflowRoleTrackerInfo" parameterType="java.util.HashMap">
		<![CDATA[
			DELETE FROM "workflows" 
			WHERE ("workflows"."role_id" = #{target_role_ids} AND "workflows"."tracker_id" = #{target_tracker_ids}) 
		]]>
	</delete>
	<insert id="insertWorkflowRoleTrackerInfo" parameterType="java.util.Map">
		<![CDATA[
			 INSERT INTO workflows (tracker_id, role_id, old_status_id, new_status_id, author, assignee) 
			 SELECT 
			 	#{target_tracker_ids}, 
			 	#{target_role_ids}, 
			 	old_status_id, 
			 	new_status_id, 
			 	author, 
			 	assignee 
			 FROM workflows
			 WHERE tracker_id = #{source_tracker_id} AND role_id = #{source_role_id} 
			 RETURNING "id"
		]]>
	</insert>
	<insert id="saveWorkflowInfo" parameterType="java.util.Map">
		<![CDATA[
			 INSERT INTO "workflows" ("new_status_id", "author", "role_id", "old_status_id", "tracker_id", "assignee") 
			 VALUES(
				 #{new_status_id}, 
				 #{author}, 
				 #{target_role_ids}, 
				 #{old_status_id}, 
				 #{target_tracker_ids}, 
				 #{assignee}
			 ) RETURNING "id"
		]]>
	</insert>
	
</mapper>