<?xml version="1.0" encoding="UTF-8" ?>
<!DOCTYPE mapper PUBLIC "-//mybatis.org//DTD Mapper 3.0//EN" "http://mybatis.org/dtd/mybatis-3-mapper.dtd" >
<mapper namespace="attachments">
	<select id="selectAttachments" resultType="java.util.Map" parameterType="java.util.Map">
		<![CDATA[
		SELECT *
		FROM (
			SELECT 
				id,
				container_id,
				container_type,
				filename,
				disk_filename,
				filesize,
				content_type,
				digest,
				downloads,
				author_id,
				TO_CHAR(created_on, 'YYYY-MM-DD HH24:MI') AS created_on,
				description,
				container_type as "type",
				'<a id="' || attachments.id || '" href="#" class="icon del">削除</a>' AS btn
			FROM 
				attachments
			WHERE 
				container_id = #{project_id}
				AND container_type = 'Project' 
			UNION
			SELECT 
				attachments.id,
				container_id,
				container_type,
				filename,
				disk_filename,
				filesize,
				content_type,
				digest,
				downloads,
				author_id,
				TO_CHAR(attachments.created_on, 'YYYY-MM-DD HH24:MI') AS created_on,
				attachments.description,
				"versions".name as "type",
				'<a id="' || attachments.id || '" href="#" class="icon del">削除</a>' AS btn
			FROM 
				"versions"  
			INNER JOIN 
				"attachments" 
					ON "attachments".container_id = "versions".id 
					AND "attachments".container_type = 'Version'
			WHERE 
				"versions".project_id = #{project_id}
		)　attachments
		ORDER BY container_id,filename
		]]>
	</select>
	
	<select id="selectAllAttachments" resultType="java.util.Map" parameterType="java.util.Map">
		<![CDATA[
			SELECT 
				attachments.id,
				attachments.container_id,
				attachments.container_type,
				attachments.filename AS "fileName",
				attachments.disk_filename AS "newFileName",
				attachments.filesize AS "fileSize",
				attachments.content_type AS "contentType",
				attachments.digest,
				attachments.downloads,
				attachments.author_id,
				TO_CHAR(attachments.created_on, 'YYYY-MM-DD HH24:MI') AS created_on,
				attachments.description,
				users.lastname || ' ' || users.firstname AS "userName"
			FROM 
				attachments
			LEFT JOIN
				users
            ON
                users.id = attachments.author_id
		]]>
	</select>

	<delete id="deleteFileInfo" parameterType="java.util.Map">
		<![CDATA[
			DELETE FROM "attachments"
			WHERE "attachments".id = #{id}
		]]>
	</delete>

	<update id="updateFileInfo" parameterType="java.util.Map">
		<![CDATA[
        UPDATE attachments
        SET
            downloads = downloads + 1
        WHERE
            id = #{id} 
		]]>
	</update>
    
	<select id="getFileInfo" resultType="java.util.Map" parameterType="java.util.Map">
		<![CDATA[
		SELECT filename, disk_filename, filesize, content_type
		FROM "attachments"
		WHERE "attachments".id = #{id}
			AND container_type = 'Project'
		]]>
	</select>
    
	<select id="getFileVersionListInfo" resultType="java.util.Map" parameterType="java.util.Map">
		<![CDATA[
		SELECT id, name
		FROM "versions" 
		WHERE ("versions".project_id = #{project_id})  
		ORDER BY versions.effective_date DESC, versions.name 
		]]>
	</select>
	
   <update id="updateAttachmentsByIdAfterInsert" parameterType="java.util.Map">
        UPDATE attachments
        SET
            container_id = #{id},
            container_type = #{container_type},
            description = #{description}
        WHERE
            id = #{attachments_id} 
    </update>
    
	<insert id="insertAttachments" parameterType="java.util.Map" keyProperty="id" useGeneratedKeys="true">
		INSERT INTO attachments(
		<if test="container_id != null">
            container_id, 
        </if>
		<if test="container_type != null">
            container_type, 
        </if>
            filename, 
            disk_filename, 
            filesize, 
            content_type, 
            digest, 
            downloads, 
            author_id, 
            created_on, 
            description
	    )
	    VALUES (
	    <if test="container_id != null">
            #{container_id}, 
        </if>
	    <if test="container_type != null">
            #{container_type}, 
        </if>
            #{filename}, 
            #{disk_filename}, 
            #{filesize}, 
            #{content_type}, 
            #{digest}, 
            #{downloads}, 
            #{author_id}, 
            now(), 
            #{description}
		)
	</insert>
	
	<select id="selectAttachmentsByContainer" resultType="java.util.Map" parameterType="java.util.Map">
		<![CDATA[
			SELECT 
				attachments.id,
				attachments.container_id,
				attachments.container_type,
				attachments.filename AS "fileName",
				attachments.disk_filename AS "newFileName",
				attachments.filesize AS "fileSize",
				attachments.content_type AS "contentType",
				attachments.digest,
				attachments.downloads,
				attachments.author_id,
				TO_CHAR(attachments.created_on, 'YYYY-MM-DD HH24:MI') AS created_on,
				attachments.description
			FROM 
				attachments
			WHERE 
				attachments.container_id = #{container_id}
			AND
				attachments.container_type = #{container_type}
		]]>
	</select>

</mapper>