<?xml version="1.0" encoding="UTF-8" ?>
<!DOCTYPE mapper PUBLIC "-//mybatis.org//DTD Mapper 3.0//EN" "http://mybatis.org/dtd/mybatis-3-mapper.dtd" >
<mapper namespace="backlogs">
	<select id="selectBacklogInfosForProject" parameterType="java.util.Map" resultType="java.util.Map">
		SELECT 
			issues.id, 
			issues.subject, 
			issues.tracker_id, 
			issues.description, 
			trackers.name AS "tracker_name", 
			issues.status_id, 
			issues.done_ratio, 
			issues.story_points, 
			TO_CHAR(
				issues.start_date, 
				'YYYY-MM-DD'
			) AS start_date, 
			TO_CHAR(
				issues.due_date, 
				'YYYY-MM-DD'
			) AS due_date, 
			issues.assigned_to_id, 
			issues.fixed_version_id, 
			issues.release_id,
			issues.lock_version,
			backlog_position.position
		FROM 
			issues 
		LEFT JOIN
			backlog_position
		ON 
			issues.id = backlog_position.issue_id
		LEFT JOIN
            trackers
        ON
            trackers.id = issues.tracker_id
		WHERE 
			tracker_id IN 
			<foreach collection="story_trackers" item="tracker_id" open="(" separator="," close=")">
                #{tracker_id}::int
        	</foreach>
		AND 
			issues.project_id = #{project_id}
		AND 
			issues.parent_id IS NULL
		ORDER BY 
			fixed_version_id, 
			release_id,
			backlog_position.position
	</select>
	
	<select id="selectStoryInfosForSprint" parameterType="java.util.Map" resultType="java.util.Map">
		SELECT 
			issues.id, 
			issues.subject, 
			issues.tracker_id, 
			issues.description, 
			trackers.name AS "tracker_name", 
			issues.status_id, 
			issues.done_ratio, 
			issues.story_points, 
			issues.estimated_hours, 
			issues.remaining_hours, 
			TO_CHAR(
				issues.start_date, 
				'YYYY-MM-DD'
			) AS start_date, 
			TO_CHAR(
				issues.due_date, 
				'YYYY-MM-DD'
			) AS due_date, 
			issues.assigned_to_id, 
			issues.fixed_version_id, 
			issues.release_id,
			issues.lock_version,
			users.lastname || ' ' || users.firstname AS "userName",
			user_preferences.backlogs_task_color,
			backlog_position.position
		FROM 
			issues 
		LEFT JOIN
			backlog_position
		ON 
			issues.id = backlog_position.issue_id
		LEFT JOIN
            users
        ON
            users.id = issues.assigned_to_id
        LEFT JOIN
            user_preferences
        ON
            user_preferences.user_id = issues.assigned_to_id
        LEFT JOIN
            trackers
        ON
            trackers.id = issues.tracker_id
		WHERE 
			tracker_id IN 
			<foreach collection="story_trackers" item="tracker_id" open="(" separator="," close=")">
                #{tracker_id}::int
        	</foreach>
		AND 
			issues.project_id = #{project_id}
		AND 
			issues.parent_id IS NULL
		AND 
			issues.fixed_version_id = #{sprint_id}::int
		ORDER BY 
			fixed_version_id, 
			release_id,
			backlog_position.position,
			issues.id
	</select>
	
	<select id="selectTaskInfosForSprint" parameterType="java.util.Map" resultType="java.util.Map">
		SELECT 
			issues.id, 
			issues.tracker_id, 
			issues.project_id, 
			issues.subject, 
			issues.description, 
			TO_CHAR(
				issues.due_date, 
				'YYYY-MM-DD'
			) AS due_date, 
			issues.category_id, 
			issues.status_id, 
			issues.assigned_to_id, 
			issues.priority_id, 
			issues.fixed_version_id, 
			issues.author_id, 
			issues.lock_version,
			TO_CHAR(
				issues.start_date, 
				'YYYY-MM-DD'
			) AS start_date, 
			issues.done_ratio, 
			issues.estimated_hours, 
			issues.parent_id, 
			issues.is_private, 
			issues.remaining_hours, 
			issues.story_points, 
			issues.release_id,
			users.lastname || ' ' || users.firstname AS "userName",
			user_preferences.backlogs_task_color,
			backlog_position.position
		FROM 
			issues 
		LEFT JOIN
			backlog_position
		ON 
			issues.id = backlog_position.issue_id
		LEFT JOIN
            users
        ON
            users.id = issues.assigned_to_id
		LEFT JOIN
            user_preferences
        ON
            user_preferences.user_id = issues.assigned_to_id
		WHERE 
			tracker_id IN 
			<foreach collection="story_trackers" item="tracker_id" open="(" separator="," close=")">
                #{tracker_id}::int
        	</foreach>
		AND 
			issues.project_id = #{project_id}
		AND 
			issues.parent_id IN 
			<foreach collection="storys" item="story" open="(" separator="," close=")">
                #{story.id}
        	</foreach>
		AND 
			issues.fixed_version_id = #{sprint_id}::int
		ORDER BY 
			fixed_version_id, 
			release_id,
			backlog_position.position
	</select>
	
	<select id="selectTaskInfosForTrackers" parameterType="java.util.Map" resultType="java.util.Map">
		SELECT 
			issues.id, 
			issues.parent_id, 
			issues.subject, 
			issues.description, 
			issues.tracker_id, 
			issues.status_id, 
			issues.story_points, 
			issues.assigned_to_id, 
			issues.estimated_hours, 
			issues.remaining_hours, 
			TO_CHAR(
				issues.start_date, 
				'YYYY-MM-DD'
			) AS start_date, 
			TO_CHAR(
				issues.due_date, 
				'YYYY-MM-DD'
			) AS due_date, 
			issues.fixed_version_id, 
			issues.release_id,
			issues.lock_version,
			true as "is_tracker",
			users.lastname || ' ' || users.firstname AS "userName",
			user_preferences.backlogs_task_color,
			backlog_position.position
		FROM 
			issues 
		LEFT JOIN
			backlog_position
		ON 
			issues.id = backlog_position.issue_id
		LEFT JOIN
            users
        ON
            users.id = issues.assigned_to_id
		LEFT JOIN
            user_preferences
        ON
            user_preferences.user_id = issues.assigned_to_id
		WHERE 
			tracker_id IN 
			<foreach collection="story_trackers" item="tracker_id" open="(" separator="," close=")">
                #{tracker_id}::int
        	</foreach>
		AND 
			issues.project_id = #{project_id}
		AND 
			issues.fixed_version_id = #{sprint_id}::int
		ORDER BY 
			fixed_version_id, 
			release_id,
			backlog_position.position
	</select>
	
	<select id="selectBlockTaskInfosForSprint" parameterType="java.util.Map" resultType="java.util.Map">
		SELECT 
			issues.id, 
			issues.parent_id, 
			issues.subject, 
			issues.description, 
			issues.tracker_id, 
			issues.status_id, 
			issues.done_ratio, 
			issues.story_points, 
			issues.assigned_to_id, 
			issues.estimated_hours, 
			issues.remaining_hours, 
			TO_CHAR(
				issues.start_date, 
				'YYYY-MM-DD'
			) AS start_date, 
			TO_CHAR(
				issues.due_date, 
				'YYYY-MM-DD'
			) AS due_date, 
			true as "is_block",
			issues.fixed_version_id, 
			issues.release_id,
			issues.lock_version,
			issue_relations.id AS "relation_id",
			issue_relations.issue_to_id AS "block_id",
			users.lastname || ' ' || users.firstname AS "userName",
			user_preferences.backlogs_task_color,
			backlog_position.position 
		FROM 
			issues  
		LEFT JOIN
			backlog_position
		ON 
			issues.id = backlog_position.issue_id
		LEFT JOIN
            users
        ON
            users.id = issues.assigned_to_id
        LEFT JOIN
            user_preferences
        ON
            user_preferences.user_id = issues.assigned_to_id
		INNER JOIN 
			issue_relations
		ON 
			issues.id = issue_relations.issue_from_id
		AND 
			issue_relations.issue_to_id IN
			<foreach collection="tasks" item="task" open="(" separator="," close=")">
                #{task.id}
        	</foreach>
		ORDER BY 
			backlog_position.position
	</select>
	
	<select id="getTasksByStoryId" parameterType="java.util.Map" resultType="java.lang.Integer">
		SELECT 
			COUNT(1)
		FROM 
			issues  
		WHERE
			parent_id = #{id}::int
		AND
			tracker_id = #{tracker_id}::int
	</select>
	
	<select id="getCustomValuesForStory" parameterType="java.util.Map" resultType="java.util.Map">
		SELECT 
			* 
		FROM 
			custom_values
		WHERE 
			customized_id = #{story_id}
		AND
			customized_type = 'Issue'
		AND 
			custom_field_id in 
			<foreach collection="customFieldIds" item="id" open="(" separator="," close=")">
                #{id}
        	</foreach>
	</select>
	
	<insert id="addStoryInfo" parameterType="java.util.Map" keyProperty="id" useGeneratedKeys="true">
		INSERT INTO issues(
            project_id, 
            subject, 
            tracker_id, 
            status_id,
            description,
            assigned_to_id,
            story_points,
            start_date,
            due_date,
            lft,
            rgt,
            root_id,
            root_seq,
            estimated_hours,
            remaining_hours,
            priority_id, 
            fixed_version_id,
            release_id,
            author_id,
            created_on
        )
    	VALUES (
    		#{project_id}::int,
    		#{subject},
    		#{tracker_id}::int,
    		#{status_id}::int,
    		#{description},
    		<choose>
            	<when test="assigned_to_id != null and assigned_to_id != ''">
            		#{assigned_to_id}::int,
            	</when>
            	<otherwise>
            		null,
            	</otherwise>
            </choose>
    		<choose>
            	<when test="story_points != null and story_points != ''">
		    		#{story_points}::int,
            	</when>
            	<otherwise>
            		null,
            	</otherwise>
            </choose>
    		TO_DATE(#{start_date}, 'YYYY-MM-DD'),
    		TO_DATE(#{due_date}, 'YYYY-MM-DD'),
    		1,
    		2,
    		CURRVAL('issues_id_seq'),
    		#{root_seq},
    		0,
    		0,
    		#{priority_id}, 
    		<choose>
            	<when test="fixed_version_id!=null">
            		#{fixed_version_id}::int,
            	</when>
            	<otherwise>
            		null,
            	</otherwise>
            </choose>
			<choose>
            	<when test="release_id!=null">
            		#{release_id}::int,
            	</when>
            	<otherwise>
            		null,
            	</otherwise>
            </choose>
    		#{user_id}, 
    		now()
    	)

	</insert>
	
	<insert id="addTaskInfo" parameterType="java.util.Map" keyProperty="id" useGeneratedKeys="true">
		INSERT INTO issues(
            project_id, 
            subject, 
            tracker_id, 
            status_id,
            start_date,
            due_date,
            parent_id, 
			estimated_hours, 
			remaining_hours, 
			assigned_to_id, 
			description, 
			priority_id, 
            fixed_version_id,
            author_id,
            created_on
        )
    	VALUES (
    		#{project_id}::int,
    		#{subject},
    		#{tracker_id}::int,
    		#{status_id}::int,
    		<choose>
            	<when test="start_date != null">
    				TO_DATE(#{start_date}, 'YYYY-MM-DD'),
            	</when>
            	<otherwise>
            		now(),
            	</otherwise>
            </choose>
    		<choose>
            	<when test="due_date != null">
    				TO_DATE(#{due_date}, 'YYYY-MM-DD'),
            	</when>
            	<otherwise>
            		now(),
            	</otherwise>
            </choose>
            <choose>
            	<when test="parent_id != null">
            		#{parent_id}::int, 
            	</when>
            	<otherwise>
            		null,
            	</otherwise>
            </choose>
			#{estimated_hours}::double precision, 
			#{remaining_hours}::double precision, 
            <choose>
            	<when test="assigned_to_id != null and assigned_to_id != ''">
					#{assigned_to_id}::int, 
            	</when>
            	<otherwise>
            		null,
            	</otherwise>
            </choose>
			#{description}, 
			#{priority_id}, 
    		<choose>
            	<when test="fixed_version_id!=null">
            		#{fixed_version_id}::int,
            	</when>
            	<otherwise>
            		null,
            	</otherwise>
            </choose>
            #{user_id}, 
    		now()
    	)

	</insert>
	
	<update id="updateStoryInfoById" parameterType="java.util.Map">
        UPDATE issues
        SET
            subject = #{subject}, 
			tracker_id = #{tracker_id}::int, 
			status_id = #{status_id}::int, 
			story_points = #{story_points}::int, 
			<choose>
            	<when test="start_date!=null">
					start_date = TO_DATE(#{start_date}, 'YYYY-MM-DD'),
            	</when>
            </choose>
			<choose>
            	<when test="due_date!=null">
					due_date = TO_DATE(#{due_date}, 'YYYY-MM-DD'),
            	</when>
            </choose>
			<choose>
            	<when test="fixed_version_id!=null">
            		fixed_version_id = #{fixed_version_id}::int,
            	</when>
            	<otherwise>
            		fixed_version_id = null,
            	</otherwise>
            </choose>
			<choose>
            	<when test="release_id!=null">
            		release_id = #{release_id}::int,
            	</when>
            	<otherwise>
            		release_id = null,
            	</otherwise>
            </choose>
            updated_on = now()
        WHERE
            id = #{id}
    </update>
	
	<update id="updateTaskInfoById" parameterType="java.util.Map">
        UPDATE issues
        SET
            subject = #{subject}, 
			status_id = #{status_id}::int, 
			parent_id = #{parent_id}::int, 
			estimated_hours = #{estimated_hours}::int, 
			remaining_hours = #{remaining_hours}::int, 
			description = #{description}, 
			<choose>
            	<when test="assigned_to_id != null and assigned_to_id != ''">
					assigned_to_id = #{assigned_to_id}::int, 
            	</when>
            	<otherwise>
            		assigned_to_id = null,
            	</otherwise>
            </choose>
            updated_on = now()
        WHERE
            id = #{id}
    </update>
	
	<update id="updateTaskSprintSameByStory" parameterType="java.util.Map">
        UPDATE issues
        SET
        	<choose>
            	<when test="fixed_version_id != null">
            		fixed_version_id = #{fixed_version_id}::int,
            	</when>
            	<otherwise>
            		fixed_version_id = null,
            	</otherwise>
            </choose>
            updated_on = now()
        WHERE
            root_id = #{issue_id}
    </update>
</mapper>