<?xml version="1.0" encoding="UTF-8" ?>
<!DOCTYPE mapper PUBLIC "-//mybatis.org//DTD Mapper 3.0//EN" "http://mybatis.org/dtd/mybatis-3-mapper.dtd" >
<mapper namespace="forumList">

 	<select id="getMessageList" resultType="java.util.Map" parameterType="java.util.Map">
		<![CDATA[
			SELECT 
				messages.id, 
				messages.board_id, 
				messages.parent_id,
				messages.subject,
				messages.content,
				messages.author_id,
				messages.replies_count,
				messages.last_reply_id,
				messages.locked,
				messages.sticky,
				TO_CHAR(messages.created_on ,'YYYY/MM/DD HH24:MI:SS') AS created_on,
				users.lastname || ' ' || users.firstname AS user_name,
				CASE WHEN mc.count IS NULL THEN 0 ELSE mc.count END AS count,
				mnc.user_nm as last_ueser_name,
				TO_CHAR(mnc.mc_data ,'YYYY/MM/DD HH24:MI:SS') AS last_data,
				mnc.subject as last_subject			
			FROM "messages"
			INNER JOIN boards ON "messages".board_id = boards.id
			INNER JOIN users ON users.id = messages.author_id
			LEFT JOIN (SELECT parent_id, COUNT(parent_id) AS count FROM messages WHERE parent_id IS NOT NULL GROUP BY parent_id ORDER BY parent_id) mc ON mc.parent_id = messages.id
			LEFT JOIN (
				SELECT messages.id, users.lastname || ' ' || users.firstname AS user_nm,messages.created_on AS mc_data,messages.subject
				FROM messages
				INNER JOIN users ON users.id = messages.author_id
				) mnc ON mnc.id = messages.last_reply_id
			
			WHERE "boards".id = #{boards_id}::int
				AND messages.parent_id IS NULL 
			ORDER BY messages.sticky DESC, messages.updated_on DESC, messages.created_on DESC
		]]>
	</select>

 	<select id="getBoardsInfo" resultType="java.util.Map" parameterType="java.util.Map">
		<![CDATA[
			SELECT * 
			FROM "boards" 
			WHERE ("boards".id = #{boards_id}::int)  
		]]>
	</select>
<!-- 	<select id="getRoleListInfo" resultType="java.util.Map" parameterType="java.util.Map">
		<![CDATA[
			SELECT * ,
			'<a id="' || id || '" href="#" class="icon del">削除</a>' AS btn
			FROM "roles"  
			ORDER BY builtin, position 
		]]>
	</select>

	<update id="upCommonSort" parameterType="java.util.HashMap">
		UPDATE "roles" 
		SET position = #{end_pos}
		WHERE id = #{role_id} 
	</update> -->
	
</mapper>