<?xml version="1.0" encoding="UTF-8" ?>
<!DOCTYPE mapper PUBLIC "-//mybatis.org//DTD Mapper 3.0//EN" "http://mybatis.org/dtd/mybatis-3-mapper.dtd" >
<mapper namespace="forumBoardsList">

 	<select id="getBoardsList" resultType="java.util.Map" parameterType="java.util.Map">
		<![CDATA[
			SELECT 
				"boards".id,
				"boards".name,
				"boards".description,
				"boards".position,
				"boards".topics_count as topic,
				"boards".messages_count as message,
				mnc.user_nm as updater,				
				mnc.subject as subject,
				mnc.parent_id,
				TO_CHAR(mnc.created_on,'YYYY-MM-DD HH24:MI') as mnc_created_on,				
				mnc.user_nm as mnc_user_nm,
				mnc.id as message_id,
				TO_CHAR(mes.created_on,'YYYY-MM-DD HH24:MI') as created_on,
				mes.subject as mes_subject,
				mes.user_nm as mes_user_nm,
				mes.created_on as mes_created_on,
				mes.content as mes_content								
			FROM "boards"
			LEFT JOIN (
				SELECT 
					messages.id, 
					messages.parent_id, 
					users.lastname || ' ' || users.firstname AS user_nm,
					messages.created_on AS created_on,
					messages.subject
				FROM messages
				INNER JOIN users ON users.id = messages.author_id
				) mnc ON mnc.id = boards.last_message_id
			LEFT JOIN (
				SELECT 
					messages.id, 
					messages.subject as subject,
					users.lastname || ' ' || users.firstname AS user_nm,
					messages.created_on AS created_on,
					messages.content as content
				FROM messages
				INNER JOIN users ON users.id = messages.author_id
				) mes ON mes.id = mnc.parent_id			
						
			WHERE "boards".project_id = #{project_id}
			ORDER BY position ASC
		]]>
	</select>

 	<select id="selectBoardsList" resultType="java.util.Map" parameterType="java.util.Map">
		<![CDATA[
			SELECT 
				"boards".id,
				"boards".name
			FROM "boards" 
			WHERE "boards".project_id = #{project_id}
			ORDER BY position ASC
		]]>
	</select>
	
 	<select id="selectBoardsCount" resultType="java.util.Map" parameterType="java.util.Map">
		<![CDATA[
			SELECT count(*) AS count_all
			FROM "boards" 
			WHERE ("boards".project_id = #{project_id})  
		]]>
	</select>

	
	<update id="updatePosition" parameterType="java.util.Map">
		UPDATE 
			boards
   		SET 
   		    position = position - 1
 		WHERE 
 			position > #{position}
	</update>
	
	<delete id="deleteMessagesByBoardId" parameterType="java.util.Map">
		DELETE FROM
			messages
		WHERE
			board_id = #{boardsId}	
	</delete>
	
</mapper>