<?xml version="1.0" encoding="UTF-8" ?>
<!DOCTYPE mapper PUBLIC "-//mybatis.org//DTD Mapper 3.0//EN" "http://mybatis.org/dtd/mybatis-3-mapper.dtd" >
<mapper namespace="newTicket">

    <select id="getParentIssueInfo" resultType="java.util.Map" parameterType="java.util.Map">
        <![CDATA[
        SELECT 
            id,
            parent_id,
            root_id,
            lft,
            rgt,
            root_seq,
            project_id
        FROM 
            issues
        WHERE id = #{parent_issue_id}
        ]]>
    </select>

    <select id="getGroupIssuesInfo" resultType="java.util.Map" parameterType="java.util.Map">
        <![CDATA[
		SELECT
			issues1.id AS "issue_id",
			issues1.lft,
			issues1.rgt,
			issues1.parent_id,
			issues1.root_id,
			issues1.root_seq,
			'p' || issues1.project_id || issues1.parent_id1 || ' ' || issues1.id AS z1
		FROM (
			WITH RECURSIVE r AS (
				SELECT 
					issues.*, 
			      	issues.id AS node_id ,
			      	'' AS parent_id1 
				FROM 
			      	issues 
				WHERE 
			      	issues.project_id = #{project_id}
				UNION ALL
				SELECT 
			      	issues.*, 
			      	r.node_id, 
			      	r.parent_id1 || ' ' || issues.parent_id AS parent_id1 
			      	FROM issues, r 
				WHERE 
			      	issues.parent_id = r.id 
				AND 
			      	r.project_id = #{project_id}
			)
			SELECT 
			  	* 
			FROM 
			  	r
		) issues1
		WHERE 
			issues1.node_id = #{issues_id}
		  ORDER BY 
		  	issues1.root_seq,
		  	issues1.lft,
		  	issues1.id
        ]]>
    </select>

    <update id="upDelParentIssueRgt" parameterType="java.util.Map">
	    <![CDATA[
	        UPDATE issues
	        SET
	            rgt = rgt - 2
	        WHERE
	            lft < #{rgt} 
	            AND rgt >= #{rgt} 
	            AND root_id = #{root_id} 
	     ]]>
    </update>
   
    <update id="upDelParentIssueALLRgt" parameterType="java.util.Map">
        UPDATE issues
        SET
            lft = lft - 2,
            rgt = rgt - 2
        WHERE
            lft > #{rgt} 
            AND root_id = #{root_id}
    </update>

    <update id="upParentIssueRgt" parameterType="java.util.Map">
	    <![CDATA[
	        UPDATE issues
	        SET
	            rgt = rgt + 2
	        WHERE
	            lft < #{rgt} 
	            AND rgt >= #{rgt} 
	            AND root_id = #{root_id} 
	     ]]>
    </update>
    

    <update id="upParentIssueALLRgt" parameterType="java.util.Map">
        UPDATE issues
        SET
            lft = lft + 2,
            rgt = rgt + 2
        WHERE
            lft > #{rgt} 
            AND root_id = #{root_id}
    </update>
    
    <select id="getTrackers" resultType="java.util.Map" parameterType="java.util.Map">
        <![CDATA[
        SELECT 
            * 
        FROM 
            trackers 
        INNER JOIN projects_trackers 
            ON trackers.id = projects_trackers.tracker_id 
        WHERE (projects_trackers.project_id = #{project_id}) 
        ORDER BY 
            trackers.position
        ]]>
    </select>

    <select id="getMembers" resultType="java.util.Map" parameterType="java.util.Map">
        <![CDATA[
		SELECT 
		    users.*,
		    users.lastname || ' ' || users.firstname AS name 
		FROM users
		    INNER JOIN members ON users.id = members.user_id    
		WHERE 
		    "members".project_id = #{project_id}
		    AND (users.type='Group' OR (users.type='User' AND users.status=1))
        ]]>
    </select>

    <select id="getIssuePrivates" resultType="java.util.Map" parameterType="java.util.Map">
        <![CDATA[
		SELECT CASE WHEN admin = true THEN true
			 WHEN members.count > 0 THEN true
			 ELSE false END AS user_flag
		FROM users,
		(
			SELECT count(members.*) AS count
			FROM members
				INNER JOIN member_roles mr ON mr.member_id = members.id
				INNER JOIN roles ON roles.id = mr.role_id
				
			WHERE 
				user_id = #{user_id}
				AND project_id = #{project_id}
				AND (roles.permissions like '%set_issues_private%' OR roles.permissions like '%set_own_issues_private%')
		)members
		WHERE id = #{user_id}
        ]]>
    </select>

    <select id="searchTcketForParent" resultType="java.util.Map" parameterType="java.util.Map">
        <![CDATA[
		SELECT 
		    issues.id,
		    trackers.name || ' #' || issues.id || ': ' || issues.subject AS label
		FROM 
		    issues
		LEFT OUTER JOIN projects ON projects.id = issues.project_id
		LEFT OUTER JOIN issue_statuses ON issue_statuses.id = issues.status_id
		LEFT OUTER JOIN trackers ON trackers.id = issues.tracker_id
		WHERE 
		    issues.project_id = #{project_id} 
		    AND (CAST(issues.id AS text)=#{search_keyword} OR LOWER(issues.subject) iLIKE '%${search_keyword}%')  
		    AND projects.status=1 
		    AND projects.id IN (
		        SELECT em.project_id
		        FROM enabled_modules em
		        WHERE em.name='issue_tracking')
		ORDER BY 
		    issues.created_on DESC
		LIMIT 10
        ]]>
    </select>
    
    <select id="searchExistTcketForParent" resultType="java.util.Map" parameterType="java.util.Map">
        <![CDATA[
		SELECT 
		    projects.id AS project_id
		FROM 
		    issues
		INNER JOIN projects ON projects.id = issues.project_id
		WHERE (CAST(issues.id AS text)=#{search_keyword} OR issues.subject = #{search_keyword})  
		    AND projects.status=1 
		    AND projects.id IN (
		        SELECT em.project_id
		        FROM enabled_modules em
		        WHERE em.name='issue_tracking')
		GROUP BY projects.id
        ]]>
    </select>

    <select id="getPhases" resultType="java.util.Map">
        <![CDATA[
        SELECT 
            * 
        FROM 
            phases
        ]]>
    </select>

    <select id="getTestPhases" resultType="java.util.Map">
        <![CDATA[
        SELECT 
            * 
        FROM 
            test_phases
        ]]>
    </select>

    <select id="getIssueStatuses" resultType="java.util.Map" parameterType="java.util.Map">
        <![CDATA[
        SELECT 
            *
        FROM 
            issue_statuses
        WHERE
            id IN
            (
                (SELECT 
                    id
                FROM 
                    issue_statuses
                WHERE 
                    is_default='t'
                ORDER BY
                    position
                LIMIT 1) 
                UNION ALL
                SELECT 
                    new_status_id AS id
                FROM 
                    workflows
                WHERE 
                    workflows.old_status_id = 
                        (SELECT 
                            id
                        FROM 
                            issue_statuses
                        WHERE 
                            is_default='t'
                        ORDER BY
                            position
                        LIMIT 1) 
                    AND workflows.role_id IN (
                        SELECT 
                            roles.id
                        FROM 
                            members
                        LEFT OUTER JOIN projects 
                            ON projects.id = members.project_id
                        LEFT OUTER JOIN member_roles 
                            ON members.id = member_roles.member_id
                        LEFT OUTER JOIN roles 
                            ON roles.id = member_roles.role_id
                        WHERE 
                            members.user_id = #{user_id} 
                            AND projects.status = 1 
                            AND projects.id = #{project_id}) 
                    AND workflows.tracker_id = #{tracker_id} 
                    AND workflows.assignee = 'f'
            )
        ORDER BY 
            position
        ]]>
    </select>

    <select id="getIssuePrioritys" resultType="java.util.Map">
        <![CDATA[
        SELECT 
            * 
        FROM 
            enumerations 
        WHERE 
            enumerations.type = 'IssuePriority'
        ORDER BY 
            enumerations.position
        ]]>
    </select>

    <select id="getVersions" resultType="java.util.Map" parameterType="java.util.Map">
        <![CDATA[
		SELECT 
		    versions.id
		    ,versions.name
		FROM 
		    versions
		LEFT OUTER JOIN projects 
		    ON projects.id = versions.project_id
		WHERE 
		    versions.status = 'open'
		    AND (
		    projects.id = #{project_id} 
		    OR (projects.status = 1 
		            AND (versions.sharing = 'system' 
		                OR (projects.id in (
		                        with recursive temp as (
		                         select id, parent_id
		                         from projects
		                         where id = #{project_id}
		                         union all
		                         select projects.id, projects.parent_id
		                         from temp, projects
		                         where projects.parent_id = temp.id
		                        )
		                        select id from temp
		                    )
		                    AND versions.sharing = 'tree') 
		                OR (projects.id in (
		                        with recursive temp as (
		                         select id, parent_id
		                         from projects
		                         where id = #{project_id}
		                         union all
		                         select projects.id, projects.parent_id
		                         from temp, projects
		                         where projects.id = temp.parent_id
		                        )
		                        select id from temp where id <> #{project_id}
		                    )
		                    AND versions.sharing IN ('hierarchy', 'descendants')) 
		                OR (projects.id in (
		                        with recursive temp as (
		                         select id, parent_id
		                         from projects
		                         where id = #{project_id}
		                         union all
		                         select projects.id, projects.parent_id
		                         from temp, projects
		                         where projects.parent_id = temp.id
		                        )
		                        select id from temp where id <> #{project_id}
		                    )
		                    AND versions.sharing = 'hierarchy')
		            )
		        )
		    )
        ]]>
    </select>

    <select id="getIssueCustomFields" resultType="co.jp.softbank.qqmx.dao.project.settings.bean.CustomFieldsBean" parameterType="java.util.Map">
        <![CDATA[
		SELECT 
		    *
		FROM
		    (SELECT 
		        custom_fields.*
		    FROM 
		        custom_fields
		    INNER JOIN 
		        custom_fields_projects ON custom_fields.id = custom_fields_projects.custom_field_id
		    INNER JOIN 
		        custom_fields_trackers ON custom_fields.id = custom_fields_trackers.custom_field_id
		    WHERE 
		        custom_fields_trackers.tracker_id = #{tracker_id} 
		        AND custom_fields_projects.project_id = #{project_id} 
		        AND custom_fields.type = 'IssueCustomField'
		    UNION ALL
		    SELECT 
		        custom_fields.*
		    FROM 
		        custom_fields
		    INNER JOIN 
		        custom_fields_trackers ON custom_fields.id = custom_fields_trackers.custom_field_id
		    WHERE 
		        custom_fields_trackers.tracker_id = #{tracker_id} 
		        AND is_for_all='t' 
		        AND custom_fields.type = 'IssueCustomField' 
		    )issue_custom_fields
		ORDER BY position
        ]]>
    </select>

    <insert id="insertIssueInfo" parameterType="java.util.Map" useGeneratedKeys="true" keyProperty="id">
        INSERT INTO issues(
            tracker_id, 
            project_id, 
            subject, 
            description, 
            due_date, 
            category_id, 
            status_id, 
            assigned_to_id, 
            priority_id, 
            fixed_version_id, 
            author_id, 
            lock_version, 
            created_on, 
            updated_on, 
            start_date, 
            done_ratio, 
            estimated_hours, 
            parent_id, 
            root_id, 
            lft, 
            rgt, 
            is_private, 
            "position", 
            remaining_hours, 
            story_points, 
            root_seq, 
            organization_cd
           )
    VALUES (
            #{tracker_id}, 
            #{project_id}, 
            #{subject}, 
            #{description}, 
            TO_DATE(#{due_date}, 'YYYY-MM-DD'), 
            #{category_id}, 
            #{status_id}, 
            #{assigned_to_id}, 
            #{priority_id}, 
            #{fixed_version_id}, 
            #{author_id}, 
            0, 
            now(), 
            now(), 
            TO_DATE(#{start_date}, 'YYYY-MM-DD'), 
            #{done_ratio}, 
            #{estimated_hours}, 
            #{parent_id}, 
            null, 
            1, 
            2, 
            #{is_private}, 
            null, 
            #{estimated_hours}, 
            null, 
            1, 
            ''
           )
    </insert>
    <select id="getMaxRootSeq" resultType="java.util.Map" parameterType="java.util.Map">
        <![CDATA[
        SELECT 
            MAX(root_seq) + 1 AS root_seq
        FROM 
            issues
        WHERE 
            project_id = #{project_id}
        ]]>
    </select>

    <update id="updateIssuesByIdAfterInsert" parameterType="java.util.Map">
        UPDATE issues
        SET
            <if test="root_id!=null">root_id = #{root_id}::int </if>
            <if test="lft!=null">,lft = #{lft}::int </if>
            <if test="rgt!=null">,rgt = #{rgt}::int </if>
            <if test="root_seq!=null">,root_seq = #{root_seq}::int </if>
        WHERE
            id = #{issue_id} 
    </update>

   <update id="updateAttachmentsByIdAfterInsert" parameterType="java.util.Map">
        UPDATE attachments
        SET
            container_id = #{issue_id},
            container_type = 'Issue',
            description = #{description}
        WHERE
            id = #{attachments_id} 
    </update>
    
    <insert id="insertIssueCustomValues" parameterType="java.util.HashMap">
        INSERT INTO custom_values(
            customized_id, 
            customized_type, 
            custom_field_id, 
            value
        )
        VALUES 
        <foreach collection="customValues" item="info" open="" separator="," close="">
            (
                #{info.customized_id}, 
                'Issue', 
                #{info.custom_field_id},
                #{info.value}
            )
        </foreach>
    </insert>

    <insert id="insertWatchers" parameterType="java.util.Map">
        INSERT INTO watchers(
            watchable_type, 
            watchable_id, 
            user_id
           )
    VALUES (
            #{watchable_type}, 
            #{watchable_id}, 
            #{user_id}
           )
    </insert>




	
	<select id="getCustomFieldsBeans" resultType="co.jp.softbank.qqmx.dao.project.settings.bean.CustomFieldsBean">
		<![CDATA[
		SELECT 
			* 
		FROM 
			custom_fields 
		WHERE (
			type = 'ProjectCustomField'
		)  
		ORDER BY 
			position
		]]>
	</select>
	
	<select id="getSettings" resultType="java.util.Map">
		<![CDATA[
		SELECT 
			* 
		FROM 
			settings 
		WHERE (
			name = 'default_projects_modules'
		)  
		LIMIT 1
  		]]>
	</select>
	
	<select id="getIssuesCustomFields" resultType="java.util.Map">
		<![CDATA[
		SELECT 
			id,
			is_for_all,
			name
		FROM 
			custom_fields 
		WHERE
			type = 'IssueCustomField'
		ORDER BY 
			custom_fields.position
  		]]>
	</select>
	
	<select id="checkProjectIdentifierExist" resultType="java.util.Map" parameterType="java.util.Map">
		<![CDATA[
		SELECT 
			id 
		FROM 
			projects
		WHERE 
			identifier = #{project_identifier}
		LIMIT 1
  		]]>
	</select>
	
	<select id="checkProjectNameExist" resultType="java.util.Map" parameterType="java.util.Map">
		<![CDATA[
		SELECT 
			id 
		FROM 
			projects
		WHERE 
			name = #{project_name}
		LIMIT 1
  		]]>
	</select>
	

	
	<insert id="insertEnabledModulesInfos" parameterType="java.util.HashMap">
		INSERT INTO enabled_modules(
			name, 
			project_id
		)
    	VALUES 
	    <foreach collection="enabledModulesInfos" item="info" open="" separator="," close="">
			(
				#{info.name}, 
				#{info.project_id}
			)
		</foreach>
	</insert>
	
	<insert id="insertWikisInfos" parameterType="java.util.HashMap">
		INSERT INTO wikis (
			project_id, 
			start_page
		) 
		VALUES(
			#{project_id}, 
			#{start_page}
		)
	</insert>
	
	<insert id="insertProjectsTrackersInfos" parameterType="java.util.HashMap">
		INSERT INTO projects_trackers(
			project_id, 
			tracker_id
		)
    	VALUES 
	    <foreach collection="projectsTrackers" item="info" open="" separator="," close="">
			(
				#{info.project_id}, 
				#{info.tracker_id}
			)
		</foreach>
	</insert>
	
	<insert id="insertProjectsCustomFields" parameterType="java.util.HashMap">
		INSERT INTO custom_fields_projects(
			project_id, 
			custom_field_id
		)
    	VALUES 
	    <foreach collection="customFields" item="info" open="" separator="," close="">
			(
				#{info.project_id}, 
				#{info.custom_field_id}
			)
		</foreach>
	</insert>
	

</mapper>