<?xml version="1.0" encoding="UTF-8" ?>
<!DOCTYPE mapper PUBLIC "-//mybatis.org//DTD Mapper 3.0//EN" "http://mybatis.org/dtd/mybatis-3-mapper.dtd" >
<mapper namespace="ticketList">
	
	<select id="getSettings" resultType="java.util.Map">
		SELECT 
			value
		FROM 
			settings t1
		WHERE 
			t1.name = 'issue_list_default_columns'
	</select>
	
	<select id="getIssueDoneRatioType" resultType="java.util.Map">
		SELECT 
			value
		FROM 
			settings t1
		WHERE 
			t1.name = 'issue_done_ratio'
	</select>
	
	<select id="getTrackerInfo" resultType="java.util.Map" parameterType="java.util.Map">
		SELECT 
			t1.id, 
			t1.name
		FROM 
			trackers t1,
			projects_trackers t2
		WHERE 
			t2.tracker_id = t1.id
		AND 
			t2.project_id = #{project_id}
		ORDER BY 
			t1.position
	</select>
	
	<select id="getProjectInfosForUser" resultType="java.util.Map" parameterType="java.util.Map">
	<![CDATA[
		SELECT 
			* 
		FROM 
			projects 
		LEFT JOIN 
			custom_values
		ON 
			projects.id = custom_values.customized_id
		AND 
			custom_values.customized_type = 'Project'
		AND 
			custom_field_id = 2036
		INNER JOIN 
			issue_update_timestamp
		ON 
			projects.id = issue_update_timestamp.project_id
		AND 
			(NOW() - INTERVAL '3 month') < issue_update_timestamp.updated_on
		WHERE 
			projects.id IN (
			SELECT 
				DISTINCT project_id 
			FROM 
				issues 
			WHERE 
				assigned_to_id = #{user_id}
		)
		AND 
			COALESCE(
	            custom_values.value, 
	            ''
	        ) <> '完了'
		ORDER BY 
			projects.lft
	]]>
	</select>
	
	<select id="getProjectInfos" resultType="java.util.Map" parameterType="java.util.Map">
		WITH RECURSIVE 
		apup AS ( 
			SELECT 
				h1.id , 
				TO_CHAR( 
					COALESCE( 
						h1.lft, 
						0 
					), 
					'0000' 
				) || 
				TO_CHAR( 
					h1.id, 
					'0000000000' 
				) AS path, 
				'p' ||
				LTRIM( 
					TO_CHAR( 
						h1.id, 
						'9999999999' 
					) 
				) AS parentId 
			FROM 
				projects h1 
			WHERE 
				h1.id = #{project_id} 
		
			UNION ALL 
		
			SELECT 
				h2.id , 
				c.path 
				|| 
				TO_CHAR( 
					COALESCE( 
						h2.lft, 
						0 
					), 
					'0000' 
				) || 
				TO_CHAR( 
					h2.id, 
					'0000000000' 
				) AS path, 
				c.parentId || ' ' || 'p' ||
				LTRIM( 
					TO_CHAR( 
						h2.id, 
						'9999999999' 
					) 
				) AS parentId 
			FROM 
				projects h2 
			INNER JOIN apup c 
			ON 
				c.id = h2.parent_id 
		)

		SELECT 
			apup.parentId AS "floorId", 
			projects.id,
			projects.parent_id,
			projects.name
		FROM 
			apup 
		INNER JOIN 
			projects 
		ON 
			apup.id = projects.id 
		WHERE
			projects.status = 1     
            AND 
             projects.id IN (
                SELECT 
                    em.project_id 
                FROM 
                    enabled_modules em 
                WHERE 
                    em.name='issue_tracking'
            ) 
		ORDER BY 
			apup.path
	</select>
	
</mapper>